0,8229.850604433695
1,97924.90514703348
2,85896.61319912266
3,45347.90501578011
4,38680.404364109425
5,8201.364824351951
6,65486.031850573934
7,62471.76295746734
8,28116.563853043386
9,26017.48262802269
10,88706.63039691975
11,101147.35645335536
12,51022.418691272745
13,28558.980964474933
14,49935.14798026666
15,40692.457102251115
16,63659.73140315112
17,46521.167844774944
18,58571.39479659878
19,58773.17914326568
20,76581.91500205325
21,27212.71967911041
22,41197.10248266585
23,30791.553272060486
24,26009.325189446467
25,23333.47474809185
26,38782.67028678406
27,87169.3284498635
28,16189.811348683088
29,24319.634034799063
30,67850.19998531655
31,30626.185270119702
32,51721.2952916697
33,250008.47673353524
34,64654.69046203375
35,68969.40462547213
36,12611.031254713173
37,42373.42135089767
38,99849.62591412518
39,74741.18017291315
40,240555.0850625009
41,26985.071989674107
42,90815.59465316556
43,141295.3835315037
44,6875.541912244178
45,38724.32116023008
46,78832.10724031681
47,65248.28855813127
48,41832.48415434563
49,21503.36381813254
50,23973.195106519677
51,34445.58980141639
52,30594.262321464783
53,76284.792202107
54,30868.218729378015
55,30812.05221974724
56,46144.792882867136
57,83242.31359208854
58,63024.64127956916
59,117864.9083883134
60,42455.9561207752
61,62039.34250586932
62,28697.073158314393
63,63527.99102517514
64,54355.6107189537
65,22048.14575883939
66,44908.798453155054
67,24351.318701869077
68,49715.179316053254
69,27590.845289135355
70,45112.451182196484
71,43562.48921546005
72,66753.6722299524
73,49694.535996935796
74,1016.9644027451211
75,160637.40318442966
76,95886.80262960686
77,66444.35012946269
78,66531.09583781488
79,131464.5113581063
80,66127.71785914393
81,129706.65781160102
82,32593.03418601623
83,38991.77481013341
84,24496.382067059683
85,26031.44879841547
86,134204.55132968916
87,15280.695919950715
88,86018.35069114568
89,6239.775579346633
90,48036.82675877519
91,33343.74568241555
92,54382.173022177296
93,33784.55975722683
94,35411.02378678751
95,60287.21069029431
96,42878.58529602359
97,20801.702076567322
98,15947.913867250381
99,225706.1715428544
100,206860.8108613156
101,160795.76724396605
102,49529.6869438043
103,16690.196534294555
104,29623.150720549354
105,179861.68576209867
106,63506.27879139804
107,35144.39109487696
108,154999.36650547772
109,109205.09969200472
110,66614.57395378669
111,47566.31044391741
112,28699.384411776842
113,40957.03733333073
114,51972.874214880765
115,5358.77900419449
116,71494.81144197968
117,55668.54902896508
118,50864.06691325412
119,27466.853561876796
120,42301.0041486125
121,41353.55036798548
122,63479.492152717736
123,39500.38972706163
124,10337.405416344545
125,41356.42024781763
126,50445.49121239083
127,60246.12212711619
128,77169.71324915967
129,154448.52215863022
130,50622.26533565833
131,53037.98474857841
132,12918.60196687952
133,115870.37148638027
134,22463.20659913426
135,37982.299100278935
136,164335.99461053454
137,211595.62462367342
138,196955.41581671333
139,39095.05505346438
140,14892.11412359352
141,50700.57749520215
142,32231.108780896313
143,5169.070713887798
144,143820.4671470532
145,6318.114401802333
146,151869.2664618771
147,42647.74947604811
148,2597.807117450444
149,8122.5073696486725
150,123280.60344121573
151,144474.031462957
152,45289.9736560197
153,21210.513276472706
154,53147.12949283851
155,46084.373425385165
156,43801.57674738922
157,51916.153149504
158,6275.430058246336
159,16950.953430369307
160,275692.63946497167
161,90795.56255013707
162,47580.60088291113
163,7489.719999349762
164,51120.37153029419
165,69494.88803074407
166,12524.106421857627
167,78563.52607808933
168,44472.96963265549
169,56315.689186867945
170,150166.09746809627
171,105526.59226350026
172,164963.91960410454
173,117929.82438801785
174,175463.86684683073
175,11970.33075339957
176,88641.2041658626
177,28530.778715274977
178,3068.5252748265643
179,106038.85839986084
180,81679.10417438373
181,10979.403052576145
182,25792.411787965106
183,9221.406604645075
184,76363.10381606496
185,20882.6253181911
186,18752.227751205246
187,80082.0323005103
188,34759.487272373924
189,37900.51949567977
190,59307.03157094494
191,3277.1516906022475
192,119109.37972695814
193,111011.6310508112
194,171944.19128561643
195,47353.08894981931
196,57843.894485181634
197,18789.12524800384
198,40977.146727063206
199,145623.746182435
200,53820.12828142402
201,1519.193798086831
202,40100.3220162024
203,77805.9660912262
204,11888.618861663792
205,6114.1399875418665
206,33070.99617253499
207,87429.31580058926
208,10200.14539476835
209,14730.546200375324
210,64401.46937135953
211,52248.18287361348
212,56123.895076104636
213,6743.3072479064695
214,8542.481295819689
215,60585.82981437869
216,35607.61383775479
217,116539.2655453477
218,37998.9498639282
219,118681.45948843335
220,14145.028397323964
221,58167.8984904439
222,36127.17066725882
223,44860.90241493709
224,36703.74215817059
225,58611.41664065258
226,71729.72457755645
227,55072.526081508346
228,117801.59932414774
229,60237.55752660845
230,96177.19200575326
231,12912.79118207367
232,42579.546997903155
233,2916.0088331304246
234,54317.98825187659
235,51313.40452230695
236,49691.74593789155
237,38134.68678055401
238,24533.581551478936
239,36719.5688758141
240,87385.31409391407
241,69672.95698644775
242,12439.6421828215
243,95392.2702946924
244,33401.27229801532
245,56823.41466123515
246,51550.11212225056
247,40947.865156533924
248,41076.55984604408
249,61546.11877317459
250,45861.708555981524
251,192403.24588493153
252,201148.174581367
253,50591.53462266913
254,39822.82199596947
255,47633.670887614964
256,109077.89355687072
257,58574.174931650785
258,35726.555658726684
259,42750.64534640931
260,4572.737912051058
261,43913.64887931202
262,96019.52922766792
263,35654.04898737237
264,47998.54701913183
265,32995.59798821336
266,24364.934371728938
267,104752.20942509171
268,51236.51265409298
269,56977.11120984601
270,34431.74186552496
271,58064.48164522951
272,37546.36753437641
273,204308.69653506373
274,27147.395450007436
275,62962.60112320022
276,66068.37526267818
277,22354.563609161396
278,77931.80056037512
279,49598.77177828435
280,48438.71670746497
281,26900.304777259367
282,10377.630435723417
283,63095.4516652888
284,68547.18259857202
285,170581.37351272476
286,4146.038797961887
287,4320.096583125849
288,61252.93955465659
289,36270.23432871609
290,55033.874060653354
291,97889.77756145835
292,2860.6355076712334
293,33735.654411289004
294,91631.05236799426
295,108631.76233466802
296,78912.97884397965
297,49570.67329685393
298,4694.806370647008
299,93481.7949077504
300,4719.9272367831045
301,70987.02371833845
302,82383.36262524169
303,46690.33381501966
304,5623.6533612735575
305,8526.199476976024
306,69122.66719838709
307,95237.9048557692
308,125781.66521939098
309,64566.794119079386
310,45220.090602165365
311,43161.430461071584
312,46205.403862598614
313,31016.20766522252
314,45068.20028833022
315,51972.62023211439
316,44569.165487812206
317,40111.01171884043
318,35751.8984672851
319,27346.37424882836
320,35977.950556640964
321,46755.80259205642
322,129136.01074766954
323,78124.83918699817
324,225329.49468534897
325,94792.11606010648
326,41133.82272962974
327,5030.860753874903
328,37996.87972374033
329,43575.700477291735
330,13793.217650440249
331,20401.617413973403
332,36993.35530259814
333,4541.029836263572
334,140901.55221623994
335,23366.937581501883
336,96173.20952598107
337,83406.87368479455
338,24765.80024503269
339,10428.940725041339
340,59412.512004827564
341,10024.476113323979
342,86288.97397557247
343,49533.11647290608
344,16551.94555399571
345,75835.55503941872
346,112656.31334491569
347,35518.49547196308
348,7737.736257438374
349,20172.18769681909
350,29451.620856489226
351,238035.6579201744
352,35183.44240073157
353,52396.38432677062
354,27869.37870230908
355,60091.38610322626
356,157407.97701703233
357,8751.40028504497
358,8431.562203327789
359,52983.073333200744
360,43617.20118129907
361,88461.39728941474
362,7401.650015248511
363,53478.553265901064
364,17953.01266743254
365,15403.363312707625
366,47213.33731865387
367,23267.09292909361
368,148399.13459831785
369,11686.522022816122
370,42577.06358011515
371,47219.908614704174
372,53112.138859769766
373,30570.682362773292
374,101227.55814477833
375,40303.08900067452
376,56218.65813969191
377,121375.54825718635
378,165192.91214387564
379,49761.03882537278
380,46748.81442013716
381,32581.15418659894
382,73217.82314160082
383,4809.215692194061
384,155879.13347269385
385,14716.2381855617
386,9071.920733884297
387,77454.75010978595
388,52960.578300697714
389,6782.467661446734
390,28281.371614924734
391,64711.077677718495
392,93362.43332518726
393,7437.006534590559
394,87062.92528274802
395,72512.47227056534
396,7216.005544665117
397,118261.86230627059
398,4536.559339132255
399,58310.005604572536
400,37136.58757389267
401,52061.16862351535
402,15751.639777978055
403,42709.85347035948
404,60704.40682836169
405,68278.67762027515
406,21779.638752977997
407,48892.75545973537
408,204572.85953810572
409,58686.54249958023
410,26775.32745855061
411,39093.77651509776
412,55501.912835843665
413,187455.71424309295
414,5090.383324764111
415,16264.327983477866
416,33450.39202081309
417,58591.26431810334
418,124163.59224777258
419,40331.870341521135
420,67407.56587443249
421,93117.88865144335
422,51348.70082261115
423,33700.87163914893
424,36569.15497900444
425,31336.523113076702
426,63654.099514684145
427,42018.06090040145
428,64356.316623759456
429,28338.489921720946
430,26110.192582303
431,23517.689556088102
432,237162.18813295616
433,123878.45060320392
434,39094.82719065169
435,20886.488300171557
436,121904.70655193838
437,50433.72880117306
438,109074.9330700817
439,12623.471504401366
440,4292.004337222643
441,76275.6882685594
442,9542.51637826308
443,84536.74188991109
444,71957.19336550454
445,40293.39464539919
446,46074.63126760925
447,53607.957231449
448,2914.147332838937
449,29620.35146366028
450,34758.33252873429
451,17334.803941060552
452,103717.31568830229
453,199639.67519383185
454,41664.69070564231
455,111071.48014993906
456,1428.7455514335506
457,111891.27723501045
458,138622.58953350672
459,9536.588132537947
460,176374.34000492454
461,71296.14091433972
462,155809.8114125267
463,112353.19835649441
464,11641.473793266709
465,3521.952307013056
466,119428.52533442707
467,53338.33982909861
468,7062.584364467599
469,6605.113265357432
470,61679.6220755865
471,45478.145183547014
472,61929.70802135901
473,3990.2063955182957
474,75078.01187660605
475,61742.48393548926
476,59030.25344757747
477,47646.535510235735
478,44087.95431291875
479,220324.09698492204
480,37234.96493109025
481,56133.125139273696
482,15377.50954867988
483,60769.30270777613
484,121782.35141093316
485,5856.223026331485
486,6991.559868374591
487,44847.106338234116
488,62231.87358117826
489,53088.43804036735
490,137422.08035966055
491,70040.25381655802
492,44994.81051474896
493,113554.54119913597
494,25379.594482776873
495,169980.69729671945
496,5030.917419337448
497,19218.4296511368
498,276436.7503160726
499,13528.106887809836
500,25579.324924908924
501,2113.7976630070525
502,28885.308568054366
503,58790.73177124897
504,30224.707384601224
505,67981.40048929768
506,13256.475301607356
507,132134.23385837753
508,36581.9560120839
509,45770.42406995307
510,58524.10367885879
511,42865.28733232445
512,15570.880003039587
513,29343.570959753833
514,45942.25615934326
515,48070.082976703176
516,96695.93748256771
517,58256.90480429729
518,60523.11832595136
519,196040.06387879048
520,49784.05457781067
521,4775.493652601122
522,151904.75888433066
523,8933.814432613857
524,89635.82728965451
525,52389.08132303533
526,75390.5326002933
527,34560.92636025857
528,32478.22361240943
529,5632.258770227058
530,113486.98227511559
531,2933.0113292225524
532,61189.27568168209
533,90115.76738027627
534,26921.321760539955
535,201187.50412224262
536,60010.40336817411
537,136108.23604007775
538,46364.338609794344
539,56493.96652499351
540,19919.443669120807
541,3334.360755447622
542,30763.953158953846
543,148447.94390199875
544,43309.48622151998
545,20593.125463948036
546,58835.57277439287
547,37085.27480840707
548,110345.04233254197
549,36242.08721414177
550,30010.77683470156
551,51119.92156183915
552,63804.75474919751
553,36074.02924818521
554,3895.081019619887
555,97493.23342881624
556,6166.357506233699
557,58046.55455916105
558,90355.16031624358
559,108976.26803576581
560,122075.77545502523
561,14058.592693438315
562,29561.54408660175
563,60135.0997988357
564,148525.8381185588
565,74473.56432660922
566,74757.26421110064
567,42029.81995023754
568,46044.135178116674
569,87881.65884245248
570,43939.82840600393
571,47437.87545556487
572,37994.07198996241
573,6935.051123479379
574,46420.253654475644
575,47847.67474695351
576,53340.172636248615
577,8302.15762125602
578,126438.28992788334
579,60599.33243042834
580,73620.30448115704
581,45934.30197358115
582,162712.7597827942
583,48792.034843962756
584,7048.523061827649
585,137061.09317350484
586,102845.97287750317
587,197473.20891522279
588,61146.14607038137
589,41918.19626928111
590,152889.38713957905
591,33294.798799945456
592,169302.17123088412
593,24781.45587709755
594,18848.48433924297
595,67289.39445539018
596,8518.936113067144
597,30782.65090286163
598,34607.63878686104
599,52703.99584791998
600,171601.11375631136
601,67134.08787026863
602,145157.8774345709
603,46224.69832515134
604,51311.29262602391
605,37986.5487320963
606,81570.89290395599
607,30025.896866769413
608,117716.52316305073
609,35462.70767773678
610,63651.18839910551
611,16190.135836050744
612,158909.1413230503
613,90552.41921414275
614,99631.34951116484
615,19144.567385865477
616,76450.73601726901
617,162791.51654035822
618,127883.7493961456
619,208576.2406608078
620,162577.72669853744
621,43403.68136262327
622,6612.53463451631
623,42011.51451009549
624,25271.66024191525
625,9079.437167892453
626,41525.2859488755
627,9305.769513001414
628,78502.13329771395
629,37748.5733237676
630,48318.680167710285
631,13085.866236761585
632,60179.79860196193
633,99169.95112916928
634,29016.681534366046
635,45053.488202766486
636,19013.59129999233
637,37664.926944668936
638,18572.139354492785
639,21274.538134814717
640,9695.205185555835
641,16657.162683813647
642,10107.765844122649
643,104195.8093577573
644,17853.568083755414
645,99559.4746924591
646,182413.8826171751
647,119303.89787665427
648,41959.51982780673
649,46218.6879729455
650,3478.1535716608632
651,48391.76002711329
652,117990.65242646483
653,59563.032373162234
654,6168.108488312523
655,45962.87632532325
656,47962.976440245446
657,12441.152248205262
658,45046.309060590145
659,22242.347473621416
660,30278.31371256375
661,51984.11048118948
662,49545.236883063444
663,157388.55240247457
664,33956.35309688123
665,53486.11407273602
666,37974.5665863069
667,43878.141958735774
668,40244.69719369753
669,6672.6782725398725
670,195230.50456915668
671,105005.15554659619
672,37124.4850984423
673,41909.96088308213
674,144338.66262091132
675,40136.23851539838
676,3708.0375894564727
677,60262.98857199961
678,30329.260343983624
679,81744.1736228445
680,99142.224634581
681,58771.38502711412
682,33048.174690705135
683,17726.384766074105
684,26285.39864823411
685,85547.9510368208
686,47817.11920686577
687,46882.23721247787
688,47696.87949314362
689,5230.100771334333
690,38095.99646744025
691,66234.09367652866
692,78121.56037489767
693,37586.56443823276
694,203661.054509277
695,30654.67684567463
696,88064.04530499426
697,152718.22630040313
698,24976.170801099823
699,42812.1129717482
700,4945.6722365454925
701,46563.76675846912
702,4562.156443937108
703,50935.36678860747
704,26803.91129679599
705,97268.77921593675
706,198699.19107989667
707,122690.61939373938
708,24369.79052804045
709,41961.526345386126
710,16139.704958834742
711,62098.88945632842
712,55444.853736725636
713,79660.00242802012
714,93584.22793343308
715,37460.680490823404
716,48464.32746609177
717,101899.99891409963
718,3976.496459741295
719,58906.695904284104
720,40438.98483195774
721,34645.28018142892
722,57962.766651696715
723,16160.462576703843
724,18231.849246981594
725,47576.35543816835
726,44313.60460218287
727,37484.87746252749
728,33931.50706792731
729,34017.49829530419
730,57369.195873286975
731,136444.78820586673
732,103489.63275286608
733,14148.566446191297
734,27602.416996323343
735,60542.68069941478
736,154576.43022734168
737,45423.161980548975
738,38127.297424299584
739,117987.48218691569
740,61879.41170815591
741,1606.1615626027547
742,41059.49610313483
743,91134.36581551847
744,68001.97332515752
745,5354.630997978714
746,27840.082610148373
747,65170.74918782081
748,9959.836361907977
749,73658.47500559721
750,1937.773381486591
751,40938.44027163127
752,45116.78194916954
753,60159.0199591077
754,35673.03597602498
755,14130.423478968747
756,52577.52806141533
757,233087.71629300027
758,12800.01386629449
759,46288.39361792247
760,32366.03252575975
761,3568.474048770216
762,117996.97696526161
763,2680.947244789052
764,49855.18066672225
765,127614.3514498986
766,51117.902695016426
767,3655.4884065199476
768,71282.61176749379
769,15105.439762883292
770,169099.13280134174
771,50327.706841203406
772,35326.22240765133
773,47157.95000635267
774,19351.514226971216
775,61110.13294626501
776,65540.65138732296
777,19860.821723314355
778,67303.70626805638
779,44674.129249896476
780,50728.66920488506
781,63361.5348875113
782,240897.6612472883
783,12062.938493776508
784,85728.7719880888
785,8933.06187113198
786,47487.29808130907
787,73324.04855632446
788,48875.159479412454
789,22148.65169693167
790,47410.59849093362
791,88756.37228403009
792,37498.171291272665
793,62575.05653132021
794,7740.28514723471
795,19364.56703553469
796,25708.412262546684
797,220523.61694350222
798,112409.20426795076
799,97450.35719142828
800,33768.28710396185
801,61954.63833578299
802,40104.46740187772
803,96502.28687968936
804,19665.97425236199
805,2934.4705133847465
806,9434.06592514775
807,6318.747326784931
808,43528.607428048956
809,48268.73197105846
810,56452.0689056213
811,127432.00607377097
812,61167.204199747066
813,66530.9022516814
814,123186.29494349725
815,11148.970860464244
816,237997.17621014235
817,56863.63683544413
818,22702.266473720683
819,68987.95065833822
820,63539.46702797204
821,38839.503650079445
822,85859.30925809279
823,60334.33250468479
824,5082.90795240563
825,89503.7114548202
826,51381.71726317681
827,13448.085510699873
828,88781.99159007308
829,51508.857068194324
830,4097.868706694766
831,28244.08657402725
832,40492.75428497444
833,38635.29590638284
834,3142.0436276038563
835,93963.12581626402
836,68802.71776716827
837,1756.4075559134053
838,24368.22889793035
839,33964.38267944715
840,49155.13759965052
841,5728.437057157467
842,35847.67632276908
843,179104.005628893
844,31239.049328383055
845,4470.499198787894
846,57923.60855069246
847,252711.29386025266
848,42742.40820091974
849,32557.615862446906
850,99516.67017407379
851,22527.948702841102
852,72388.2551196532
853,64900.231585502035
854,61742.22296938682
855,10383.484041280775
856,44983.40685471679
857,44456.84808432472
858,106274.08560036831
859,58506.41839893572
860,71481.23999545364
861,29070.63545650502
862,71267.21503607115
863,42819.11768216717
864,104985.65049748903
865,48261.66546922091
866,148852.47287738408
867,95175.4202566079
868,76306.7878360936
869,58585.78435944139
870,23372.105348501656
871,50613.90468912319
872,37759.59731210729
873,9232.050719917304
874,5264.309954891196
875,180964.71517603056
876,11078.754301028086
877,48168.41899787024
878,29902.545284351196
879,35901.702018222066
880,75870.40880916885
881,30794.91213287993
882,48329.59334051909
883,29068.346963679058
884,48070.99320902535
885,60868.50138457639
886,70964.64788490013
887,4621.2843424786415
888,50125.18652987646
889,29402.7629005073
890,65298.65865138868
891,175111.42599736087
892,23909.376665252305
893,5536.931209172195
894,70680.09313548477
895,36329.206588268506
896,44127.86424607765
897,61721.20431223148
898,16719.89772712684
899,38509.54424841853
900,91456.31939665877
901,1158.5183587898475
902,2588.819378352955
903,9796.663088996072
904,225307.18905671712
905,9178.571761648744
906,218328.85400638854
907,33592.28448171213
908,62570.94063836282
909,41202.577495683705
910,55675.28964163857
911,45532.65169740447
912,20861.72566104221
913,29288.740401700725
914,79699.30283161894
915,18573.297296007026
916,18596.440205893952
917,11237.987701245525
918,11421.119772738673
919,10455.872682416075
920,30694.302747192134
921,67415.62560280818
922,57010.10147837557
923,76723.08637430464
924,200981.4079207122
925,151198.31768095822
926,67136.53907755163
927,6303.151538645792
928,143170.36743321325
929,42022.897301400924
930,144959.66699070905
931,41549.39408232004
932,131320.823132641
933,45986.553910144146
934,33949.607453223114
935,112975.53576563843
936,30977.231283586694
937,46004.70973248975
938,43313.518704314956
939,3276.4131782010286
940,38434.73395080299
941,2314.6281242207183
942,38977.81635327866
943,24865.43329646226
944,100572.7383319334
945,166367.4248773013
946,2863.6938838584933
947,162703.64972627824
948,42893.54624436732
949,29920.459374439804
950,12466.950627176293
951,46289.631331714576
952,52383.334410293304
953,76311.87447309682
954,12839.166563073302
955,64021.301682372956
956,18102.334187470893
957,83596.89364283727
958,51918.94837168612
959,132636.8505390417
960,48007.16504389646
961,70029.13668397364
962,42327.47626447928
963,77691.97290908056
964,141589.75884783623
965,38110.37930739899
966,43298.64349774756
967,51085.90557978652
968,81004.55304551615
969,20910.443830154567
970,84489.90033507028
971,52442.25365562209
972,49398.782682127436
973,57435.23748890049
974,32494.858456657625
975,154438.23755916086
976,58621.574633448625
977,17843.12277917351
978,4930.709458706663
979,57187.05389927018
980,27843.118647894345
981,163516.49268932216
982,44727.90651472219
983,72256.89740963912
984,129848.94125296836
985,24406.59071628455
986,39579.80691185064
987,60816.86361140521
988,84812.40229237976
989,16583.319121435878
990,84937.40556013762
991,14611.445353948422
992,138298.2794861136
993,39836.367828774884
994,51204.21725468042
995,175054.23350277287
996,89135.10445035763
997,27400.90840514264
998,43939.30815459101
999,95089.89979251851
1000,241599.05846584655
1001,207584.29965807963
1002,147025.8734002887
1003,53743.5500147153
1004,67122.11379017378
1005,49984.578665384266
1006,138481.26433178416
1007,51572.47562045901
1008,8029.868736084289
1009,36056.767165830344
1010,11566.239661350743
1011,8105.9571229753565
1012,72936.86977934753
1013,2713.8156372599697
1014,83191.61931434671
1015,159907.38528842255
1016,110175.27183613896
1017,77979.07868717339
1018,61088.9237907007
1019,59649.768061432536
1020,14416.95987541258
1021,56907.85809431285
1022,55889.65589140377
1023,11638.3733658004
1024,62814.31906777163
1025,100293.76919639629
1026,28286.91118519538
1027,57246.87520742363
1028,68811.47252394083
1029,254402.79623417027
1030,70012.10099934615
1031,4349.087059955873
1032,1660.883485462062
1033,9204.199281353225
1034,50487.92874088935
1035,34636.40357536016
1036,19467.67870801907
1037,175702.41972859466
1038,52208.0184313143
1039,1379.3149283502216
1040,98140.0797344889
1041,17215.963273415284
1042,59014.58096592288
1043,172433.19791532456
1044,50312.748696564944
1045,130966.41794862552
1046,7876.380791208218
1047,213728.15556957672
1048,63392.13822334132
1049,34580.09521756046
1050,23628.16636836287
1051,30229.81980086953
1052,185074.5566377791
1053,53929.142258747765
1054,51373.104730203944
1055,86664.20478326862
1056,29660.631546997025
1057,7812.3370642283135
1058,132096.13083412166
1059,58225.633046282055
1060,64531.219593254726
1061,46280.447933596784
1062,43810.59133804578
1063,44336.53716485396
1064,35566.158008378916
1065,92501.8170091137
1066,26411.007731467307
1067,9341.686508651468
1068,95282.4401861841
1069,30699.41409903976
1070,43804.56912701171
1071,37878.25672298826
1072,106317.59393101117
1073,29503.78393914417
1074,18739.388587673533
1075,66427.9263705611
1076,4783.497739577922
1077,142028.82021612074
1078,211575.89654199936
1079,68267.31353908019
1080,3413.147936956396
1081,1542.0240745533738
1082,43326.23622804541
1083,31383.546848641476
1084,83794.49080784844
1085,24873.290117755674
1086,29153.713126022496
1087,59715.5212918683
1088,34519.75919658823
1089,24029.200708126104
1090,25031.728141959575
1091,57419.69372203407
1092,50519.77468533245
1093,53161.97406610873
1094,10780.459305745613
1095,37870.20830937716
1096,61123.34517747008
1097,107418.41026943368
1098,52368.31375505623
1099,112737.38407987126
1100,40704.4836414085
1101,79735.13358042484
1102,1821.7454845672246
1103,52531.11085435931
1104,66502.04585533841
1105,134833.24223992444
1106,226286.52426223675
1107,38807.38081755427
1108,121044.72413898227
1109,13377.47292852837
1110,43435.45728033147
1111,13824.063195359602
1112,108530.53913143651
1113,61345.92498394446
1114,41162.98418526643
1115,89433.97310274029
1116,64104.56599660069
1117,81899.76382044092
1118,36833.56634991442
1119,56276.1660861848
1120,25929.795297058627
1121,120045.35127342989
1122,42236.6045941441
1123,116760.61954632528
1124,3393.1677276428272
1125,59341.430881847715
1126,3421.7204615463056
1127,62930.72844264463
1128,41382.99603201358
1129,159151.12290880916
1130,114163.48150977743
1131,42802.46897697143
1132,63982.55372635029
1133,113132.31418417791
1134,6982.721356028715
1135,13300.680298601937
1136,39676.8238610776
1137,67460.7470865027
1138,63785.1426386306
1139,7300.218019142406
1140,62609.66222005805
1141,5860.048663749052
1142,55059.886669588624
1143,45993.35505525755
1144,71533.42881685625
1145,85731.38408639736
1146,71115.34049362766
1147,68634.7117978636
1148,46061.174911193164
1149,33935.09384701341
1150,38368.239504011064
1151,3507.442608267798
1152,38963.14698278954
1153,118943.85176361138
1154,13223.64100763417
1155,160872.67662893835
1156,43708.327996518725
1157,101464.87516942654
1158,98941.06426970796
1159,2599.0612478486573
1160,33862.74713813201
1161,87909.6326836836
1162,254919.02332903113
1163,45815.06325387818
1164,51749.8630370285
1165,47900.31950997103
1166,82578.17824394254
1167,195080.72126570097
1168,31864.668968960483
1169,219158.96882261318
1170,27689.22462823682
1171,125443.34120272538
1172,70240.74635327916
1173,45495.95362720267
1174,6383.377978724716
1175,237519.0954664541
1176,12220.029269088063
1177,11282.76890741198
1178,31933.47988217854
1179,48420.14446015124
1180,91783.79109045897
1181,32682.489113660173
1182,38095.786982473524
1183,47398.16908408877
1184,47660.280865734516
1185,54163.11902006062
1186,82487.88251572974
1187,37445.32317929439
1188,25353.57401339649
1189,64816.086616056746
1190,44289.80301966151
1191,34204.17962557968
1192,72749.2675001655
1193,88585.67277451935
1194,48144.16879392273
1195,43596.17828893732
1196,62167.58155436267
1197,49129.209596422654
1198,43186.122095632796
1199,33375.168672856234
1200,1996.0073394785654
1201,17788.36531575456
1202,66470.2397314106
1203,6758.014845167325
1204,83739.11070671339
1205,50693.96922728023
1206,8615.979631117045
1207,64194.28251491032
1208,45499.04012402148
1209,72586.082451807
1210,7274.119041138298
1211,45665.6534937253
1212,2595.866836502571
1213,23510.092845091036
1214,61717.272583667174
1215,50507.1761562253
1216,52004.695425817976
1217,42674.80800740718
1218,65932.84460472889
1219,99892.43659627315
1220,54481.679523907114
1221,36722.30314018782
1222,74114.37813852112
1223,39369.76049936917
1224,30288.255382739135
1225,93323.99452483041
1226,39081.527437980454
1227,208837.8077192334
1228,35163.29234642926
1229,1764.6191760853487
1230,1703.1131598940383
1231,29840.615335841627
1232,82419.32139182625
1233,59966.851906750366
1234,66668.94751369642
1235,9645.640555008653
1236,55410.03971310386
1237,35716.52507340423
1238,59070.503134194005
1239,35753.39521522187
1240,77343.50795482536
1241,3575.3901973359502
1242,50525.1363931281
1243,3665.5021746545995
1244,30425.27734878419
1245,5560.5860505821865
1246,38686.3776908318
1247,85167.71911508907
1248,208010.8448517985
1249,142157.06350381701
1250,39403.0914647128
1251,40918.093653256416
1252,43291.87721459144
1253,47088.81698001849
1254,55100.58447929356
1255,34701.58143894106
1256,37097.974409936134
1257,104837.57018350478
1258,39860.48486493877
1259,60616.577773733465
1260,27501.853413357057
1261,77712.4939456054
1262,31081.747856284204
1263,98250.6905142808
1264,43596.46767713361
1265,160556.03174220567
1266,2343.4196431160544
1267,37443.771087247704
1268,7831.648246508132
1269,42003.764964245354
1270,83518.36971184496
1271,51331.73897695481
1272,24894.717278673575
1273,39540.40499452283
1274,157427.59466810463
1275,144663.47780542867
1276,50452.20802891333
1277,46925.01240971705
1278,40491.920283333435
1279,31052.669141891303
1280,84602.04973239443
1281,137849.37475780424
1282,60165.79330141032
1283,16161.182631620297
1284,33521.334937360436
1285,13095.61477993021
1286,3663.523798814045
1287,59533.24352668018
1288,200874.50968824723
1289,7155.798134380738
1290,50513.17579153796
1291,75191.4870740222
1292,18507.555122112004
1293,13702.389547161556
1294,5525.12993054837
1295,19907.800684245867
1296,7089.1995109576665
1297,182829.07535468563
1298,43130.62571913256
1299,147354.7193979398
1300,22190.112522988617
1301,42922.77508042623
1302,7310.02451982733
1303,51608.05659721632
1304,24756.20930204362
1305,15231.256808993718
1306,33186.2065939229
1307,36912.41586717948
1308,7756.828753657479
1309,44059.51340537443
1310,121923.36431304387
1311,63247.822704176586
1312,123069.54353196848
1313,55903.0856844775
1314,30413.270162103425
1315,126301.23452512184
1316,40327.69489716401
1317,47882.20748660233
1318,38537.75443858455
1319,58321.89802834525
1320,7448.81833196293
1321,59310.315949509684
1322,58273.1284536469
1323,45523.394932673946
1324,46719.73572431862
1325,110798.53145424527
1326,37277.20543587721
1327,74016.59421162786
1328,197895.4058804469
1329,66557.81251846146
1330,58649.5166852937
1331,100115.88124136748
1332,109816.90723721164
1333,18658.17699521215
1334,46004.531740452236
1335,34096.15980917627
1336,53381.006103689884
1337,45364.76475855085
1338,172299.11905248195
1339,36221.52847886338
1340,42915.430447336345
1341,42725.94436015553
1342,79521.97203749276
1343,46698.60555174522
1344,146207.03369162814
1345,101042.50535466499
1346,54237.899854474825
1347,5659.677015205313
1348,5676.300238887982
1349,40817.30807968417
1350,236650.8932777419
1351,19994.308009941036
1352,58090.97398003041
1353,48697.82184055742
1354,88641.61473107073
1355,137224.96934509516
1356,79729.5634933484
1357,5779.700206282391
1358,11423.071277007206
1359,9442.456910710314
1360,68500.64985411709
1361,36485.072132873654
1362,58324.31680832666
1363,184653.69024093557
1364,34833.88056452097
1365,44468.60383302577
1366,6405.105000508729
1367,46460.6464019222
1368,194557.71187511482
1369,36203.23854123031
1370,62306.32111301805
1371,19511.89154044869
1372,22105.26826482088
1373,114415.65384503886
1374,26352.655555801208
1375,40200.31736269798
1376,72410.10584213538
1377,204806.04528272199
1378,14001.848136319872
1379,28073.720868219993
1380,34524.468177053895
1381,4636.441096955052
1382,48183.604771057006
1383,32920.59437091808
1384,58131.43788448703
1385,52052.929849083754
1386,23599.990998304012
1387,42828.91752962497
1388,37983.7653915086
1389,59710.593364574604
1390,52567.727397431554
1391,25667.175527934236
1392,59023.775282067494
1393,46587.15434763109
1394,250087.76312409333
1395,113199.69193795079
1396,14063.55765011251
1397,96928.82029631124
1398,85212.25611052224
1399,114986.93007710914
1400,10799.527262183601
1401,279237.3767100063
1402,46564.68007384026
1403,180578.9772747187
1404,48883.89166773717
1405,9090.053687230831
1406,5079.150591636967
1407,62266.864065846385
1408,27228.988764520185
1409,40032.60527169574
1410,32096.754811107625
1411,46114.83597064115
1412,104501.27389628455
1413,97610.47882911187
1414,32533.003209335584
1415,45413.05296493455
1416,52657.72363617364
1417,56688.770804735155
1418,41528.28257205595
1419,39696.7911369782
1420,42763.945138955394
1421,12747.505634389961
1422,75525.7693179645
1423,9073.574700712335
1424,224754.24877923552
1425,38552.22071862682
1426,25765.513793655766
1427,173113.3564300819
1428,160882.16167362727
1429,91273.4364075791
1430,122087.84338606485
1431,3557.0727185183764
1432,13832.485119813688
1433,188854.14521613985
1434,20894.931515050765
1435,6979.126205908575
1436,46393.70631228196
1437,21201.343341723274
1438,47741.191259183186
1439,34947.15116247875
1440,29220.795928033214
1441,43346.15392341267
1442,71884.01163173342
1443,46001.03054888363
1444,78216.21688861672
1445,30012.971663008204
1446,105733.08300273394
1447,9763.169839778411
1448,71762.98295342531
1449,115761.99325617315
1450,62960.561705250984
1451,142958.54729788098
1452,19716.067742196625
1453,11461.579472333695
1454,17797.83103104476
1455,44214.709771717164
1456,85188.27908226907
1457,17505.495332947467
1458,60143.261522511864
1459,24919.04922332669
1460,16391.67058862481
1461,51574.1177831658
1462,194866.8103075357
1463,53561.97465646231
1464,8545.161328228809
1465,1362.3213714987162
1466,44296.34852890531
1467,11670.345483561267
1468,161980.01825469924
1469,60394.190702146334
1470,33310.527663711684
1471,45277.414774918245
1472,55145.813579412454
1473,7150.000275133824
1474,24838.00811429899
1475,43241.029605943564
1476,119263.75362551866
1477,81967.84425402165
1478,18763.527774856324
1479,20516.222404206383
1480,52149.73926510462
1481,85807.85435096013
1482,3382.781607947305
1483,13946.794108725375
1484,72354.44327085826
1485,99841.75700788097
1486,31836.809296080337
1487,42070.6482307958
1488,12624.954512525808
1489,32611.389883712996
1490,34010.89724011976
1491,43625.866995931996
1492,42002.8987715194
1493,14647.080183541548
1494,42255.628073100925
1495,56435.50342133612
1496,64223.74963105719
1497,129882.9861393672
1498,78655.93953160428
1499,104284.71248011761
1500,36722.31771510209
1501,7924.768365074964
1502,54778.06825021823
1503,69364.97437978907
1504,34256.11474705146
1505,165867.49749072874
1506,37690.5302661616
1507,14500.158412227533
1508,44709.42213319829
1509,4026.7620236368407
1510,45304.720815974186
1511,23818.17696865781
1512,44307.13019067468
1513,20853.48614463283
1514,43858.25505263777
1515,56503.799947116604
1516,46967.806890861706
1517,14400.389934630439
1518,44580.40535555206
1519,7295.348879171695
1520,35838.8942044715
1521,39910.174382528145
1522,55312.3141079459
1523,8303.574327383738
1524,89510.0172683642
1525,76559.50774956592
1526,100510.10777150118
1527,101512.10681330433
1528,53863.929115985964
1529,33018.959025376025
1530,43897.707058590604
1531,60344.571627963676
1532,90266.97919914502
1533,3984.4213402033647
1534,39775.23283753646
1535,36041.69459977972
1536,124927.93188390299
1537,57936.88402436037
1538,6024.1545905467065
1539,116395.58135423921
1540,8000.7939835344905
1541,89796.59872551082
1542,154587.89808369818
1543,51316.50829722686
1544,13233.700059424546
1545,41634.632702935625
1546,49582.85446455861
1547,63072.113598542855
1548,82154.42565970324
1549,5489.893579732441
1550,119283.61195011609
1551,85682.08446898413
1552,20295.50867150873
1553,7930.41014817458
1554,205183.63494041597
1555,62737.03008783939
1556,2325.535690633624
1557,131418.52604698105
1558,28770.738400014143
1559,66385.04082282532
1560,28158.713034374072
1561,54381.375352294046
1562,9559.524810038114
1563,92825.25129179424
1564,62966.751010345775
1565,32879.745421354615
1566,51762.416154059436
1567,90577.73106023678
1568,12947.172755316717
1569,40235.03276211747
1570,27570.64749104332
1571,11465.630034630138
1572,49728.61207374824
1573,169622.1486642965
1574,33644.96516997839
1575,44065.58312618568
1576,110519.8840659493
1577,64334.87331406187
1578,16520.964116703915
1579,43566.06246327489
1580,71362.86871265822
1581,6345.735629682819
1582,85343.51219784256
1583,57082.20568121912
1584,65643.56014148735
1585,79504.5149118849
1586,77535.43818630958
1587,14888.802313135524
1588,81308.54689613082
1589,7707.436053214022
1590,53176.783073006074
1591,948.7028898163543
1592,3717.6351253754533
1593,173183.38793727956
1594,199301.0919711619
1595,102337.99077888216
1596,82428.21268773604
1597,39785.409884051594
1598,85705.58453509104
1599,108233.63456733334
1600,37076.795862031024
1601,71121.53305720068
1602,59566.74586075379
1603,139043.85486257984
1604,11857.181070316425
1605,40688.96540457141
1606,55329.67235836625
1607,17411.31725321615
1608,56311.734808445086
1609,77189.69485433931
1610,100181.39590390785
1611,53380.21800783487
1612,72430.49319771642
1613,248129.76530915458
1614,101263.67233632755
1615,147486.87739350914
1616,39596.427381553374
1617,156099.59861242183
1618,45350.63319453494
1619,1799.6267322887145
1620,55319.85189614937
1621,147892.42539663357
1622,33727.35032648414
1623,65493.573391195845
1624,48720.44342327508
1625,41703.02630010426
1626,54385.651655956404
1627,53010.692732659016
1628,37569.730240341916
1629,65268.31512933578
1630,44254.13476300073
1631,48608.32249915054
1632,211180.71314380347
1633,9002.883383869674
1634,16930.01528455952
1635,54997.40788731073
1636,100495.95349173305
1637,182523.95152060306
1638,58151.71695236402
1639,218738.45290886785
1640,113386.89333485161
1641,64628.47610166446
1642,17022.718653799264
1643,39587.36956046387
1644,46947.70466750279
1645,19605.24710665241
1646,11493.036548510285
1647,34300.2010190554
1648,113689.1185180654
1649,37680.99779985307
1650,27975.201673342668
1651,37198.12642707598
1652,63157.37924732526
1653,60708.45514369609
1654,47261.47983213503
1655,45436.424918016615
1656,8550.124324157341
1657,71263.11218795758
1658,123757.00414306289
1659,48226.44214352143
1660,50171.14553823874
1661,60429.49576011926
1662,10916.224393989763
1663,26296.066978265255
1664,37974.553609323
1665,17295.855721929518
1666,44195.397513259406
1667,63787.09284220895
1668,38298.81152182611
1669,9379.520317600753
1670,9838.819239969069
1671,32904.73174992094
1672,122282.25698256423
1673,57455.39826982809
1674,12011.680373338892
1675,72061.39322346542
1676,16391.92403863227
1677,40103.82809153896
1678,90704.99867956889
1679,31614.379027368726
1680,37899.12711407307
1681,190646.15341102274
1682,93427.94150065248
1683,110531.99560855565
1684,8523.092024219724
1685,60077.716317754115
1686,113556.62575718379
1687,26435.380106710756
1688,83104.02267757237
1689,19316.391290041283
1690,19862.51279369137
1691,16485.388015289518
1692,10706.422190376066
1693,58356.654454847434
1694,58644.87382021386
1695,46461.38373322932
1696,31695.009547666705
1697,65373.51412427988
1698,66989.53322522015
1699,100439.58624820055
1700,71432.10241330943
1701,2697.7707133696917
1702,46909.26150768899
1703,54321.75236423313
1704,40757.7359158909
1705,35446.37416124527
1706,6616.547447792083
1707,105938.79369283754
1708,36069.520450546835
1709,86252.28231100904
1710,55371.04004841659
1711,41108.13212857868
1712,38761.93164862867
1713,24230.6340182013
1714,37845.33972333036
1715,46464.861459182444
1716,88559.4104642
1717,65090.790651741634
1718,36255.92505120458
1719,18980.93582393204
1720,6004.9635240610305
1721,99162.53486899985
1722,8751.731221766906
1723,95183.83515805686
1724,79205.85643435737
1725,45518.832068421594
1726,10320.02823883489
1727,43062.7365040586
1728,88030.31919967548
1729,10251.920397472235
1730,7437.033447361989
1731,65010.24257428433
1732,31487.251146974184
1733,55876.149821213425
1734,78547.33831373643
1735,5806.731770415241
1736,104162.66922858532
1737,3549.372940834974
1738,155552.859766072
1739,206378.83076654942
1740,57587.575214932614
1741,231021.27982513784
1742,86679.11096733325
1743,199616.14137534722
1744,91201.90024991671
1745,108131.88566980672
1746,5198.674960479188
1747,89766.70714382442
1748,8058.17029513905
1749,178405.43786589653
1750,51058.711655734005
1751,76059.7216648101
1752,44077.49414130277
1753,11352.748843519546
1754,32679.15783691264
1755,5888.964172697321
1756,23471.54911544851
1757,48187.47490635322
1758,277512.997627177
1759,177216.69615062064
1760,5497.795530669912
1761,110254.09534995398
1762,141990.9199101151
1763,96292.6880676877
1764,17174.73377610375
1765,30304.317852237695
1766,82890.38400642425
1767,189362.68500804153
1768,156930.73736373035
1769,15104.38245221348
1770,103540.36131468642
1771,61342.033325247336
1772,45752.52450672148
1773,141085.38456944778
1774,67568.31362130791
1775,35630.118157484874
1776,11141.758730202433
1777,119157.21179965817
1778,67538.73575050074
1779,30341.73268436169
1780,80232.68267207507
1781,84401.30814868386
1782,87820.48237237228
1783,38800.82859804685
1784,6537.317685244645
1785,50675.0625353116
1786,39284.64906231924
1787,63995.94362249081
1788,22624.078537898386
1789,47549.384149234014
1790,51368.396524690674
1791,38488.42914552215
1792,252080.76477348944
1793,15584.13302807199
1794,102899.37985261157
1795,19466.880074841225
1796,70792.1625967934
1797,42363.24297995707
1798,37220.715229652145
1799,5846.0835681661765
1800,160613.36990650604
1801,49356.16707740795
1802,49413.895025587844
1803,158850.68300785677
1804,80679.20955482472
1805,49981.22035279889
1806,65571.57390364677
1807,25720.275873398725
1808,46975.19215218439
1809,52490.967513418196
1810,5669.938882183042
1811,55449.46319772948
1812,7547.417370679529
1813,132410.06406588835
1814,59676.85606359573
1815,52469.98363852329
1816,59448.880813624644
1817,46399.364063413406
1818,204364.65827195003
1819,124903.39412777705
1820,111937.15123060142
1821,38329.96068314054
1822,76428.93540402544
1823,43038.9476769307
1824,32285.03768416773
1825,58492.65709062859
1826,51161.079372184286
1827,61431.092848945234
1828,78755.66402539953
1829,248625.6607750185
1830,88304.58562584197
1831,33087.90273399333
1832,134656.65712872086
1833,33707.78488322865
1834,36379.324240948365
1835,86554.56501019631
1836,150796.10085909814
1837,109209.63315158142
1838,22935.11660309638
1839,128868.57559000656
1840,43353.31114143892
1841,2355.464105273975
1842,104376.6171165777
1843,29000.523204574598
1844,22514.610426418843
1845,133120.86994530904
1846,135138.1724108501
1847,43783.51275768061
1848,127858.7651951493
1849,104905.600907815
1850,137785.12729084908
1851,35391.214948545494
1852,30539.31054932919
1853,45081.902362124514
1854,20833.130716929852
1855,27698.483536867105
1856,29696.596448847886
1857,167212.54207122166
1858,47408.48649188822
1859,212292.56852991713
1860,7987.845522119787
1861,80482.5850594697
1862,35991.07452471533
1863,37289.71548942434
1864,68488.74288701406
1865,61257.50561998076
1866,44943.9614454113
1867,32428.99722137928
1868,52992.562499260435
1869,50176.281678929976
1870,132763.59286235424
1871,79324.56840991453
1872,43011.67711194721
1873,56705.159044036096
1874,66930.5107090581
1875,19413.058258238863
1876,30393.332056076037
1877,7812.067586386445
1878,12337.676112433563
1879,64646.83357687576
1880,253088.20282806363
1881,61067.97971177216
1882,38935.26034928465
1883,23534.65639717556
1884,62743.574067425194
1885,46808.60474878018
1886,71550.42451633453
1887,42357.42179795969
1888,59470.22383139405
1889,75373.06384449736
1890,87505.90154285701
1891,40572.17945297847
1892,44651.185888756445
1893,55278.76933229567
1894,68077.21030322091
1895,2119.216971395048
1896,39423.74649687017
1897,81130.81133539556
1898,19091.348227943756
1899,64927.88315502148
1900,28624.621296136425
1901,56390.61557578064
1902,42904.53718646826
1903,10928.572852718004
1904,30127.173912221075
1905,29179.913992333597
1906,20818.976667161525
1907,60690.49777202477
1908,144730.4962900017
1909,63000.95129696593
1910,99355.61405389366
1911,113222.19453653155
1912,67376.139896386
1913,104404.62961437611
1914,40089.81467494479
1915,32329.056648546706
1916,29537.2609318412
1917,29397.242530746717
1918,77597.92010002359
1919,59220.76611138479
1920,49166.62251893688
1921,52691.47636131511
1922,35293.8202729435
1923,55237.2592751754
1924,28486.38383336049
1925,103677.74026063764
1926,3953.6251064527887
1927,46942.78025570356
1928,47402.80883822512
1929,64579.316040481106
1930,25444.732352865925
1931,52817.265831186414
1932,44533.04012922144
1933,41729.50681920376
1934,39143.222341032706
1935,32513.27762897886
1936,117296.6869150647
1937,95027.8651034759
1938,65308.05361189095
1939,83535.0003703574
1940,44605.9966229415
1941,40765.87155505428
1942,34016.66141691923
1943,74150.73625055885
1944,2867.695635524929
1945,44383.7336175872
1946,15215.138166166169
1947,51345.995321070266
1948,29668.32583984623
1949,70039.6122445137
1950,52705.74922270809
1951,73442.03252450691
1952,236284.9028209308
1953,18752.513622837556
1954,17865.86702509176
1955,42884.900599184875
1956,10802.395534314
1957,20936.98868321524
1958,25926.183676707726
1959,69519.05280036177
1960,38825.73291768594
1961,133338.69657282525
1962,40293.586729951465
1963,27137.80795406796
1964,120429.25679211806
1965,75926.73819737877
1966,36871.99904836616
1967,44788.58313679406
1968,51469.64383606865
1969,1731.8588594867367
1970,89992.76088231518
1971,38488.4859637769
1972,15745.193496722153
1973,39335.87592783503
1974,47482.32482730009
1975,16047.619209086954
1976,15649.475133053333
1977,50073.55285316311
1978,109793.71295245568
1979,41514.508054846854
1980,66973.68124338682
1981,44458.2532931406
1982,52172.3249877547
1983,97577.6082166051
1984,114666.1180895153
1985,96243.88819933528
1986,14828.600821908436
1987,182040.31271891785
1988,87742.49277826815
1989,61472.13552752874
1990,75912.45566656889
1991,40811.717689899044
1992,236834.22791627853
1993,57376.656790251436
1994,135767.25961616132
1995,54512.3224256433
1996,5019.787722811942
1997,34878.05363255916
1998,42710.986234878736
1999,239344.09290731102
2000,46761.39074064557
2001,52031.00332853072
2002,6209.337156168018
2003,44803.45881237817
2004,69124.99921559327
2005,27813.566467437395
2006,97646.5063858728
2007,145549.31897366513
2008,48562.93985181669
2009,96983.6268018263
2010,32801.80670932885
2011,12489.941967946448
2012,87944.19646617412
2013,13217.277480108476
2014,134456.6969769239
2015,3644.971208644398
2016,132234.94040202413
2017,71789.4823053714
2018,53541.15359754662
2019,30491.1406917473
2020,54614.75494789592
2021,26191.80977459088
2022,219428.54094466873
2023,60496.21654197617
2024,46429.07462786672
2025,42161.76356082756
2026,3078.7157293731834
2027,30246.95358186247
2028,27481.366293228544
2029,49997.65020354237
2030,51924.899057297655
2031,248838.7757675558
2032,72690.90490862056
2033,54539.41096747747
2034,54401.301125512975
2035,3125.8811508689173
2036,32608.434113798186
2037,48513.55699116366
2038,10204.866983972954
2039,76860.73842612377
2040,93028.12282031799
2041,151479.58777930125
2042,50122.779907817356
2043,42064.96988521867
2044,46669.69302995885
2045,43110.273199997915
2046,6362.981079312556
2047,44266.50225785393
2048,145150.30098531707
2049,66208.88743635164
2050,194587.42039518
2051,177452.20275916654
2052,46479.47096875241
2053,67016.16640875116
2054,36189.55770427826
2055,32716.107436727343
2056,169094.87708081273
2057,107611.51628565736
2058,7360.776808585495
2059,108757.2654352535
2060,108400.4867324069
2061,94871.2075599717
2062,39134.27212960414
2063,49277.59780205825
2064,58312.30899560955
2065,42725.92968194603
2066,52574.11301650517
2067,23466.832486878888
2068,61741.0424286212
2069,93530.83319592435
2070,50217.825566971966
2071,13696.955154908987
2072,192036.4267250538
2073,31305.699333544242
2074,139489.43440875132
2075,77871.28561654984
2076,43786.9583642591
2077,86830.66446091639
2078,49650.79655426363
2079,24925.905894480136
2080,52158.57674700783
2081,60087.22812836523
2082,41058.20332409164
2083,1989.1172961063796
2084,55705.13762389237
2085,34873.167599210254
2086,160467.03438202373
2087,4414.307265285522
2088,39679.632011934475
2089,41746.611080577095
2090,72311.64329673104
2091,59281.42421407752
2092,47401.5442162615
2093,52695.80029929875
2094,52699.160040662355
2095,40037.94040953835
2096,2840.91086610111
2097,57680.057438121694
2098,3776.171271418785
2099,114301.75368533324
2100,15719.523149183327
2101,46916.1838499732
2102,24184.555843431906
2103,9056.041090166787
2104,53754.721520762985
2105,57786.913997182084
2106,69258.28418388464
2107,3107.3073653581864
2108,71508.27161719793
2109,169576.86116205124
2110,4219.905548959499
2111,48451.175017976806
2112,32157.52768852606
2113,43802.56773429282
2114,52643.87044360467
2115,20334.77573029854
2116,107658.63292349257
2117,83405.35981373093
2118,3603.284781458304
2119,101002.58896952929
2120,212839.5562317509
2121,50224.687591153386
2122,88097.73444469768
2123,1128.1091276686222
2124,18747.462227430788
2125,64760.51748148331
2126,41427.582888962286
2127,17299.839220945294
2128,104013.27824983267
2129,13346.10580663048
2130,61177.73251059776
2131,16056.675863935849
2132,33377.76220042311
2133,52065.826814494074
2134,43583.904775140945
2135,57111.17466616212
2136,80390.3159145921
2137,85829.12178245497
2138,36023.281510109846
2139,57219.685590667556
2140,42677.243970013464
2141,38411.66134494104
2142,75167.4733879759
2143,4520.865420147566
2144,87333.89136398668
2145,72502.98439388188
2146,67997.70140504152
2147,43445.05176608599
2148,83430.42545705027
2149,55366.91752243601
2150,4433.626027296755
2151,112245.70482318249
2152,54542.97926637357
2153,37891.60141639951
2154,2001.7209520394435
2155,112590.54290788034
2156,67489.26890403836
2157,29086.46287238031
2158,78993.03654311494
2159,145155.47765333802
2160,144347.51873903803
2161,12841.98460063135
2162,57711.79906516301
2163,85245.67011285464
2164,107655.17898711502
2165,41303.13846023074
2166,61263.630904744445
2167,103815.24527742183
2168,32233.04392301337
2169,22911.373246930103
2170,9115.63847267994
2171,77286.6952230838
2172,129292.99375408245
2173,70105.45687773044
2174,31847.76698312819
2175,77100.5790014876
2176,27798.180790551458
2177,207347.09966822766
2178,1327.7320918915393
2179,42019.053756747875
2180,28279.897049712847
2181,2362.81073294421
2182,42099.29558203359
2183,50966.53330064798
2184,44278.490899298245
2185,41881.44490254371
2186,33686.72855298495
2187,28108.415397517063
2188,6077.625200151317
2189,40717.52228822749
2190,40246.86037877309
2191,21748.616079207182
2192,35276.78496116323
2193,108364.12201765247
2194,60268.63660520857
2195,32423.948853756847
2196,52116.36599753524
2197,35504.27543702655
2198,47962.252492526655
2199,43448.78273652651
2200,1707.5013701534795
2201,70447.40265928455
2202,71919.8666495825
2203,76663.08196557594
2204,34885.495251591456
2205,7677.914068231192
2206,53883.73440583108
2207,110386.07256934012
2208,87213.50874455656
2209,62436.26937126638
2210,46556.55487692784
2211,59089.25533301028
2212,80151.53444336852
2213,42846.52401807121
2214,102281.14151959034
2215,59274.60869028044
2216,16166.16736235345
2217,274474.9546139908
2218,47282.333500107416
2219,2118.1072706386562
2220,53095.285362278104
2221,11254.384456427973
2222,181980.46648904218
2223,52826.51360468452
2224,32279.52616451631
2225,49484.476080271
2226,41994.3744040939
2227,32120.11349232011
2228,21186.880152187914
2229,27641.756208802773
2230,48290.86750945929
2231,44153.53773270587
2232,89616.77441389841
2233,154507.1900685206
2234,71284.30987746568
2235,11726.336862680528
2236,85809.58834057137
2237,25889.437592373823
2238,3332.188531815054
2239,1639.9809924175943
2240,84537.82083369962
2241,23992.44555721808
2242,65052.83095840838
2243,81420.1679505976
2244,29905.82375263106
2245,109302.39003080345
2246,26143.13593233391
2247,32656.980081474623
2248,47499.17928537778
2249,40446.98446155536
2250,47671.575709642995
2251,120394.92846015467
2252,37747.38157090185
2253,125736.96544821748
2254,35025.75395639664
2255,28381.646807924848
2256,6273.679022829904
2257,109703.10774883867
2258,13973.306815594338
2259,139896.58409956392
2260,36917.1811993935
2261,45198.142561332614
2262,79257.80341075781
2263,35567.13756220244
2264,5111.775798084219
2265,30963.48244749109
2266,80057.95908872501
2267,33799.69052546071
2268,27716.65445789423
2269,30776.46563551594
2270,109666.62290394935
2271,54631.421672469696
2272,54969.30845773083
2273,125641.61043359245
2274,19763.31678268176
2275,42314.187378580384
2276,53789.46446197087
2277,58072.708123892306
2278,13324.784975325914
2279,37192.647043187455
2280,99559.46627320921
2281,39496.81824980536
2282,64484.32242119087
2283,61367.57025776082
2284,43751.29605410028
2285,61210.394997661526
2286,117143.26558079007
2287,112866.5149747039
2288,33527.83187849785
2289,74334.25825496674
2290,182585.79482018366
2291,132803.19954547554
2292,8386.339232783019
2293,63151.66663693824
2294,60497.88722152481
2295,90889.86606963672
2296,86577.78590816348
2297,93781.43280410835
2298,25011.824274491708
2299,41577.78495144736
2300,123461.37862281794
2301,15661.309541901548
2302,75722.87775206887
2303,57908.537830500216
2304,105233.78494850697
2305,51450.01436456129
2306,90400.47233802563
2307,83345.67327368578
2308,55451.35412385643
2309,109109.72534982802
2310,8449.565713023596
2311,19594.116804516027
2312,5790.700374526667
2313,53380.15383366159
2314,170962.81263946136
2315,108622.94935485693
2316,52701.23667530951
2317,72673.61113158849
2318,34798.056626507234
2319,36403.45992773545
2320,54939.86322900698
2321,59928.21853885355
2322,194613.59009426247
2323,68678.56456605176
2324,64612.811822865624
2325,66276.39860049392
2326,68380.93063263113
2327,7995.135234875458
2328,30673.950102225186
2329,122066.02248456562
2330,2190.14449538893
2331,208166.95311654411
2332,188124.91594589
2333,60658.33369954586
2334,65696.17093390506
2335,42836.51703194387
2336,69272.73173050748
2337,125852.40947998353
2338,34828.00493222036
2339,187573.58981502452
2340,52041.88065465696
2341,68772.61858603549
2342,4446.787764308909
2343,34046.01476664214
2344,10205.431855164092
2345,95248.4807867518
2346,45929.219360552845
2347,94142.32548741033
2348,5621.615143762789
2349,44486.5736941946
2350,49011.142992604124
2351,50149.0430548095
2352,60152.98749230415
2353,10802.860377662304
2354,46569.69586360492
2355,45353.688716333345
2356,176001.27083935268
2357,85812.57468611097
2358,2679.3410041842517
2359,22938.182876142753
2360,74289.29986384872
2361,54106.616663577784
2362,14193.5180771392
2363,18148.69854739833
2364,80753.57975209573
2365,12272.768779687678
2366,15156.22860271751
2367,10822.268531597465
2368,25047.277353917314
2369,25923.636961220232
2370,42525.88339674145
2371,44355.78739824127
2372,20677.173132825745
2373,5398.1468100116
2374,62612.59989911901
2375,65279.28623860992
2376,36205.70349360173
2377,41035.58123288881
2378,60760.56697482721
2379,39981.78690125569
2380,105761.06834007982
2381,105328.62507099118
2382,47791.118457350865
2383,131254.72853019205
2384,35132.79477414007
2385,33499.555768918195
2386,34768.35914118395
2387,3289.1358438994707
2388,153093.76001222213
2389,60705.44707156616
2390,63936.47204617013
2391,30605.456418785012
2392,9597.834812456804
2393,40203.59361188433
2394,43767.362601977824
2395,4676.064804569249
2396,16376.197455035493
2397,89077.62151125725
2398,84037.88474871965
2399,48302.29935045636
2400,50439.89890968706
2401,22945.360564016995
2402,43291.15906628203
2403,84523.6664029104
2404,80651.72712227216
2405,64235.64308507626
2406,111730.57317507245
2407,22890.19470547209
2408,58809.478755082855
2409,97482.12653116004
2410,99262.40503943527
2411,30427.27964896126
2412,7530.355494896485
2413,2348.6633778301234
2414,97107.47124771083
2415,54884.1915406977
2416,43210.84351536525
2417,46341.325377831774
2418,45437.43856205411
2419,28104.188602051316
2420,63389.99858608849
2421,113101.56680455136
2422,83220.89646942
2423,4157.8141886193835
2424,6633.266703361545
2425,130911.46776211515
2426,68855.40406903894
2427,74788.18556321316
2428,96029.94062251714
2429,39870.315929761484
2430,46326.95734818502
2431,38372.46262768021
2432,26408.40665171325
2433,137220.52509910104
2434,41916.940099859035
2435,50950.75813147299
2436,23528.057767773655
2437,114510.41976516931
2438,78429.74734529803
2439,36388.613644761856
2440,83724.90972835134
2441,6812.684675295354
2442,46929.94806769146
2443,26086.91747509228
2444,31904.256548083195
2445,9360.25023105783
2446,144888.4762887194
2447,62275.536600910695
2448,88711.37148148868
2449,83686.22123818395
2450,18899.830666385587
2451,23071.749087817443
2452,36912.5746672777
2453,54904.601835515736
2454,72856.0423696956
2455,120782.47248793917
2456,80183.8187566752
2457,43094.9806601236
2458,4796.13538099684
2459,2444.957183345473
2460,5545.294959684453
2461,49027.45535827986
2462,924.804779323747
2463,37719.22587730949
2464,114595.21175559908
2465,91944.65388034712
2466,63427.04211558919
2467,39597.80067875307
2468,60208.40038988732
2469,90707.22558830677
2470,47629.95025090955
2471,48042.094903997415
2472,36273.07569670271
2473,31781.789590213284
2474,48696.16893152981
2475,66455.78945259105
2476,24923.698964992134
2477,68004.40171597734
2478,33508.201547306366
2479,43367.31671261164
2480,44526.304218899015
2481,40762.36721807474
2482,27748.617272654865
2483,10704.77325618574
2484,51583.83168443375
2485,23392.522156446004
2486,21018.73865550286
2487,22150.827608255844
2488,23089.717658444395
2489,50010.16097899898
2490,166973.36684903604
2491,6410.032313697155
2492,32527.609262140093
2493,95413.71800817105
2494,101896.86361407433
2495,5574.731692393398
2496,94399.82502875403
2497,7266.01899676204
2498,48480.47613722771
2499,52110.23348833676
2500,110166.86103217053
2501,43096.422558214144
2502,53258.86458400598
2503,57705.21288517159
2504,51993.83349977814
2505,43189.6975108264
2506,5161.957135722377
2507,39557.657144962104
2508,190543.76169857988
2509,75960.02637832407
2510,27169.154094057278
2511,103939.82640209209
2512,64069.07844668774
2513,44497.49466334522
2514,115829.39817613282
2515,30430.890032382962
2516,35386.28676217822
2517,20740.750501058566
2518,34472.97844515729
2519,51514.474389179835
2520,13201.891149720488
2521,13421.461170606502
2522,39390.4894781258
2523,60158.18182930048
2524,32907.79204941952
2525,9409.588642622872
2526,54813.4301580021
2527,34764.678108390726
2528,79960.19272122017
2529,38647.848684205055
2530,13681.047286746296
2531,6990.709358135905
2532,47741.72163757713
2533,57864.626290275
2534,79485.19793891477
2535,3360.6527949124866
2536,54875.39291833089
2537,27534.44777591834
2538,139294.3241076718
2539,99438.92752337232
2540,139237.5315278077
2541,69981.46863005625
2542,71587.35806256226
2543,86487.0585374542
2544,58177.02396776055
2545,40478.72947807978
2546,75810.32689999629
2547,10084.223090693698
2548,35985.73222690959
2549,32569.442160904422
2550,56032.87837974075
2551,44525.976167320136
2552,39090.832027063894
2553,73836.4047445299
2554,37077.50011407862
2555,13832.891672859525
2556,16711.381614930353
2557,40359.47962221416
2558,133514.83954062092
2559,42692.87086452545
2560,3255.6399237692117
2561,60300.71551822214
2562,65653.8632463274
2563,42476.32765925908
2564,30842.482443928275
2565,45225.7039209372
2566,7228.1204620543
2567,94091.23944928659
2568,3239.951509765074
2569,104595.46981545707
2570,5987.015302582715
2571,11300.391348252511
2572,71766.46823823942
2573,99674.50541185771
2574,62246.569383944756
2575,47619.42762393141
2576,88287.49299324014
2577,50537.51080368291
2578,1275.539618163684
2579,11472.027248011967
2580,151251.40993673308
2581,32930.692670451186
2582,30087.468731307003
2583,4849.178447782797
2584,64198.5792791108
2585,80460.86114885006
2586,164860.42585228864
2587,216326.04398993135
2588,59865.20246672233
2589,33828.6254243065
2590,57379.80073319358
2591,42263.82696767876
2592,42713.45537137501
2593,38921.77267867057
2594,30033.62107240263
2595,28496.544125651017
2596,3436.9806709545637
2597,7111.844000234217
2598,33236.1276196909
2599,57886.46700667714
2600,127657.23019916496
2601,61567.67598090484
2602,111877.93159415649
2603,119495.76002300433
2604,69737.6938009994
2605,115828.72128294224
2606,65263.518998577114
2607,12021.21796496699
2608,253303.04478318748
2609,58177.76698857369
2610,43521.872398613355
2611,37154.31135478871
2612,32736.096994070285
2613,14836.558021915702
2614,121342.56737540169
2615,61328.691716491136
2616,31867.274442644648
2617,74336.22999262018
2618,6678.600996695913
2619,52459.70514309309
2620,69956.17933567733
2621,123800.73133384992
2622,54099.770833246796
2623,166992.17088643074
2624,73270.30349837244
2625,62581.26228821241
2626,109408.0613823811
2627,132509.8550016772
2628,17037.104907109297
2629,76933.6189962451
2630,76733.53482802967
2631,19404.71640499885
2632,24591.385078499985
2633,21466.70251297261
2634,49384.87022027403
2635,6677.224836206186
2636,103742.98806092748
2637,66238.39475526202
2638,13422.931063057396
2639,8961.028804689719
2640,14060.463068126222
2641,4561.1695473331065
2642,139520.20268875835
2643,55845.62413560982
2644,8184.9229786570995
2645,75365.70400871483
2646,28094.088826187817
2647,3486.3452538434967
2648,62348.31325266891
2649,16137.401975343777
2650,50636.12773416415
2651,69715.27716859167
2652,65213.909837407395
2653,86538.06311586856
2654,66254.01669199888
2655,1082.131801187312
2656,43354.028918552576
2657,130899.04160857979
2658,5993.202270423434
2659,34934.17495106163
2660,170981.46279099025
2661,12100.713118547937
2662,27768.535322714783
2663,15419.573206951698
2664,84051.70748163118
2665,9803.024612239482
2666,60582.400690096554
2667,140204.98508018165
2668,48328.135107822825
2669,37739.082674393656
2670,42149.021130591194
2671,23934.793127083492
2672,134826.30324545503
2673,25758.727826319122
2674,38057.56936867674
2675,64879.444097170344
2676,118117.02872850477
2677,163957.36000063404
2678,153887.0292462202
2679,21158.03532630759
2680,119490.29583915095
2681,135026.0573707959
2682,13116.591210188115
2683,41657.53276374552
2684,47019.64992771675
2685,41667.72721509012
2686,134678.86136676357
2687,36655.32202849205
2688,16488.06544588973
2689,1791.8784396229205
2690,27835.67666282441
2691,45425.6643947807
2692,41632.443188214806
2693,31240.96575573042
2694,4379.134276493402
2695,5775.172928268263
2696,42681.99337325542
2697,32862.311928920324
2698,153355.30996862456
2699,120108.23822001554
2700,208514.13290042212
2701,162588.46493386722
2702,55112.61871894625
2703,53156.214226223856
2704,34090.856335127326
2705,30356.005596062052
2706,33591.97360765731
2707,36161.11724995657
2708,101750.66202870544
2709,124830.47326596572
2710,94733.57938579781
2711,38175.03181426655
2712,2842.475942310151
2713,38004.73675881438
2714,61104.80045507478
2715,8481.717784033535
2716,32795.06131835379
2717,218580.1985207103
2718,22797.819396620023
2719,48408.32363858621
2720,1924.4975542674142
2721,34144.26811542616
2722,44134.85001484426
2723,128991.06087253366
2724,78587.85693643398
2725,54532.85401522429
2726,116026.22890386691
2727,173509.3206370097
2728,130721.14858925228
2729,69094.00257026771
2730,93077.0117893879
2731,38416.79559861082
2732,74015.12360921744
2733,27114.03560875465
2734,22022.190990398532
2735,58405.06262722273
2736,2697.248550528172
2737,154631.99652324803
2738,21789.203754870978
2739,64804.509423918294
2740,34713.13007642522
2741,48341.413276383704
2742,15009.909579446548
2743,67103.50506817209
2744,66644.02129304392
2745,48103.250723485166
2746,44879.46624101423
2747,57151.268708198986
2748,53638.290400136364
2749,58775.99211585613
2750,45537.04160947866
2751,64308.01846791615
2752,10063.351726520774
2753,116737.16673615277
2754,39325.90939166544
2755,6737.305229649037
2756,181659.40510812483
2757,59442.613958403315
2758,43486.75593863634
2759,112379.64595836333
2760,173322.78287600292
2761,192377.39858107318
2762,56189.93465307419
2763,60844.72309860569
2764,163827.1360538936
2765,53613.262966635644
2766,16825.505294954728
2767,74606.82688751358
2768,27224.225179605546
2769,25633.05301894059
2770,43005.600877673096
2771,123523.83650664447
2772,193833.7154772027
2773,108808.39414532126
2774,121451.56301443865
2775,114371.39383445289
2776,56544.542125947984
2777,4011.316454769101
2778,56807.80619344493
2779,77916.45874617861
2780,10181.793128153591
2781,49271.189344258586
2782,103278.82671668554
2783,155203.1659804983
2784,5221.574155352149
2785,41844.2265577916
2786,173547.12294006225
2787,29972.193808036653
2788,93522.96242458731
2789,14310.923828766432
2790,61641.73642232439
2791,44768.268035404755
2792,19379.454832130596
2793,46362.84096772598
2794,52200.310527382426
2795,1947.6443371898913
2796,7379.3753193812045
2797,212541.83022039259
2798,121514.00008134588
2799,50809.6671258463
2800,203202.82170930126
2801,25349.67055839282
2802,105968.98722067817
2803,64555.35569164306
2804,210707.16540979408
2805,7683.456393832062
2806,51782.60675894259
2807,5308.101821752909
2808,3592.3669911119964
2809,37389.98409168869
2810,147882.56146060233
2811,24481.226486330448
2812,5325.216169254866
2813,44410.173723969674
2814,786.7532829627714
2815,133484.32838683703
2816,8278.091714614902
2817,53162.332242379474
2818,5403.617646736988
2819,63387.1334544981
2820,71932.01362743521
2821,55416.91526143245
2822,104527.20531485548
2823,48890.94673877291
2824,71069.24592598266
2825,57353.52587833016
2826,49182.42379941706
2827,30323.19691170414
2828,45323.85969113251
2829,22015.029557532293
2830,132091.33910370854
2831,51818.44920842574
2832,55151.66208563366
2833,86259.90127163501
2834,65459.08993630797
2835,28743.918654131307
2836,125497.39935642653
2837,11919.826324683918
2838,95271.20938397985
2839,31542.473759615474
2840,50505.99607784382
2841,74992.38107397471
2842,122833.23378537792
2843,97331.63805835915
2844,69688.32460075356
2845,45884.57562502345
2846,55437.53677649764
2847,71306.40777784996
2848,41081.01741713161
2849,39349.637314637555
2850,44565.89021978066
2851,7259.51759049572
2852,65421.620658057385
2853,24929.188635857165
2854,37595.32878804239
2855,68419.55875011523
2856,14414.228715119989
2857,72099.2791006237
2858,95661.95016213109
2859,8034.079624633568
2860,76001.49313983147
2861,43883.623311948155
2862,50833.24212490943
2863,46773.01086042011
2864,37630.501310053245
2865,70146.57998639211
2866,38886.236611824395
2867,37187.41813379986
2868,3828.8498932336174
2869,43261.34606092603
2870,13461.821957699904
2871,56066.308504609886
2872,1881.7040602152142
2873,80926.03092061117
2874,66743.08003097135
2875,52942.488365010475
2876,11876.077135917803
2877,53037.07487524832
2878,1905.943205250831
2879,180682.49213486913
2880,48781.7941261797
2881,38947.722850360384
2882,36798.30658185535
2883,22908.03307071671
2884,85091.7530248442
2885,83514.72720306132
2886,139462.34915515975
2887,218817.6909205117
2888,58534.7919455265
2889,5922.900878421957
2890,47312.02402682546
2891,10581.15866457865
2892,14891.097376551994
2893,49123.385036097774
2894,46539.22593919972
2895,13765.540585646038
2896,42466.91485987861
2897,43250.59826931803
2898,25085.767368886318
2899,92958.23764856905
2900,79570.80387982262
2901,33905.14056099984
2902,54120.9503823698
2903,3654.3988473566487
2904,3011.2021032777934
2905,33281.51225735927
2906,25371.934614210128
2907,110387.60560382639
2908,2700.5849717785923
2909,10587.244671414795
2910,41370.98472267903
2911,27696.50962515503
2912,49658.16970962739
2913,54691.83673083424
2914,24503.820915318163
2915,5400.123203869189
2916,56471.71768089718
2917,27654.356683840673
2918,44577.864281054026
2919,3459.595744977937
2920,51075.31187275614
2921,7144.017813926098
2922,41252.06810818009
2923,143441.00377733388
2924,77672.60149512545
2925,91766.25290059569
2926,155233.15069947555
2927,38575.22355121973
2928,40888.07233867529
2929,185654.55359352098
2930,128731.49652271962
2931,53873.66094024728
2932,39107.26462013487
2933,19253.864653053202
2934,45671.67417656689
2935,35895.31403852708
2936,69211.7563437665
2937,54994.00596498699
2938,73958.49573496806
2939,105910.89936615033
2940,3397.2757039381286
2941,240474.55274070494
2942,61904.803690431654
2943,87066.99419404795
2944,7232.343734251689
2945,34103.3759215036
2946,59961.651423833886
2947,80421.51836738425
2948,144920.9144831224
2949,42082.34590288527
2950,75951.95310248011
2951,21010.77163397445
2952,66090.98102369915
2953,42276.831960093834
2954,56497.644502020965
2955,40881.712119379765
2956,161798.1364596825
2957,47880.51865004891
2958,68136.91702947993
2959,27269.128115257627
2960,39192.59770483382
2961,74938.03784318785
2962,143616.44630008037
2963,30430.589815205007
2964,168706.84394356344
2965,85325.61123330762
2966,137560.7035323525
2967,112651.76505714987
2968,42871.47775116704
2969,157843.58023883024
2970,5287.996555594377
2971,136863.6929212529
2972,37785.83574051106
2973,40764.727183835515
2974,66214.97034411284
2975,10185.421063208692
2976,148941.4012444616
2977,49512.23644062437
2978,45374.34204322145
2979,5079.68184151176
2980,71286.13376697035
2981,185318.3843915581
2982,91577.44268366668
2983,13115.334967793826
2984,6983.089996688244
2985,27374.57855406928
2986,31115.90666286514
2987,67887.99508829425
2988,43484.42380422045
2989,54324.612494765126
2990,31132.982440359756
2991,54101.85256809739
2992,22058.77002620394
2993,144464.97491356288
2994,16967.232475289315
2995,50596.4346100292
2996,165422.12338352
2997,29083.601413250097
2998,83664.23749012449
2999,223001.81068126706
3000,67851.6406982283
3001,131811.5129593744
3002,32445.776867888842
3003,76515.71633781533
3004,116945.98198765173
3005,27122.131610168264
3006,51630.14270875482
3007,101287.67116276226
3008,69217.35506803317
3009,50965.39228775236
3010,98285.72551301167
3011,46678.87239969744
3012,38518.48754353611
3013,114134.41481182209
3014,34987.69601104166
3015,75295.01716096999
3016,153371.78286635218
3017,78636.4365869286
3018,29913.73835270561
3019,190898.2185987312
3020,91781.57111445574
3021,81024.94951396919
3022,79625.87571032743
3023,11064.663580335653
3024,78950.02595325967
3025,7364.926637485121
3026,20339.332896829434
3027,57583.03545513798
3028,11440.769006349537
3029,38795.99851766801
3030,69462.78860063385
3031,17661.680384054584
3032,78491.06435100178
3033,26883.12762669177
3034,9138.978953956386
3035,124088.17729537157
3036,44462.485158710435
3037,38364.15245667754
3038,68392.3549472038
3039,141436.44442900128
3040,17501.64015648324
3041,103808.99379446034
3042,123015.10182652625
3043,94226.20444033673
3044,103673.27368084143
3045,34722.73162121009
3046,10419.822645235654
3047,81130.73220011112
3048,1565.4915989622268
3049,84208.52162841469
3050,192429.33327040588
3051,36344.96488398036
3052,3335.936529322395
3053,11645.012539875184
3054,44946.614771108456
3055,45881.58581395633
3056,65696.15008340467
3057,13659.852340371554
3058,13118.330628037897
3059,9770.283626363307
3060,41627.1866401073
3061,56743.94189850265
3062,5388.273914860006
3063,34339.15589608182
3064,57651.67604246704
3065,14085.495354573457
3066,15623.558937830561
3067,194820.18414295698
3068,40363.39055797399
3069,61072.914751818236
3070,19815.330901871246
3071,56163.39854637364
3072,12163.349511894517
3073,77654.19222553182
3074,39351.43026863529
3075,230158.37397723235
3076,35355.14935711407
3077,108067.92574543174
3078,63182.96236404733
3079,84174.44941081713
3080,104842.154260177
3081,106070.611839584
3082,72724.3756168314
3083,130332.10421664797
3084,51980.25943373475
3085,33886.75541137611
3086,25677.184387865615
3087,86615.07289758405
3088,26053.947042149808
3089,37562.22042661761
3090,45386.86740409455
3091,44736.36885712031
3092,6341.165465269222
3093,157706.50837674254
3094,34935.70787715241
3095,48180.04551504578
3096,52795.19980516972
3097,3599.6930496986306
3098,4720.015376740527
3099,15043.485363256454
3100,6369.331138336285
3101,35228.9001519696
3102,31737.177357961107
3103,43089.599928980824
3104,63403.19162634346
3105,935.8355785643059
3106,59140.542394359065
3107,31595.67199952109
3108,17684.661071151168
3109,11119.606145476284
3110,34098.11475603245
3111,62219.376551170644
3112,27059.87846959315
3113,15432.641448833656
3114,41037.8514530305
3115,9134.513772986284
3116,15461.585447181242
3117,51707.34123721286
3118,45677.270119825684
3119,103572.3141995444
3120,131731.60299182442
3121,39286.49953330815
3122,57479.28433089312
3123,257770.4652782366
3124,91713.6144066439
3125,78389.87233553271
3126,175327.7192198917
3127,139104.26374095056
3128,111144.36246735584
3129,35364.91110642063
3130,62431.781812203255
3131,43843.470408950874
3132,63800.230143108194
3133,127867.88724512208
3134,25015.35857731767
3135,57175.960310593866
3136,167819.40552754488
3137,7747.906837270455
3138,66077.7157849268
3139,6775.458244930657
3140,85928.72785080863
3141,46802.83165996927
3142,44671.599032308135
3143,130566.86740999726
3144,87160.1526162252
3145,127852.41781829344
3146,2734.067633348378
3147,3418.3034767925137
3148,126504.9131664225
3149,155807.30958450836
3150,20106.8379944949
3151,207300.7645283853
3152,5394.86813093721
3153,40563.85655808306
3154,38781.71895076615
3155,25595.386317583365
3156,129647.54535047826
3157,77078.45832013633
3158,45917.53694670745
3159,67377.0470416088
3160,101939.0593370017
3161,58415.64867499059
3162,30157.6069799587
3163,41740.89778325179
3164,52839.73694924521
3165,33790.032689133615
3166,70016.97492515396
3167,49946.6403711959
3168,110536.06062272885
3169,38986.26545564663
3170,44822.23950823689
3171,44616.526900842924
3172,1786.769776138365
3173,4352.480904896582
3174,19034.344529968268
3175,81147.56913660068
3176,14163.11892989905
3177,30835.885298308727
3178,79672.33689468175
3179,54379.16135669178
3180,69837.07915508012
3181,59721.316527229086
3182,65168.467272232105
3183,14957.213513675346
3184,117907.5468043373
3185,40230.81346050592
3186,63111.59107181022
3187,73854.82149636377
3188,118470.6475497576
3189,55085.24843725276
3190,217323.22833865674
3191,8274.98076696581
3192,80741.32423103925
3193,93496.77339966795
3194,175946.69524838775
3195,77046.75334116767
3196,3872.8431952303486
3197,62149.005087480946
3198,32309.34636038109
3199,161476.84006906993
3200,34922.84642205234
3201,4470.366170938234
3202,30904.85569845275
3203,46523.36576886763
3204,46398.7689719448
3205,36888.59150000283
3206,5331.199628009138
3207,21303.180382885486
3208,46922.01085180642
3209,67368.93990981902
3210,56618.557226093006
3211,46642.80862537255
3212,59613.41577850869
3213,38773.51513115076
3214,190911.5181867625
3215,58495.27184982628
3216,78660.74169957152
3217,203980.25250075487
3218,57036.034869607865
3219,30496.63324172955
3220,74341.24778388732
3221,3984.3032104831273
3222,60410.95607033977
3223,62427.70293911664
3224,61308.551804305935
3225,45456.380493172146
3226,159716.3883291809
3227,21317.56337111007
3228,35780.31025679597
3229,45986.96819157597
3230,52754.56728094345
3231,21938.18284387768
3232,56452.16631669009
3233,32151.75510680685
3234,4895.4819120315815
3235,3316.374297987372
3236,27370.22113101634
3237,40860.27069952712
3238,82612.71388011644
3239,59207.39192777999
3240,75514.2912703323
3241,20699.11848439277
3242,72858.26219215404
3243,275422.1760946116
3244,43809.60679044266
3245,57301.57958529355
3246,81753.87080230871
3247,42853.89143229259
3248,38940.247769957205
3249,55421.85182833389
3250,34881.350207913456
3251,47464.93339291121
3252,28359.748996705683
3253,42524.15741491299
3254,37132.4724376061
3255,42178.39015952608
3256,1847.1042949946225
3257,108586.26534840986
3258,13216.777590113868
3259,41008.39865698259
3260,39274.35405694485
3261,47509.537184777495
3262,124009.5858239698
3263,6775.868380788673
3264,57090.15719616249
3265,104001.91594389871
3266,79700.99804037632
3267,42946.024341479526
3268,37833.071151092365
3269,27740.866489874534
3270,165836.6662061024
3271,41279.04301641036
3272,40597.421934880105
3273,9773.127377434159
3274,74008.38526857497
3275,222168.40645830138
3276,35317.43807110299
3277,67453.21084172356
3278,64198.23042769654
3279,88129.2595667036
3280,79518.81382209563
3281,81366.60232116173
3282,160032.58508787182
3283,50800.09398321073
3284,71053.77210411159
3285,47866.16001666172
3286,21266.6335669839
3287,191660.16502610515
3288,91652.5139757723
3289,98791.6439588157
3290,1292.8403111046991
3291,44550.59822419292
3292,18394.045541714902
3293,163627.21331716233
3294,41679.34795143695
3295,11452.172382047842
3296,146235.17806612607
3297,88228.62700310585
3298,51250.36494024736
3299,115506.15471617698
3300,83916.1501986327
3301,74569.44724952108
3302,43084.16822812778
3303,16633.28806521241
3304,57545.31008435451
3305,82777.77497380244
3306,40592.062355888804
3307,4238.370775534915
3308,130574.7376061076
3309,106987.79891229114
3310,51257.545221853194
3311,6118.752389267365
3312,53309.182753636465
3313,19539.689139825903
3314,127642.87087194622
3315,48200.01453803335
3316,66110.30190088719
3317,122907.9275582757
3318,123079.72619358603
3319,65826.00314621923
3320,121553.02558051657
3321,107485.0895758006
3322,123690.75337040432
3323,88057.2730714215
3324,47320.91280720648
3325,53986.841871782155
3326,75948.01862002698
3327,120220.81270771306
3328,31107.1688167595
3329,40880.51900857531
3330,108993.30155761828
3331,38274.043123514624
3332,64221.631261272785
3333,229793.53548026702
3334,73698.26381610332
3335,19849.212446890237
3336,81998.72303262823
3337,7067.125368003829
3338,38821.81176926555
3339,5656.061019775686
3340,30690.56514647932
3341,15969.623576286866
3342,16128.370086452069
3343,6232.270515501143
3344,135807.8495566503
3345,21608.453174528662
3346,46616.35931994901
3347,25937.85474120645
3348,65198.71446833307
3349,21483.677610734987
3350,222051.46710284887
3351,7269.531323945704
3352,36524.17134478206
3353,97876.14792546032
3354,42456.7412346338
3355,8857.391379898021
3356,44504.42176730146
3357,11047.835533362293
3358,110287.06088043409
3359,35075.30699049072
3360,147057.28042417325
3361,28731.194739920847
3362,36615.02150153775
3363,42218.63776461869
3364,149580.39432325633
3365,32984.45488653488
3366,44202.08323244207
3367,17403.72515034438
3368,24539.98889163842
3369,52215.4988125693
3370,27686.254447575568
3371,116305.24583598736
3372,167184.98251447934
3373,27788.030552230106
3374,43502.36919107207
3375,6093.276089437451
3376,7574.6209884146065
3377,137937.3093213436
3378,46462.04564241043
3379,100065.11117421936
3380,6465.499157011301
3381,77089.75801120469
3382,108796.58657015392
3383,141094.65575576128
3384,77234.46242402153
3385,111890.38456717719
3386,46381.4226855993
3387,188198.59567937133
3388,33137.25674814641
3389,53105.45735466236
3390,22142.502367227433
3391,12093.23185458301
3392,73530.47470015605
3393,25220.755065902016
3394,113437.58630181088
3395,39299.68908340301
3396,7498.076934123749
3397,40527.83410388552
3398,50487.65457126835
3399,82775.62885118808
3400,5842.185858691706
3401,8923.638119677506
3402,49530.17871976428
3403,44945.75410506035
3404,45108.034268067626
3405,73860.9701556814
3406,62830.165914431054
3407,6789.777606796019
3408,123810.13273146136
3409,23528.637638272976
3410,55959.405103706566
3411,49170.698053922766
3412,48129.610899765605
3413,103368.78398138944
3414,42458.49303226297
3415,140368.19910628902
3416,41347.16819154151
3417,13940.881475077991
3418,57322.02297051327
3419,43599.267140895616
3420,105171.12108057505
3421,21320.671525743393
3422,184125.2968458932
3423,41587.56536255918
3424,53347.48185469381
3425,142525.67857146892
3426,55044.42670789118
3427,20708.45440621601
3428,37921.949307344905
3429,90374.51966526087
3430,121263.07060754999
3431,51375.69573456256
3432,24566.51660759835
3433,39027.58762885609
3434,40834.37951483114
3435,65182.122862993965
3436,121329.66569664156
3437,48270.46219086891
3438,104893.79543400566
3439,40779.26595588586
3440,36492.91583254521
3441,70422.89343607756
3442,5541.3275535756065
3443,49183.279259338604
3444,46255.66979697798
3445,4196.727849564595
3446,237925.78832050617
3447,27573.296715324384
3448,61062.20103816602
3449,57478.90928096563
3450,49590.37568797739
3451,111960.18516558189
3452,39500.00437628939
3453,159063.78105015142
3454,9917.127248398247
3455,60966.19620737768
3456,4537.031272675368
3457,39421.843447149746
3458,180929.15728106874
3459,38583.701829479854
3460,7986.554662637426
3461,48294.268466445115
3462,45936.175246356506
3463,244660.29380362184
3464,91477.0892536537
3465,38139.293787310424
3466,56672.78353436554
3467,96864.96792258295
3468,93542.49821516151
3469,46647.3322200838
3470,13126.248346149274
3471,46206.09684910514
3472,176392.01628388528
3473,117623.80155822572
3474,45210.018290251515
3475,7832.496614479687
3476,106341.87965430353
3477,35620.289525370616
3478,72095.87538042295
3479,61888.595101432176
3480,177416.10060487626
3481,58040.11797539165
3482,5487.504764055444
3483,26344.933142426646
3484,97765.59397958915
3485,199330.8425985318
3486,59600.44859353073
3487,4831.634911379755
3488,65018.04994042177
3489,145714.9106177981
3490,137317.94878354025
3491,281313.73682516854
3492,57125.78004056601
3493,57801.44366680347
3494,70952.15952767346
3495,20305.612496528764
3496,38672.363001423204
3497,52062.25521121353
3498,26573.909269848995
3499,71367.40675067417
3500,17306.333085787723
3501,120560.01363775629
3502,2064.740945350102
3503,74970.90591298231
3504,92059.06470768344
3505,6563.199532331658
3506,48948.003339532996
3507,31935.07582662133
3508,55968.00613205625
3509,102030.47875769372
3510,174187.17342347102
3511,41248.08072210712
3512,186330.66516650046
3513,57779.48911632012
3514,108718.93584241395
3515,90328.70493260196
3516,63456.56661106227
3517,98480.31006190184
3518,78630.19411794552
3519,39467.97198446247
3520,71774.68217865248
3521,71923.52051752893
3522,196460.88107064803
3523,32847.21092187929
3524,25306.834074573788
3525,31703.432840050416
3526,65209.75893185927
3527,82674.62532476302
3528,53725.998444268
3529,58534.9635138076
3530,43341.772223636726
3531,84940.06061440145
3532,18427.81604299936
3533,46861.329480535045
3534,78580.4659760863
3535,13400.022618819357
3536,53634.09677142458
3537,7863.08571031554
3538,37182.32314915995
3539,4874.148253750336
3540,59179.55655861675
3541,12607.799971230645
3542,38990.877725878534
3543,192469.18117444118
3544,39167.659526237636
3545,41049.57589328553
3546,63082.464470792314
3547,43098.14631973438
3548,58188.44262322143
3549,37599.8905517799
3550,46354.266967757925
3551,77701.83408978848
3552,117292.07826635214
3553,28176.185141653023
3554,41559.5093227276
3555,3102.3649037083696
3556,26496.42000328547
3557,36770.67661726216
3558,53056.67835839623
3559,40804.646812418374
3560,37633.240000600905
3561,133676.49320363282
3562,111764.7915305761
3563,6829.191268989439
3564,44380.925604585536
3565,31175.64617709336
3566,29497.441864543005
3567,43079.46738596975
3568,120807.64095299017
3569,188815.59004854877
3570,2475.025922849476
3571,50147.021434814196
3572,32487.613903252488
3573,173631.0946732343
3574,111591.59209827056
3575,64796.29268235527
3576,43960.865949497114
3577,55894.97956666733
3578,83522.21866068053
3579,4543.640426988639
3580,3181.2141085330422
3581,37987.65130737789
3582,66590.46033036051
3583,79642.1025340319
3584,33374.10131445147
3585,154757.2056694938
3586,49522.00656471283
3587,36947.44620400482
3588,47417.498713968416
3589,93519.93647389712
3590,161131.03478659253
3591,43195.073271836496
3592,79384.61076856422
3593,46201.37077101465
3594,30939.08367458621
3595,275690.3764928509
3596,129027.30776689832
3597,71155.01073908355
3598,14169.323765957663
3599,27755.216740029515
3600,110018.37972351507
3601,33921.978949071585
3602,159495.72825643563
3603,34792.88878117563
3604,30459.87834961746
3605,5393.434018239207
3606,70373.66022583799
3607,56363.14486941713
3608,55920.73957016565
3609,115638.37542878819
3610,106884.88561927796
3611,5664.407962467601
3612,50553.16524356757
3613,26461.762168848076
3614,32200.51816384651
3615,6470.903665629956
3616,137661.11175737114
3617,47698.91298382453
3618,30143.868225220616
3619,34065.06836141697
3620,96060.89888762959
3621,3742.76833403604
3622,25788.99933222808
3623,43832.210450519495
3624,31166.26620966311
3625,71848.20207435719
3626,23224.474278925863
3627,25452.374569642867
3628,66630.00393455161
3629,49146.49691694133
3630,76963.47576277121
3631,47474.55165144481
3632,58860.03640180178
3633,25256.99013265409
3634,44106.317082176865
3635,15359.587338552448
3636,164229.48934200298
3637,45828.28599574486
3638,29489.33331377709
3639,20193.419280147304
3640,73564.68828891031
3641,24791.52357462061
3642,12410.792525791083
3643,54125.662451688346
3644,8391.199556408235
3645,41437.32426171037
3646,48429.98133397497
3647,47019.773913715246
3648,9374.650582480159
3649,108283.74901549204
3650,10970.115735034053
3651,43808.064024759304
3652,70747.85049566573
3653,19621.11005174231
3654,57636.49899582658
3655,48423.56044394455
3656,50851.8089285928
3657,77497.2011358022
3658,133366.69504501967
3659,21168.276001894697
3660,10072.15436475264
3661,22406.36747700055
3662,43552.4233578561
3663,67025.36934729658
3664,202473.58002160283
3665,41673.99172387049
3666,59165.96635759877
3667,4031.5854899577866
3668,33619.61014226224
3669,51659.75740755705
3670,37414.14338539541
3671,30246.252790858725
3672,70132.97222310456
3673,82208.12984642014
3674,82235.99321698422
3675,33238.7465089202
3676,62750.54967652647
3677,82471.77955926291
3678,48926.81373443955
3679,40148.8622153414
3680,185318.93389267309
3681,35759.80451814567
3682,145853.560210911
3683,21009.999649111636
3684,6528.722102841905
3685,87374.96758494222
3686,54911.502559694454
3687,3704.90279838802
3688,22524.898825056745
3689,4412.880846762675
3690,50761.64568882281
3691,52954.19959011966
3692,39953.5968150931
3693,34498.483236653155
3694,14539.092530615879
3695,895.7640918559644
3696,44446.30302501404
3697,68780.6988866096
3698,19036.787596285456
3699,52196.28161282923
3700,119509.35098260485
3701,53262.44483292072
3702,45193.90170073621
3703,18895.725653814137
3704,13397.319756678467
3705,80140.4499319078
3706,74450.33334868067
3707,20478.523212784894
3708,55854.54861586723
3709,36316.319219140336
3710,46177.46992159985
3711,31957.31400681827
3712,51990.67507887124
3713,74391.4480206239
3714,38939.01909185019
3715,58537.36010042635
3716,108027.35657073405
3717,14847.124022611624
3718,28563.28136056904
3719,9786.635005565096
3720,39884.615910981986
3721,29835.474658119558
3722,49618.52849911707
3723,27552.26110908827
3724,1970.0215219391482
3725,130250.00531580763
3726,171327.40960265844
3727,55348.507550979506
3728,7011.514211189861
3729,38638.338941277296
3730,112042.7878751228
3731,47687.71810358975
3732,39049.41451284339
3733,3992.2128956925685
3734,39159.97510328087
3735,37071.21348257987
3736,97161.15183917707
3737,64820.22584144011
3738,12461.921095733049
3739,100529.69966361116
3740,57356.62730279829
3741,166833.89491791627
3742,37606.39820413302
3743,156410.02252262755
3744,34440.21388120699
3745,11121.769782454086
3746,7877.010665770208
3747,54467.764529167434
3748,56612.15418496403
3749,9087.428521160058
3750,82088.45896256804
3751,63545.900454117545
3752,27056.51194406057
3753,29763.8823116119
3754,59716.789437196414
3755,53173.32078539083
3756,30383.8310096079
3757,11607.080786837914
3758,3911.7055861195913
3759,36887.45990896973
3760,103915.52028944177
3761,34818.93031697239
3762,56929.33780369526
3763,30443.16791258651
3764,28506.27450290937
3765,25979.072204987766
3766,12015.609980861209
3767,121749.26706611847
3768,56731.49281744033
3769,103629.99211802581
3770,7565.274884633933
3771,33860.828505008925
3772,36906.28839868391
3773,3568.2416662664996
3774,24163.174849089493
3775,5318.539550966372
3776,50635.99755061641
3777,37782.08629031773
3778,64228.55564587165
3779,27329.882708001634
3780,41694.59659000045
3781,163421.53291134554
3782,51137.12694421046
3783,54461.56690619755
3784,58424.55196425481
3785,51203.80691414829
3786,214804.40567798066
3787,43532.27202325007
3788,44331.53543604781
3789,6232.822408738142
3790,41190.5552793068
3791,33149.07119462093
3792,2072.439028431965
3793,44342.26089191429
3794,3060.8053479501664
3795,35177.91553781711
3796,34243.10282128526
3797,57806.93457019204
3798,108798.91639834677
3799,54964.582372626646
3800,1351.7052335481665
3801,108781.6009831468
3802,43032.32030035626
3803,91109.82363111668
3804,37738.567912829756
3805,48613.84846780699
3806,9076.750524878002
3807,80554.04131878741
3808,91362.24271838377
3809,180793.6735848557
3810,11313.396812569019
3811,52308.70034389015
3812,47184.73672334039
3813,71393.35875570243
3814,6250.97112214506
3815,44323.75458562077
3816,41867.70980452979
3817,14901.492573585874
3818,46293.70912620475
3819,31172.232970658377
3820,43478.77796368368
3821,33108.077509272836
3822,4730.899185605054
3823,51158.99223338424
3824,37036.433727487776
3825,46542.97362645591
3826,40615.098035607596
3827,31731.818888549056
3828,42699.34495105208
3829,6108.566881925358
3830,7059.464953769216
3831,62610.40583089514
3832,123228.31002557141
3833,65950.96906737037
3834,175840.4698792647
3835,32763.551746203673
3836,19930.07994216528
3837,75548.0690313515
3838,132598.3385866651
3839,6068.388421965982
3840,36452.58688771147
3841,76396.79348912183
3842,32949.06614285255
3843,46321.87990324755
3844,43348.8830554297
3845,7361.7747148594335
3846,80238.82822914567
3847,32937.85048499044
3848,77796.38500302094
3849,5796.752410903294
3850,10260.8365967774
3851,187197.5774265765
3852,13131.46449803461
3853,78661.91980673964
3854,71810.18458081452
3855,4761.000470627592
3856,40375.86599946604
3857,61899.46848079921
3858,45227.580791079796
3859,51296.41996687831
3860,59447.68852061226
3861,63092.61966702998
3862,3263.2371709654303
3863,98036.62492601834
3864,25655.11211728141
3865,98185.78671864375
3866,60450.1530237693
3867,57580.910530777655
3868,66399.96536104784
3869,22951.253267532258
3870,54347.62994425298
3871,107385.72270653004
3872,30571.98333881449
3873,89528.11017056127
3874,68591.02772476552
3875,29146.370146229096
3876,53402.46371800084
3877,54596.97687850125
3878,10616.454769834349
3879,54823.75398254122
3880,45731.54104289955
3881,25742.082722397183
3882,13802.1318589187
3883,57364.05725549298
3884,51631.44499114409
3885,2892.007897627272
3886,12203.064957463555
3887,95507.08757132363
3888,36684.48620652612
3889,28220.936938461917
3890,141754.10066755675
3891,85063.98063661008
3892,41119.491910190976
3893,49252.66111520628
3894,45368.87289730968
3895,44027.74557953382
3896,9162.609235038866
3897,2456.9664720242513
3898,6047.482291161488
3899,35106.27384500101
3900,64883.946046631005
3901,46736.494816507555
3902,17063.60124774674
3903,43106.068459181726
3904,2609.3077129347025
3905,17144.90040937053
3906,76415.92931643037
3907,13106.87160061901
3908,45230.09461968513
3909,17884.151072389184
3910,25028.836370624253
3911,50893.591096588185
3912,23119.630895921593
3913,56881.45559615426
3914,135163.11200610592
3915,87810.47693015584
3916,27099.246246711333
3917,1725.969376412602
3918,81828.90582902169
3919,81606.14632514177
3920,5514.322301092275
3921,30079.263016861492
3922,79321.0878588192
3923,57221.96140095924
3924,43322.24226308737
3925,51635.61468616658
3926,48464.50431734493
3927,36425.28822885597
3928,52631.095634423145
3929,57382.421811114735
3930,41777.53554566732
3931,193953.23977093818
3932,91710.27573270582
3933,1695.7751552493305
3934,73597.16337298728
3935,31337.226261891326
3936,53053.71930644668
3937,45278.4398228072
3938,187773.3687629007
3939,57392.34661848449
3940,27003.208393776968
3941,37351.36970469017
3942,41834.31121520601
3943,70706.80221422987
3944,5009.881229878429
3945,78404.8688512033
3946,39093.47934115147
3947,30838.32978557862
3948,146219.29554132876
3949,4501.851795549827
3950,79513.50472768689
3951,1003.4240630144436
3952,25580.907313218202
3953,74505.77801566305
3954,42166.84104162299
3955,986.2681414238936
3956,62780.81825683867
3957,11336.965496265515
3958,18076.352308636222
3959,39882.42450170393
3960,68039.46481114115
3961,82797.84947321689
3962,71538.70002356239
3963,193962.4621780418
3964,130521.52547610391
3965,96435.7284405812
3966,44914.39310641405
3967,19088.521058064773
3968,194983.90767740726
3969,12419.094407764402
3970,33122.31885612489
3971,147240.48582948002
3972,47001.91799796835
3973,32432.833812885936
3974,134566.07181021318
3975,10031.003725383824
3976,238654.231432995
3977,3409.8341277412824
3978,44505.77056876711
3979,81335.17989246295
3980,91087.78353159936
3981,4019.78694867169
3982,23263.944810422625
3983,110444.96557290976
3984,21681.942512424215
3985,193142.06791701267
3986,13616.400757128455
3987,44986.4425376038
3988,13694.313053360618
3989,99104.31873344816
3990,42064.59919064889
3991,139307.29650683215
3992,66843.92983376578
3993,5685.31879129491
3994,208794.34855540152
3995,9064.790396246935
3996,60388.407117004266
3997,15482.24643997944
3998,131578.8066816914
3999,33434.735054062076
4000,33942.6257705387
4001,10893.908231011485
4002,41419.357585956604
4003,12568.834584164015
4004,75042.13135277416
4005,39197.78403422948
4006,4154.408234524132
4007,61583.077936139365
4008,27392.08987822299
4009,159768.8388684629
4010,54175.78008772463
4011,32485.49177024958
4012,46760.39310639948
4013,45065.145060982235
4014,46485.981352693045
4015,39997.499188308386
4016,73858.59104646495
4017,32659.04178824275
4018,170380.65143597222
4019,106780.9733087696
4020,12184.518751773307
4021,18087.852731361894
4022,110877.85480123808
4023,129354.08398407933
4024,18596.500211417762
4025,26659.823732220222
4026,60012.17639784669
4027,145112.40536865988
4028,31299.874087089196
4029,75327.68692382729
4030,35103.15945784499
4031,90841.76044786525
4032,181291.11989226402
4033,30106.001790549282
4034,84377.92601446404
4035,13531.678119210263
4036,62793.52272286896
4037,25807.042407758297
4038,32095.87357759408
4039,70052.82150042435
4040,14827.22102416618
4041,44805.65481576626
4042,41359.31219468216
4043,56914.629580769244
4044,72894.08925256714
4045,213095.4014127347
4046,133723.85831376183
4047,67133.58272970788
4048,49773.46945900349
4049,43731.74498969801
4050,80024.44799072854
4051,837.7630143270616
4052,21891.643324066383
4053,87414.750701441
4054,37545.9930739864
4055,14288.114792700122
4056,39288.263238928004
4057,152207.42931465816
4058,40465.10594709531
4059,49271.4851975555
4060,97146.30313939914
4061,18919.19823159162
4062,10821.84674883331
4063,61125.55705982594
4064,44671.02165666207
4065,81806.41728816355
4066,4333.618088260715
4067,70238.9905150732
4068,92782.6650635186
4069,156553.38433411092
4070,30604.175510045836
4071,130262.21523723783
4072,81344.83244907136
4073,36917.50310633424
4074,22578.64943415109
4075,170471.51396293187
4076,39694.070775343396
4077,5524.388881767844
4078,8440.19111653265
4079,31621.932558660967
4080,53020.95152897287
4081,27716.074167374747
4082,3921.1221806219714
4083,165020.17942861855
4084,69212.12403697311
4085,133995.5983577259
4086,14219.179977192189
4087,60613.39148356431
4088,99692.91435249496
4089,47307.03582150477
4090,24103.848547245187
4091,29398.243049978435
4092,37869.36398622294
4093,5577.945631552116
4094,39955.65203328366
4095,42803.99651985479
4096,2324.7243721189657
4097,123187.15814116361
4098,90393.78240618033
4099,34987.527673672215
4100,52943.10881604216
4101,37083.49902589176
4102,160629.04543507646
4103,13006.254001119523
4104,145833.3026406483
4105,52528.061390660056
4106,91329.05590063657
4107,209807.72575685038
4108,63580.02008620922
4109,95209.48494175547
4110,56124.10894491626
4111,4074.5883083449644
4112,53832.330427935725
4113,55360.725933652895
4114,71382.81313440857
4115,71262.29398636943
4116,94504.8316258791
4117,12970.93887710014
4118,157721.42248373549
4119,165230.46226023027
4120,27176.852936284467
4121,56824.939881524006
4122,5738.289766273248
4123,140246.5289594196
4124,16570.79777880021
4125,13882.112654208606
4126,20232.658701921067
4127,6787.04337553406
4128,17735.325488441325
4129,68127.57984885662
4130,6579.880198800685
4131,151523.08619813493
4132,22858.690947101666
4133,27285.183091352606
4134,134717.49104743596
4135,52530.57276727645
4136,162938.37253910955
4137,80013.69287701623
4138,37339.85223860915
4139,45133.588052042825
4140,43672.863473408106
4141,55227.86768265469
4142,104802.34669366386
4143,55828.24371535041
4144,37955.21360505808
4145,5691.171319019489
4146,116010.58423579512
4147,170325.93801575367
4148,83228.05286479674
4149,20191.191580777755
4150,37224.27544951294
4151,115806.71081766552
4152,7536.85877392155
4153,6964.636100695656
4154,8562.272731746361
4155,51756.4382626585
4156,94367.24868854665
4157,148421.77292337306
4158,45843.14022602859
4159,242530.26349058258
4160,8136.567398967409
4161,254505.5490827342
4162,200294.14180237285
4163,35770.1354025824
4164,72954.19875004559
4165,199945.4455224304
4166,86532.52485481213
4167,80883.7089817508
4168,82521.44547047337
4169,165761.13681784397
4170,208862.11362575326
4171,57912.88842399348
4172,55410.39536405485
4173,36043.75522431022
4174,13887.857729818956
4175,29496.30315205735
4176,103136.68148469833
4177,44687.53535498467
4178,126496.89830683776
4179,158628.9878319149
4180,116554.52088861575
4181,48327.855436397695
4182,16892.706978551363
4183,131347.70292469312
4184,38027.67758995445
4185,45441.379964914115
4186,35666.53580985438
4187,143163.39764935794
4188,40693.13330433031
4189,19641.581216935607
4190,92311.49450808388
4191,114998.8625850843
4192,10479.467194311826
4193,52565.43336318482
4194,6413.171467790255
4195,64789.34062972051
4196,139941.93520037105
4197,41737.5886777286
4198,45414.459249025356
4199,132214.9650156726
4200,72619.81912165806
4201,161707.35710982105
4202,3367.701579069092
4203,84052.99228015455
4204,3386.7813675822313
4205,104953.81003398393
4206,4137.560908469457
4207,18161.629738082167
4208,95078.80524329592
4209,11610.20893066422
4210,28822.28121461008
4211,40332.94858357284
4212,104802.25082495624
4213,42908.25389967278
4214,5849.169072696681
4215,46830.33407604615
4216,22256.091751107666
4217,53988.871325147506
4218,46734.05631303234
4219,39227.65064856213
4220,61901.21966753436
4221,279362.4390758346
4222,84856.17382088598
4223,10611.549612967045
4224,32434.723832424257
4225,32605.85939501945
4226,3332.265811808824
4227,51345.79420873075
4228,23957.931312982953
4229,17711.102186918244
4230,92077.27390348294
4231,19431.061568278677
4232,5996.457283211242
4233,146801.75109972068
4234,67974.76591857181
4235,34909.964341493804
4236,78110.55291760713
4237,254272.38726073757
4238,150908.54801064133
4239,52044.31278911601
4240,29621.712431779815
4241,85581.92087132005
4242,3886.590539206271
4243,4704.95157444444
4244,77373.49842181888
4245,91467.52813414243
4246,32856.18659067894
4247,27812.37057569097
4248,30631.603147845923
4249,46552.3893299351
4250,5457.317441918945
4251,36593.102637035874
4252,120322.9251345506
4253,49206.636051762995
4254,71442.68197403995
4255,18973.41627509385
4256,6559.897044169989
4257,111218.86733265758
4258,62056.653095264955
4259,63782.18160695865
4260,58334.47010916795
4261,41180.12929396065
4262,236225.39212826252
4263,57765.356279868494
4264,37080.407427174236
4265,49142.50964151622
4266,49548.41731708107
4267,80742.61475513561
4268,4128.2452987639645
4269,121888.02978677269
4270,29370.554536803564
4271,51356.14692449011
4272,51386.52319916294
4273,35388.31867493587
4274,62621.74560072694
4275,39093.06286596379
4276,4365.802694869555
4277,31364.131340111468
4278,127634.68191942218
4279,76317.07754882894
4280,53495.04101799835
4281,78928.33539959593
4282,113817.62475256147
4283,25943.495065218995
4284,22875.27621399194
4285,50362.536317268976
4286,2227.6131222561908
4287,81827.23816363297
4288,106347.18753119053
4289,34972.084068041055
4290,100272.48733213532
4291,144770.56766171957
4292,107295.86525601044
4293,104721.73780996648
4294,67054.97747524912
4295,70572.00174628053
4296,59735.83415686542
4297,46178.32446369996
4298,61392.866102566746
4299,4551.107703803497
4300,40267.1788741255
4301,53798.29447000323
4302,97613.66971639342
4303,71397.78882096281
4304,151484.33026329923
4305,3462.1033814127927
4306,9146.942779605079
4307,907.5184737327212
4308,11771.008518336463
4309,101307.14657182108
4310,110926.4993008323
4311,182393.44213989715
4312,94227.88703619588
4313,97161.87341944808
4314,80912.45581268052
4315,4749.288683249381
4316,15320.333058481621
4317,49213.45261878758
4318,42973.21222321099
4319,58059.451435349045
4320,84240.5584444213
4321,245161.1130836213
4322,136296.76000740277
4323,50211.28470826863
4324,2627.7236054447208
4325,123749.68304689314
4326,43164.41974083688
4327,37265.70824840511
4328,60942.8527840899
4329,15040.507593593444
4330,171422.0495757957
4331,104804.9569325392
4332,34520.85195113311
4333,78905.03841777316
4334,52080.44979920438
4335,43409.25669233736
4336,28247.61954812127
4337,10719.966061835239
4338,32784.538063072236
4339,38284.179404083145
4340,28449.218050949985
4341,22748.852658578653
4342,74085.92780466474
4343,60842.78002175019
4344,136294.05797042992
4345,67435.85484620601
4346,45263.475356804636
4347,53589.058719233464
4348,97929.57360874458
4349,6795.503238784993
4350,54360.97684932254
4351,109164.47944940902
4352,7639.823164203846
4353,24264.600493933296
4354,11106.300845326867
4355,192142.61400203875
4356,15039.952180810904
4357,70646.81796492379
4358,68289.24220989192
4359,130880.75999727809
4360,208470.6930581736
4361,29280.609442185076
4362,32777.403560811224
4363,39257.806450915275
4364,47494.40737612562
4365,35987.519678728684
4366,2920.7786960921726
4367,61035.294455547315
4368,55169.7647293303
4369,14056.204112402598
4370,9109.070100878254
4371,1309.0368974016098
4372,63899.230453738455
4373,29794.76200959155
4374,16529.774033853224
4375,57882.394062545536
4376,31230.905435108783
4377,18751.107339426173
4378,11892.295034461
4379,12815.574735927916
4380,49046.0180658509
4381,5993.678595251767
4382,40069.81867224597
4383,20430.69400157875
4384,45850.19214013134
4385,161266.62024113495
4386,7939.8391882865
4387,95303.95859870907
4388,4474.309824183354
4389,29194.23542582967
4390,64930.14387708025
4391,52275.04737284527
4392,44720.54873113486
4393,154981.9556714255
4394,23051.058081925108
4395,11740.414188748511
4396,46497.94802172153
4397,9482.442459329981
4398,1344.6444964621758
4399,49451.89637321215
4400,69489.15410968699
4401,13827.524224422139
4402,37422.46096619469
4403,131897.5228488999
4404,40410.57618861334
4405,9379.343556281687
4406,73373.02044870441
4407,86048.96341228421
4408,1934.1608376381603
4409,92440.93564044118
4410,13802.556504968674
4411,101981.22310240935
4412,34907.90424094572
4413,33981.09735509423
4414,54636.90642549413
4415,37464.26858557044
4416,21127.461135899175
4417,215562.59773582072
4418,4105.321865777104
4419,57491.324967328124
4420,40476.22486190261
4421,58064.586338447036
4422,24206.22509977823
4423,31649.968291982055
4424,33998.206663399156
4425,26537.616405472556
4426,92995.39453314568
4427,30829.394310004605
4428,89468.61809075066
4429,54184.702934452755
4430,179641.6610213015
4431,90271.29586687397
4432,51744.426793138846
4433,182371.09008814837
4434,27308.920539269835
4435,43209.596229228635
4436,11884.482013848448
4437,42262.9338777242
4438,67006.04800812148
4439,53427.154931635254
4440,6284.855991829586
4441,84415.7749055223
4442,49066.82501834942
4443,52582.98209827748
4444,22252.41279378055
4445,23778.793114833792
4446,16495.483918155507
4447,112480.40671839964
4448,60754.60975248789
4449,109518.4767481997
4450,7764.555677937325
4451,20810.821992445504
4452,47675.81297202984
4453,32759.53363083141
4454,44224.80441361766
4455,64065.10379927543
4456,42677.24982660268
4457,35329.94173004356
4458,36393.50364570667
4459,25694.213852849552
4460,5385.984975248503
4461,47316.253063969874
4462,47146.74935021416
4463,79868.23017920426
4464,181342.57580457834
4465,3329.625558798778
4466,10849.207888899055
4467,112853.00939782363
4468,19706.035809587767
4469,78407.06752077663
4470,224785.82241315633
4471,17481.920427138037
4472,46098.209660968365
4473,45497.085874662815
4474,25338.186477449828
4475,56974.44921708863
4476,8780.696827129459
4477,122156.02594461362
4478,54673.78345620874
4479,34434.50244268557
4480,45815.66267428558
4481,52189.78153484498
4482,51535.95342849553
4483,12340.04960668597
4484,146924.7973364447
4485,58160.25670581418
4486,48152.832333292965
4487,50314.1888826312
4488,126198.49420064644
4489,35763.6515707568
4490,218843.63277364417
4491,72564.84650047333
4492,13774.88151869735
4493,50489.42954121011
4494,1814.484216622376
4495,36001.911875310834
4496,45713.67406183732
4497,30910.622349946465
4498,47278.489679538965
4499,19615.013737350975
4500,41938.0420914015
4501,46758.471443219976
4502,58435.60500428368
4503,54544.76436796941
4504,51635.11226057921
4505,92516.7929751193
4506,1266.3536062170078
4507,105692.1409825328
4508,16263.305632581567
4509,74574.28054550092
4510,3047.479703531689
4511,41409.58975894469
4512,71108.46809443987
4513,8653.371711561029
4514,45978.45002294129
4515,2788.082785846743
4516,48471.51166072796
4517,16866.4365614141
4518,35722.62170317825
4519,43106.53210081786
4520,62439.63358562721
4521,183507.33670017787
4522,38770.967314142654
4523,198924.98140819048
4524,15326.48620431126
4525,92403.03845112008
4526,168226.37991729978
4527,22752.576237999183
4528,58774.041277505676
4529,70950.93913637115
4530,16412.87145023691
4531,99264.56512659385
4532,46000.31698025127
4533,13216.567558556546
4534,51960.6662932295
4535,53474.10378910927
4536,142207.5005638425
4537,93817.40191276597
4538,109631.33218115936
4539,82399.79629781985
4540,194806.2352297981
4541,48444.40117294009
4542,20740.120737445977
4543,48045.137576560264
4544,6628.9439720984055
4545,40873.59594694079
4546,38317.939914545685
4547,96565.71107399352
4548,42674.2171305206
4549,17839.40282637714
4550,5612.2412299419975
4551,42592.179393910454
4552,84406.79259277768
4553,206642.93311803983
4554,45724.356997647665
4555,46678.155091745524
4556,5689.900104368362
4557,61553.35704626428
4558,16571.68204810995
4559,25083.870377523417
4560,65692.98797753132
4561,32655.24409431602
4562,51511.60649153007
4563,66711.46587140541
4564,57957.2984670961
4565,54774.035468916365
4566,29593.850279231614
4567,63910.14191467756
4568,132990.36552207862
4569,235142.85385604788
4570,46519.38254051325
4571,52214.70794099453
4572,46448.28141760334
4573,33383.343968161804
4574,108153.21450657456
4575,32324.021575421997
4576,71607.44493217154
4577,55537.63072817872
4578,18497.003814559313
4579,38977.82431578207
4580,157830.81388405574
4581,11643.147829151412
4582,11418.833879206342
4583,56079.21935205783
4584,50010.687840124156
4585,192180.62777510975
4586,105732.60170316458
4587,16864.34498143971
4588,11451.047283130189
4589,5274.433054602489
4590,76446.24403045412
4591,3877.949831725019
4592,65208.00708366632
4593,45218.24092258909
4594,92748.9735246567
4595,51778.131144354644
4596,51177.26664354568
4597,67982.8637652482
4598,5642.781396201663
4599,13195.07867081128
4600,37897.363188859614
4601,44452.78656622127
4602,43955.61178865924
4603,96408.27280554056
4604,61302.746655411225
4605,2460.347372390891
4606,42668.67974092967
4607,51281.451603536465
4608,48988.169459981036
4609,63412.753735212966
4610,124276.31690924618
4611,78293.86597321332
4612,70331.63409618667
4613,1766.4762464545688
4614,122669.0696782403
4615,85994.48473366446
4616,8590.371390938211
4617,274057.10052661586
4618,5830.563162639828
4619,57556.572012909826
4620,58855.76962270438
4621,23490.872384685757
4622,43429.86756967296
4623,163813.61166579023
4624,5690.484741239663
4625,62370.11878810804
4626,44280.129530053404
4627,33947.16412742784
4628,32524.3104899589
4629,46757.098778111824
4630,72713.97401097226
4631,33598.60878768211
4632,47450.43618886973
4633,72553.77902707917
4634,19397.22702593521
4635,120987.57101204939
4636,31650.37681647673
4637,3505.612062912436
4638,58024.64078233516
4639,81325.63834014595
4640,78072.36450059358
4641,62547.498686942345
4642,30265.77468027096
4643,144306.7877398897
4644,43358.85312675901
4645,97899.7214819641
4646,36658.307755988535
4647,56679.79764099617
4648,17582.444882889235
4649,19784.435359846364
4650,124313.9249204876
4651,3766.7328637172495
4652,73329.7708435781
4653,190354.08729367962
4654,1577.6947094181235
4655,50455.08284866148
4656,46126.92255906985
4657,62706.73439252694
4658,74154.98314756535
4659,134364.8483098812
4660,11146.919314560411
4661,7075.035755066208
4662,56758.20643919057
4663,158234.58606448438
4664,146174.75696240657
4665,15918.964126859293
4666,91134.86716395908
4667,18718.57434330941
4668,197738.51952348137
4669,66297.19036865872
4670,45747.05611719699
4671,16386.15448584419
4672,43113.627746295184
4673,28512.525437255805
4674,104122.2192397351
4675,32059.743784056118
4676,58110.277064726564
4677,156031.90632344864
4678,30576.47283279848
4679,40951.50471837293
4680,96321.2701869072
4681,55860.728688644296
4682,79545.73671891699
4683,1450.0004236720044
4684,26325.066412745662
4685,56866.81935385266
4686,9861.166020268834
4687,46366.37599892722
4688,46442.734812838724
4689,30582.209349403358
4690,43718.1696150272
4691,42721.35146362462
4692,60815.85434115393
4693,13549.5811501884
4694,47248.93886742765
4695,154530.37104538034
4696,70219.58720728468
4697,80864.20923486617
4698,44555.21296594339
4699,42706.963005416445
4700,27541.892890309202
4701,156738.38508945075
4702,75144.97755130321
4703,207790.70086564432
4704,25636.36736017908
4705,100558.86634231682
4706,43026.10275845844
4707,16404.895111055055
4708,104300.03049537705
4709,70542.82172313689
4710,46715.23628187926
4711,1801.6963948200314
4712,39375.27640477669
4713,53641.76377888217
4714,87650.96182553147
4715,85294.25267665331
4716,61252.056995580686
4717,68241.80290639262
4718,108420.48366514803
4719,6661.931485006422
4720,58120.20183967532
4721,36293.40295071599
4722,120527.98519265048
4723,64534.39409700985
4724,6170.685264859724
4725,34491.80053190747
4726,51687.22958994781
4727,54185.655768847595
4728,12266.1322795766
4729,189369.7029863122
4730,70573.39249059046
4731,77545.83750142058
4732,33297.39200912934
4733,155986.67959135267
4734,77797.92224538734
4735,49412.54690034677
4736,16425.565283119555
4737,8900.520549864432
4738,35396.9733563656
4739,49926.48403058264
4740,2544.429492865651
4741,27003.287912585354
4742,141418.12464733783
4743,215924.1992249454
4744,67459.89837955615
4745,3429.340511938832
4746,20240.170652926117
4747,24653.956506182105
4748,43433.71909851296
4749,41882.22393428099
4750,50037.89772560641
4751,20465.24298810911
4752,165927.02938841487
4753,87249.5087782536
4754,33114.24368767547
4755,1264.9610301547089
4756,20597.86655037937
4757,193456.8409550748
4758,60250.82332467824
4759,30754.757894398394
4760,40488.85241201645
4761,42162.92657732593
4762,68138.92854441106
4763,45120.99624483596
4764,3812.5905097147865
4765,80814.90877870857
4766,43898.57969076641
4767,23601.89973634848
4768,3328.659411733248
4769,40990.6018647385
4770,69387.04834764407
4771,137013.5374934632
4772,41837.589933988325
4773,39973.57860524502
4774,63850.79494195043
4775,17653.13429317903
4776,27942.974432174502
4777,11908.723665296773
4778,51670.838720179185
4779,88284.748752772
4780,58219.45655335492
4781,36244.08314547388
4782,39719.72199284778
4783,27023.26222824626
4784,28734.573052128908
4785,32523.487664299177
4786,121115.36558086252
4787,45518.925993347606
4788,161972.6995913144
4789,46102.713033218104
4790,7223.440233477667
4791,77866.57589986832
4792,85734.43460510837
4793,193780.05348464323
4794,55245.687582790626
4795,84563.90309130774
4796,5142.947006368228
4797,6455.198016442596
4798,72024.80802763697
4799,29148.593448348074
4800,106353.54372971141
4801,61128.253120745554
4802,33671.54229386449
4803,40538.42868451028
4804,45952.0048034514
4805,52024.67399675303
4806,34344.24638609528
4807,45667.44842031944
4808,30117.40028456294
4809,11593.140897755651
4810,57454.264593439926
4811,58207.049810671946
4812,83094.29919387134
4813,50832.89994773289
4814,72715.77586131103
4815,77862.22218022494
4816,49496.89910528754
4817,22974.081720369184
4818,15965.024011166832
4819,16872.811236551355
4820,7414.664523534007
4821,65517.03674500607
4822,6971.746603179322
4823,144497.19598653502
4824,25955.98531656615
4825,59009.856065450425
4826,31878.27308553192
4827,58467.49282453423
4828,60720.27888777553
4829,38538.06239673791
4830,95079.90742680107
4831,54602.908514754985
4832,57378.4752876086
4833,27271.42595158504
4834,54091.69841949429
4835,69462.39701384654
4836,51758.763113170964
4837,37806.455390834824
4838,7249.279532152112
4839,169134.30904607478
4840,70909.99849568344
4841,16649.977466971108
4842,76178.68000916176
4843,52983.99921004891
4844,41798.324753750894
4845,9712.507402506528
4846,46164.86821007594
4847,34252.555219323294
4848,42948.668835243916
4849,82486.26468565756
4850,95298.7742783345
4851,70761.14191190187
4852,200697.6849414496
4853,60601.59814168734
4854,36074.19211982902
4855,41897.77635348844
4856,36833.80328672108
4857,47503.72553131769
4858,11380.01499246002
4859,88619.06219936267
4860,29875.61525714464
4861,36175.89248061327
4862,71095.2283475327
4863,43922.8860893048
4864,63755.34511818647
4865,28659.187618511194
4866,43375.46965713331
4867,108128.26709373192
4868,4617.839885794672
4869,2538.659744041165
4870,56137.041180699955
4871,65233.77131020542
4872,58951.36516898774
4873,48681.17809988092
4874,65329.98061801783
4875,38529.58400533567
4876,25919.680805183714
4877,30697.23312317985
4878,148477.2294983758
4879,276195.707435608
4880,49760.911724754966
4881,182591.14830488543
4882,73877.06124248117
4883,42103.65728894075
4884,41108.69910366135
4885,38635.964374412084
4886,54521.99864763704
4887,74542.53095393411
4888,51654.47827250368
4889,110900.48649315053
4890,13315.49646523429
4891,30860.68607419529
4892,85588.39567534822
4893,1471.147578738164
4894,50386.80363018998
4895,71974.94088850034
4896,8105.168127067956
4897,6525.695446831568
4898,50431.84087125771
4899,41030.265550506054
4900,50256.85557423311
4901,2529.0016300056604
4902,47526.428816008796
4903,31857.127975866133
4904,63709.01177559697
4905,235346.06982215183
4906,52812.20945385605
4907,2211.8093512412383
4908,137331.93740822136
4909,204241.9505903772
4910,44111.215697337655
4911,44967.9420892972
4912,69780.0309169275
4913,11172.69733741141
4914,42666.585464029464
4915,27304.886023678708
4916,125087.346627425
4917,39536.597642934365
4918,135296.87741096818
4919,53593.36239302266
4920,51423.63889021516
4921,39317.82627318429
4922,52430.95328126389
4923,175378.13233719967
4924,17363.95953369895
4925,150569.93876790596
4926,48086.037437503684
4927,44331.156290886225
4928,162681.25603424464
4929,168926.73401589462
4930,37773.65020687526
4931,191135.57964734893
4932,11694.449939306058
4933,12921.868178182072
4934,2514.7896637388526
4935,4317.631599065748
4936,47472.10849457408
4937,61849.778054004855
4938,10752.963651232662
4939,53132.05899107538
4940,34990.15782565884
4941,95233.15798712312
4942,154217.41783002455
4943,74894.51619515024
4944,32796.56982544116
4945,215508.84283144108
4946,4112.618709958068
4947,27080.71399461241
4948,31223.530395760674
4949,56638.226850026535
4950,126487.29371522338
4951,4981.68722251226
4952,23828.178350769573
4953,41728.17088722006
4954,71760.3647233577
4955,5220.198501154378
4956,187857.4692385296
4957,54458.49160383682
4958,6238.37132971035
4959,27765.4636113263
4960,52577.34345996494
4961,70517.87006292162
4962,171111.52672399746
4963,135733.64346891787
4964,18657.520480056068
4965,54635.27129874149
4966,81889.14901449106
4967,46866.77692191969
4968,56485.105665306284
4969,74502.71029414232
4970,89568.84795261241
4971,50782.85973677518
4972,28864.07394894997
4973,72189.22629857855
4974,39462.242140741844
4975,43511.28367293067
4976,41473.62332714858
4977,56021.591830574944
4978,12600.767886841313
4979,48526.29440221
4980,43761.310106591525
4981,9121.896346421136
4982,123371.47228018679
4983,68675.2090979716
4984,16916.83128826647
4985,53910.35516636688
4986,37431.276420442904
4987,8343.661934078855
4988,44430.01556337835
4989,46966.403536007536
4990,116698.4337699941
4991,135186.28737949327
4992,44396.38752342168
4993,40524.40232795791
4994,51113.49602384805
4995,4115.403434304617
4996,6320.648905003505
4997,70694.64157437399
4998,25447.760631098907
4999,44086.79785186497
5000,17324.028042148668
5001,71038.46860444706
5002,18437.685610697477
5003,129494.69074177557
5004,179638.51964930035
5005,66749.20043599853
5006,1830.9616321002518
5007,74770.31325372968
5008,113026.54490107037
5009,41720.99292874414
5010,2274.189265675985
5011,59157.53695164624
5012,71515.38890196434
5013,41390.61867597643
5014,108190.35225721737
5015,26969.906367212658
5016,39556.79859652333
5017,47578.924945306295
5018,52844.242301977814
5019,7755.166021664203
5020,46682.482448539646
5021,94650.43245289926
5022,164899.3673960105
5023,114736.1046909922
5024,4474.6535195707465
5025,16631.58251746383
5026,152777.75187923203
5027,180987.2317084671
5028,48371.61144783404
5029,95485.001254995
5030,39410.879071892
5031,126674.43288204873
5032,106469.55805408674
5033,236864.97477513953
5034,59620.34861622904
5035,9983.051582367922
5036,3218.3224505817743
5037,8323.987332186607
5038,21185.038840925896
5039,127952.64426860413
5040,97073.08760286392
5041,3752.540090999743
5042,50496.875669055655
5043,53488.97086995509
5044,142413.28355230982
5045,47713.91109554289
5046,14440.60470853885
5047,126269.02082741144
5048,33498.80422113104
5049,64350.86419387462
5050,28089.793156531752
5051,133493.41296284655
5052,69372.4218755478
5053,100014.73875083619
5054,93482.98378626432
5055,37781.653871872215
5056,80223.89747663721
5057,59761.592316626986
5058,62701.139812705034
5059,11229.057648767897
5060,46889.63972389786
5061,45291.3391657067
5062,54391.46623677691
5063,216992.32847176385
5064,33895.7956628169
5065,59262.167145282074
5066,1752.4685112625793
5067,50518.56021388797
5068,37755.31009574488
5069,41039.88433304238
5070,5132.326364487875
5071,80356.01395731975
5072,41540.77648636179
5073,50541.512470150374
5074,28320.79710779708
5075,25522.93258378625
5076,36199.69385645202
5077,44258.96725991297
5078,135801.26693722827
5079,4030.791085604103
5080,30985.912989297503
5081,3898.070790272867
5082,66365.30018254936
5083,44667.43061621847
5084,48373.01531261642
5085,48359.65532716847
5086,9488.902837410886
5087,65921.46560189867
5088,15353.123632640261
5089,89257.41960130674
5090,44092.62898231444
5091,12575.921244145007
5092,61628.54437992081
5093,39771.48843048503
5094,89300.61965531806
5095,95839.35744231574
5096,37806.62451544676
5097,147754.22055328495
5098,105040.16235262813
5099,35827.83717855686
5100,33636.7426797799
5101,123316.26548594963
5102,28076.40696666466
5103,52606.41676034
5104,39174.48779483153
5105,5106.244813386393
5106,53826.334993643635
5107,75923.53356359906
5108,25525.979960508095
5109,95686.68412363989
5110,23231.2311471613
5111,37241.27626543489
5112,69604.80072908338
5113,182215.90998197073
5114,34745.66326204033
5115,31837.139476697066
5116,41197.87105308929
5117,150621.78996504378
5118,176224.01364619558
5119,14721.58478674477
5120,57131.834693049634
5121,48985.89370460162
5122,22414.554796052867
5123,52662.66973488843
5124,99340.16460482845
5125,27835.74180386345
5126,56107.11846125557
5127,96044.8391614888
5128,63012.62909334138
5129,54894.01138379417
5130,96586.44824824383
5131,47561.8586233008
5132,24440.92743492058
5133,45337.60191483456
5134,121299.95010724592
5135,21629.470966701963
5136,9938.482101891046
5137,951.195848381737
5138,1366.2367157577619
5139,77274.68787774512
5140,2981.4444486547604
5141,52607.154346021234
5142,42400.06806896811
5143,65101.372724112814
5144,29252.765583015094
5145,54621.314416966605
5146,50203.91116291302
5147,40902.6866141639
5148,3027.864483649468
5149,114999.39242737039
5150,7888.125992342834
5151,136720.33062566884
5152,84937.32041515507
5153,43962.911065095635
5154,172541.7159163922
5155,40023.76204565805
5156,24741.11035830837
5157,56312.998160005736
5158,40650.04788721374
5159,46992.34221732664
5160,249006.33685472817
5161,17139.391649515972
5162,64474.0704927523
5163,52352.692191989394
5164,53182.799888023794
5165,155720.78494740205
5166,80613.14411193073
5167,26840.493305292788
5168,40113.87370850767
5169,159793.56438424604
5170,56512.76858700822
5171,85227.45394074431
5172,40712.86793886828
5173,236496.41212353524
5174,254452.07814291338
5175,135053.43891698366
5176,135996.02451794661
5177,46613.36365682521
5178,4813.668524911858
5179,78944.95439621247
5180,44927.23889694742
5181,67723.09314554265
5182,19499.315314035674
5183,37335.65562558269
5184,65515.88772863835
5185,79969.17354353947
5186,62071.59997901812
5187,24694.72478193437
5188,50664.103272493885
5189,66516.746184284
5190,22652.60071205802
5191,67594.24138708485
5192,56116.105563292884
5193,30726.662322609278
5194,52093.10268150047
5195,274468.08565113775
5196,143993.91522882797
5197,11844.00237695089
5198,57285.01517503111
5199,49990.739267617566
5200,77379.54659361223
5201,50668.68229466493
5202,80718.69995361922
5203,45111.37894727525
5204,4612.239722732196
5205,71712.29468292289
5206,82574.93031427507
5207,69750.96021063859
5208,1174.1706420808398
5209,33980.29796394081
5210,7197.098410227003
5211,33796.93999559073
5212,31456.265865094963
5213,45473.088720999636
5214,11125.076567117458
5215,21431.228971110126
5216,12383.84929654665
5217,53755.59315192772
5218,46859.09082798929
5219,38842.01636787641
5220,32570.10981079659
5221,52635.328606962
5222,4858.739460056828
5223,24206.48346269581
5224,99120.92896954731
5225,49159.20268606765
5226,4320.22287461422
5227,51364.86827802795
5228,8890.281721932584
5229,79074.2978947968
5230,82696.68765057794
5231,17085.67531909426
5232,80197.55414091056
5233,45927.07322169604
5234,43336.93317967539
5235,90436.70365032891
5236,48802.51553866829
5237,147894.55010392118
5238,181107.772127391
5239,58721.01487628974
5240,36866.11513441112
5241,8931.977598035955
5242,101462.28477167297
5243,21569.605472452728
5244,35964.421077018
5245,120351.25162998916
5246,119783.37218075733
5247,152002.34607625272
5248,88392.91172935093
5249,142947.9217586848
5250,100526.59515044435
5251,149088.59595328118
5252,188695.0015730174
5253,74976.19934703781
5254,115827.51187011639
5255,167884.72610357843
5256,88828.22993176535
5257,90034.57952622797
5258,60105.116747378815
5259,68786.60182869849
5260,45719.23690816532
5261,94356.34242409912
5262,13793.478728516888
5263,37081.33447127407
5264,72823.3739767334
5265,32538.97057414206
5266,5070.320711141401
5267,142213.50102245845
5268,45471.69262028501
5269,44322.96764777322
5270,18696.610211117615
5271,28870.799996223177
5272,26954.59725786253
5273,49787.74796019277
5274,58415.719131545025
5275,16643.477632687645
5276,55945.081405818775
5277,38644.8806144998
5278,63111.171531383014
5279,37800.31952891342
5280,51267.23297413988
5281,57964.722196689516
5282,32532.76678188834
5283,75504.51085254634
5284,46878.21586664037
5285,126216.22537008811
5286,119701.76443854904
5287,143286.07701704898
5288,83748.45830203273
5289,97153.81000390348
5290,41366.77480970827
5291,104688.44696995048
5292,46204.99551719749
5293,20995.831506229904
5294,17653.137571412986
5295,37106.81136470611
5296,34068.77202681133
5297,32522.295521934204
5298,66358.89148909827
5299,42432.618564918506
5300,70972.4274049332
5301,51565.840715661805
5302,160825.86989611178
5303,36321.61405335316
5304,5328.330225320993
5305,29738.887704811983
5306,211912.58920568458
5307,63083.33574364978
5308,28434.86138951905
5309,171494.11525394284
5310,96400.40292658724
5311,147725.20451424166
5312,39280.55531040688
5313,102719.32931263048
5314,114009.22409545502
5315,1654.5894821986103
5316,35142.007591765694
5317,128246.22162551222
5318,38523.25523204485
5319,21719.78126193919
5320,134007.6625752537
5321,83147.7718698564
5322,107683.79891134161
5323,34734.72397256656
5324,23305.148373866916
5325,26681.161518071844
5326,32210.000060490507
5327,38797.35061032028
5328,47994.38623412751
5329,100963.16162641233
5330,127968.23880802706
5331,11727.271640994368
5332,72064.87233593717
5333,61187.37886513655
5334,41405.77819920147
5335,30041.36514987805
5336,89156.86408263823
5337,5013.547226863312
5338,45663.295015777025
5339,200688.58700862384
5340,64104.813309707766
5341,7294.556195485142
5342,7672.558741398872
5343,4944.61938964106
5344,211891.01454223038
5345,108641.90520887283
5346,7831.944816101452
5347,43970.85118691194
5348,53423.75846798767
5349,2258.004773032166
5350,179459.74778960893
5351,57114.23666450159
5352,3228.0387181586607
5353,51820.07177462708
5354,3413.6361719777587
5355,3898.459166020562
5356,47237.426343225205
5357,80677.73951001745
5358,69533.34467733692
5359,31466.635779210024
5360,63692.31495700791
5361,7469.355632002929
5362,21011.083839993746
5363,66339.88752100187
5364,49830.02643925102
5365,34675.9956580114
5366,4506.862013264658
5367,60767.04405063302
5368,24373.558016438637
5369,34137.14713704053
5370,54430.33533125773
5371,212618.61684600418
5372,50074.0519111922
5373,4495.850478530804
5374,33273.621360841906
5375,24903.94401142211
5376,37562.19808978907
5377,146223.0593620142
5378,5888.994416824867
5379,34431.9221687906
5380,6463.652518150084
5381,41053.773120293175
5382,58401.54911552038
5383,39109.70624643942
5384,13024.452242747973
5385,34822.74938385315
5386,100951.78096607662
5387,30779.449071310297
5388,7531.170409178348
5389,44533.70217191821
5390,33006.62734874506
5391,5372.470674451975
5392,242825.14209484513
5393,32247.837477504425
5394,202512.42290969906
5395,107003.37354056408
5396,195194.16869381745
5397,80620.00442183326
5398,2406.826019550375
5399,7382.8671869180835
5400,23649.403781113528
5401,197482.4953297016
5402,26105.400021003923
5403,41238.823101988615
5404,17438.479325106917
5405,122092.11503749533
5406,34146.50921252208
5407,81337.96101067786
5408,15027.809799364852
5409,1345.9521438256288
5410,44691.069894758504
5411,53013.8715152896
5412,85357.43990682076
5413,53232.92220129896
5414,49425.49582478842
5415,48347.67212222749
5416,59802.47806001235
5417,4503.8640400582
5418,69368.08321704839
5419,68977.31451897076
5420,207552.63784884696
5421,85320.79483488112
5422,58511.214667552966
5423,28502.91666276561
5424,3341.63693970851
5425,74957.52079797741
5426,4116.250703755083
5427,120405.48423102562
5428,16934.034036241363
5429,54027.63990416332
5430,25157.45358726812
5431,60248.834647320575
5432,10816.794013597773
5433,71296.9542068447
5434,9685.161171580896
5435,123703.67262813717
5436,150645.66479480313
5437,53987.04592657961
5438,46527.44743094744
5439,5853.259690278585
5440,92199.37545626351
5441,10700.929015552374
5442,58339.2174979821
5443,47257.69404975899
5444,72233.67942157763
5445,81619.33259313162
5446,54147.150473956084
5447,3737.4567299256923
5448,71208.98482433832
5449,12831.964490978991
5450,48116.267481592964
5451,34657.01723462085
5452,35691.128770780975
5453,1001.2000491622274
5454,2563.043750554279
5455,56472.763314031494
5456,31537.641857665392
5457,53792.40905789151
5458,51321.0327948312
5459,172223.0513431705
5460,17846.353644383362
5461,26539.602209525106
5462,191200.05496749334
5463,52119.17065503059
5464,102853.31311584893
5465,40385.94822593891
5466,140877.13322707245
5467,150918.20275351932
5468,40169.29359963474
5469,100486.51669693849
5470,53889.614501972486
5471,55806.78582286096
5472,55507.030390149084
5473,43480.08706377392
5474,4317.751804703401
5475,1765.3165267953245
5476,15468.86122548348
5477,223486.4172074893
5478,91761.76788088183
5479,47742.30285564142
5480,43903.444428056
5481,149367.42727457694
5482,50907.329855088625
5483,248888.210458103
5484,47841.372686860464
5485,12534.907649705301
5486,55074.5519771574
5487,34851.23502232941
5488,22744.522138373424
5489,30807.653567316287
5490,277488.51538966986
5491,2903.8533438077197
5492,20199.605204922424
5493,77665.42347149299
5494,27170.694455156823
5495,5794.893613091277
5496,71197.70693893409
5497,21449.94549146505
5498,132128.05042639354
5499,113505.30664088234
5500,19226.21919321938
5501,74731.11855890763
5502,31305.58920396777
5503,99995.48003651283
5504,84055.95191592387
5505,37548.33400468048
5506,52041.731068769
5507,38441.76497627237
5508,36708.47790853986
5509,34061.35127578332
5510,70246.07921080923
5511,23642.284108726482
5512,87852.9123420239
5513,27191.86907357337
5514,52559.38082223093
5515,52801.852657757096
5516,38458.802822969876
5517,31243.275018344888
5518,33909.1733994257
5519,39136.13219007167
5520,16996.172680990483
5521,239568.7633379846
5522,45628.35312522181
5523,48134.25684315263
5524,22919.97134745209
5525,45924.61506348849
5526,34957.250058345744
5527,46900.03825311973
5528,67798.63000317164
5529,41618.841704985316
5530,31883.921358767788
5531,14443.886713713462
5532,128248.28718049514
5533,71713.3200356938
5534,66655.3223681438
5535,169010.3047929607
5536,18733.167787340804
5537,50542.45824384381
5538,13321.955781035887
5539,39588.259663824116
5540,41150.78267437191
5541,46026.9164031118
5542,47803.66150105846
5543,4382.818766074775
5544,86630.51147915682
5545,67420.27911512971
5546,27050.393252582668
5547,11258.16078851391
5548,80313.99995054856
5549,109707.12145991327
5550,114085.0490321241
5551,39703.23053360581
5552,39932.54254165756
5553,70659.93444464888
5554,29714.452385335153
5555,58198.24600708441
5556,59844.61007424047
5557,5224.963273568608
5558,1929.6045048225915
5559,74175.84607258832
5560,199301.68110643528
5561,73247.01585787363
5562,35661.09018250295
5563,70851.62062728325
5564,19735.19460699334
5565,94879.56920671901
5566,7445.523542307265
5567,175610.42753544755
5568,162579.39869877804
5569,88772.21362848335
5570,40449.02705882954
5571,47871.70994854033
5572,41163.4603059272
5573,103611.79591954306
5574,99362.57375758575
5575,72667.88206630781
5576,5773.385021783253
5577,85544.51037855989
5578,11060.816912782677
5579,45663.802954942395
5580,250670.99310753815
5581,92781.39044042144
5582,72406.0793130603
5583,62167.960992932676
5584,10683.174675373695
5585,17508.79880492786
5586,1647.827864136408
5587,33215.360119718665
5588,126745.55655909458
5589,120453.1717497516
5590,63857.139607172714
5591,8116.392398685793
5592,43435.32502636561
5593,238824.29448656272
5594,107076.67903061035
5595,225682.77607177128
5596,9301.048713467113
5597,147159.73350945575
5598,32583.898889683667
5599,46180.94688726732
5600,14278.572569079251
5601,42222.258053838596
5602,52651.21555497158
5603,36117.99361045947
5604,5840.732141076221
5605,30164.116385452835
5606,29098.72335870002
5607,147600.74773824392
5608,155180.4018655503
5609,62722.84766074464
5610,175838.18532821248
5611,13067.902221146318
5612,49952.13966283307
5613,1529.1604335458433
5614,44045.43334892228
5615,59725.41996450698
5616,38816.529409859395
5617,4382.08510843077
5618,78868.75792254547
5619,173927.31619159604
5620,49084.00035930593
5621,20909.757316502815
5622,45755.63066670276
5623,186779.5026903012
5624,37357.413309284995
5625,47430.93426514352
5626,84866.2019598614
5627,192567.41503036083
5628,70414.04008065551
5629,84558.38717743354
5630,191020.36552313904
5631,59493.334562739336
5632,50166.28188550548
5633,36347.53297340103
5634,69983.40704794407
5635,43021.64922078803
5636,58068.75000937192
5637,27930.208193227725
5638,12820.720929674188
5639,197871.68395370105
5640,8834.649466262823
5641,75481.89218495676
5642,14002.199761691276
5643,91399.09145043
5644,65410.77267299415
5645,180393.12979142487
5646,38742.66630916167
5647,43154.104782690374
5648,125739.02147313647
5649,7366.694476632792
5650,11833.719728122174
5651,185137.59548694178
5652,169722.32140198437
5653,19750.59639101931
5654,2415.4696810531686
5655,9826.58329541811
5656,56831.84897494458
5657,43119.10177045564
5658,46614.41693609369
5659,21864.138517101957
5660,5243.056597283701
5661,81742.54402980208
5662,214439.97725817657
5663,58562.919311726866
5664,60515.380463226924
5665,19822.4181106884
5666,29909.80815563992
5667,93971.77406397712
5668,110484.15476483572
5669,179705.17612707365
5670,38509.11371350056
5671,49878.74749860143
5672,6553.971975231929
5673,19460.03532559336
5674,53710.43457783881
5675,64218.52842820369
5676,4637.811369991614
5677,15789.35963654661
5678,253629.59421729873
5679,59014.72046130391
5680,140524.9895598432
5681,62145.93541488751
5682,53100.488184379974
5683,46427.32164003963
5684,69262.70572682068
5685,58104.835437876965
5686,86242.2635438209
5687,202156.83476280695
5688,10280.022792011949
5689,52094.05189083675
5690,10800.11885442213
5691,46239.6270626872
5692,28296.63101571899
5693,67785.00008324387
5694,20250.985447268366
5695,93879.53833587337
5696,9309.476165511858
5697,2483.466140962202
5698,44471.812116981324
5699,42362.576766125174
5700,31392.80555783631
5701,97977.4976370013
5702,30159.73569252461
5703,73146.01910641362
5704,73258.87892839524
5705,100041.48993989524
5706,54743.21633548566
5707,147072.78307247566
5708,27901.858852168414
5709,78439.46741038654
5710,67753.66120843714
5711,48646.89825341775
5712,45309.65700915014
5713,21597.0537029349
5714,21275.54516472877
5715,38316.974951432276
5716,62379.31148713071
5717,113695.64604590782
5718,30625.726326262768
5719,15180.84051524465
5720,77972.86115218991
5721,108527.63341890165
5722,54700.65218940053
5723,6955.461292427431
5724,71706.29239454315
5725,62092.45965663091
5726,205607.7162772995
5727,46429.56118423071
5728,3555.5327130579662
5729,57584.37387438134
5730,32827.824548058765
5731,220412.85941632465
5732,50997.38984640939
5733,53148.39142015239
5734,97824.71807665442
5735,19874.54347072588
5736,45836.45977195879
5737,85175.83697647051
5738,24714.35241110092
5739,134841.8168520708
5740,67139.77855166608
5741,36604.245901297254
5742,86631.22763406548
5743,160668.16586723423
5744,189231.00044453144
5745,201810.41269621893
5746,53280.77778282726
5747,28614.944579403484
5748,59133.11115952891
5749,79942.13564436347
5750,67488.65964444599
5751,34129.753407554315
5752,50369.219896432325
5753,46222.223573567804
5754,136345.27476681466
5755,3575.0952479444186
5756,1962.1324426087583
5757,55839.39220751907
5758,54412.93692116055
5759,70629.85258658917
5760,23541.531717373167
5761,36953.44016130085
5762,162129.8785482391
5763,19641.12494384649
5764,101258.4677789709
5765,99536.42205372873
5766,34894.548004578595
5767,45695.3869898623
5768,5883.772320579975
5769,47900.1337877707
5770,50493.726859715105
5771,54539.80693927182
5772,7937.241737881114
5773,59229.862218611976
5774,63718.767145525424
5775,118016.77932611706
5776,169182.25186455928
5777,19161.49837985568
5778,73987.37535135415
5779,53428.19663205381
5780,63305.9653921039
5781,120837.3125082943
5782,173013.84364303073
5783,136492.03461550132
5784,17538.20811379731
5785,90553.02273110715
5786,38784.719688434154
5787,88477.04138098485
5788,29675.53261816258
5789,47058.47882071625
5790,142505.91363310182
5791,149913.19307054847
5792,22973.145226732267
5793,93698.55972242398
5794,83266.36858763074
5795,40133.01033912533
5796,77275.38853730023
5797,36649.92172260803
5798,14127.230032817923
5799,74874.75789788096
5800,100184.60273780697
5801,85305.25941257253
5802,190564.15868944183
5803,80965.05198559025
5804,14500.627364230097
5805,51979.3317523775
5806,55669.24841395369
5807,33892.160359715424
5808,2879.7478275847816
5809,53438.20840844131
5810,3194.9895284169265
5811,131269.6196735734
5812,35428.42347371654
5813,22770.86505270933
5814,20400.853248030555
5815,13262.973543744993
5816,56436.342731941426
5817,47263.436189927656
5818,67582.49312063107
5819,75690.79420437773
5820,45512.078824437966
5821,101069.29274123377
5822,51436.136432898384
5823,2088.948789499999
5824,63171.0527398774
5825,51369.2796099002
5826,14710.77513085065
5827,51471.85464308738
5828,25056.039010909255
5829,3237.4700821343613
5830,4744.004447449007
5831,53677.937272192714
5832,44333.618472656635
5833,32039.218653496977
5834,120737.01429938115
5835,61575.01323925506
5836,6085.280354421212
5837,39613.420244503985
5838,4203.053244076302
5839,5176.27692610582
5840,10155.472678268265
5841,40903.87210035897
5842,67041.98629290314
5843,10795.111001216299
5844,46589.0372393426
5845,29925.56476417203
5846,13193.019255302277
5847,117667.29316825487
5848,51074.53439298509
5849,68966.13454318314
5850,52018.933104255855
5851,8445.647473184354
5852,53398.43618161238
5853,47126.07324294128
5854,142228.57049681223
5855,226770.02437809057
5856,13376.00246760714
5857,54704.76404173633
5858,5768.050992557653
5859,31987.73389075424
5860,97960.6023357069
5861,42845.921839970084
5862,74678.90125801513
5863,49062.802883549455
5864,177319.077807116
5865,42460.7037853964
5866,41123.770418544256
5867,37623.83281565322
5868,30949.663685712032
5869,40512.003748325405
5870,63528.215558962
5871,85545.33064452048
5872,24568.69798942339
5873,14725.154706623185
5874,46164.33470624296
5875,124053.06263191873
5876,72475.56470638055
5877,109754.62393713072
5878,22268.383905362676
5879,56439.20687413913
5880,76293.34318840099
5881,142298.4557605899
5882,62617.07896065684
5883,101629.15948671353
5884,47883.25345294105
5885,180702.4517956991
5886,3264.319142084402
5887,32564.265699625976
5888,5946.861971744207
5889,28988.112463708545
5890,46247.79249670855
5891,38133.12372903111
5892,78991.61805762419
5893,4093.246535731434
5894,58098.15524385649
5895,76990.51391119746
5896,132629.13178378687
5897,55217.49230718505
5898,61125.753365846795
5899,25155.098956951268
5900,43102.349834417684
5901,70040.25019236305
5902,4877.735562543119
5903,68042.58249009587
5904,62097.745833239715
5905,80619.63526562935
5906,19017.276153522576
5907,138185.3976071651
5908,41490.430843544265
5909,23068.47342579125
5910,31393.656645365376
5911,5785.431854023459
5912,209658.6927897654
5913,10922.237357878597
5914,104573.33795187999
5915,6757.243706019927
5916,212161.58671181108
5917,39358.25806996125
5918,58439.63507499386
5919,9268.163549065897
5920,30654.62379322925
5921,183043.1236246182
5922,33502.37381334245
5923,28617.367878961344
5924,117573.08528307221
5925,17833.425620761664
5926,45430.59976391641
5927,24426.350342169986
5928,10458.572209749971
5929,133326.477385967
5930,61967.898500701216
5931,14945.297801848275
5932,2753.913267914833
5933,73501.88538868958
5934,8677.455085703838
5935,19613.156024801952
5936,82278.03970035052
5937,86467.76628801216
5938,104030.5172252665
5939,17214.613369421404
5940,40338.72587242532
5941,55377.00691822371
5942,56903.03717244457
5943,30328.392939531426
5944,62821.31684047934
5945,17814.731356084787
5946,47599.08211957125
5947,60502.3924675909
5948,41503.56650566431
5949,206881.9649034561
5950,169730.40064094652
5951,876.4712077518878
5952,53294.66203235341
5953,31533.046453745872
5954,42811.1308284112
5955,3257.0259998713113
5956,10672.581968826642
5957,3863.2222742989434
5958,7101.902788936139
5959,46416.867134636865
5960,9694.332782848192
5961,62242.34472357962
5962,2002.0814137255543
5963,39256.74066886328
5964,51996.15949914559
5965,16246.767501044129
5966,37601.96353427219
5967,16273.447293605457
5968,44964.48795918425
5969,62296.42188790745
5970,65690.85359364121
5971,42088.0271083898
5972,3298.2767916609346
5973,18519.571056432767
5974,147901.06215081064
5975,31141.437140635597
5976,56559.940392823155
5977,225438.61666696618
5978,61625.95237486103
5979,93083.6182926539
5980,4650.840395907598
5981,57210.742351209614
5982,5394.494363549485
5983,81504.8934699901
5984,149190.65963308874
5985,55223.6941703046
5986,37150.81398855531
5987,40703.19500627351
5988,2629.253733292558
5989,29772.543427585977
5990,42038.8955841195
5991,66009.98583297663
5992,117120.33177302413
5993,38793.934904073394
5994,31330.373389792916
5995,158498.37362580665
5996,42593.53528639165
5997,207573.32121891042
5998,30177.9689293667
5999,113121.82482302724
6000,8137.5589284818125
6001,11332.097246950934
6002,45959.160964752424
6003,41352.79322586768
6004,7363.267269788219
6005,7250.111125731623
6006,70985.69463393441
6007,218138.20179094156
6008,202402.68635376293
6009,10017.319996975213
6010,71408.2689158504
6011,43525.33099150136
6012,47532.53179649914
6013,34340.97446435032
6014,144811.76562083644
6015,3729.077816689309
6016,97190.94120582937
6017,25507.656332359256
6018,94271.25980745071
6019,80882.58565564724
6020,167878.95200634218
6021,29731.173147221245
6022,21114.236612028126
6023,248041.4407489004
6024,11264.477835483935
6025,42365.14812014523
6026,41152.1882090638
6027,45087.6823200559
6028,14190.26438799796
6029,71672.30706082747
6030,121832.01093595849
6031,30067.320843734884
6032,44263.12044942227
6033,10158.983335168201
6034,30174.926896204997
6035,79318.88948123182
6036,8914.666465050885
6037,54930.26492526911
6038,68239.76533960318
6039,35834.37088161585
6040,47741.83158482062
6041,6789.52233111514
6042,13218.135883995172
6043,41781.980710932075
6044,43796.82732799786
6045,102386.21906556051
6046,71443.56752505746
6047,47545.76777594788
6048,73398.92747765974
6049,40212.1832288521
6050,30713.845517655554
6051,36776.50725448703
6052,240499.51456037993
6053,44413.38663528905
6054,31334.091009568776
6055,2851.899568235026
6056,8340.19985509331
6057,57343.2598943213
6058,64223.15428033831
6059,104811.88173404292
6060,71628.41037866568
6061,51677.41158064573
6062,109474.40761066906
6063,60114.13939556876
6064,2747.6775731375674
6065,85041.74605353229
6066,20956.93860325521
6067,10695.048351671092
6068,47472.99023892487
6069,73272.9849490896
6070,50423.05347297192
6071,49118.683758034604
6072,41967.94188999034
6073,51272.81433155081
6074,74585.73223173473
6075,13791.125349915439
6076,58406.38356827336
6077,6401.170279517184
6078,55841.529097626415
6079,34300.21503493815
6080,11003.471451094732
6081,123756.42251102129
6082,42551.5648648726
6083,56050.05408453037
6084,114026.77579976406
6085,52061.20082988044
6086,49753.630902547244
6087,18825.37193786435
6088,53710.564979561
6089,38892.343640896856
6090,51746.57121017692
6091,56309.16506944312
6092,67116.30556346916
6093,69690.49277545194
6094,155338.79112392853
6095,31940.357144241265
6096,42124.05938691337
6097,43175.64012106244
6098,56900.58176690986
6099,131790.37449896926
6100,38737.105020233255
6101,84792.81637217964
6102,30061.637085586717
6103,33791.53279218475
6104,2891.328172309748
6105,14688.201659680455
6106,20629.635938146155
6107,10927.428059529962
6108,68305.81599759881
6109,128350.00077955032
6110,41139.434580671485
6111,145291.144371989
6112,42264.03578419814
6113,1444.3175418490512
6114,19659.31332072054
6115,173762.98065910776
6116,29845.775504726756
6117,52977.22292039974
6118,44012.05817382146
6119,8066.6848220825605
6120,104836.93059334806
6121,84268.20507723125
6122,121912.34251787282
6123,42999.91430395306
6124,8661.073252685077
6125,31934.15752217906
6126,39224.12129069134
6127,46895.65314867518
6128,55587.15094656726
6129,24164.859454851292
6130,19337.59074798545
6131,14894.374678052765
6132,34752.33591334243
6133,4467.429209095802
6134,7923.65489034949
6135,162473.14609319344
6136,42610.70544098588
6137,46389.95000488807
6138,72512.60480977457
6139,42966.262889328726
6140,45987.42171824188
6141,152099.3393717003
6142,74338.9834304089
6143,9596.835534274
6144,48347.86347712747
6145,56427.15540464234
6146,99202.1540702664
6147,24537.737204589386
6148,55064.53171399974
6149,26676.96349651814
6150,138931.73290550508
6151,22022.28511043221
6152,58272.53842512515
6153,10303.667570494903
6154,55283.50278563784
6155,84098.50918903547
6156,192518.3800788428
6157,22740.143709710574
6158,42976.46234969479
6159,43428.898422998966
6160,136419.07435345193
6161,18540.949378579957
6162,76879.53802805774
6163,1275.3594608270337
6164,6044.468364175089
6165,78933.95841069263
6166,32734.96444196767
6167,195922.38523066638
6168,45640.80966859942
6169,15816.14122507889
6170,50855.14034632304
6171,47454.582927140866
6172,1604.4708641474374
6173,28553.118241757555
6174,40231.75501073432
6175,168705.10083832763
6176,44894.32488419907
6177,76965.93335233451
6178,86860.07605881146
6179,48290.29811158216
6180,182250.68453447
6181,277664.5413029109
6182,46022.88080542421
6183,111985.00770057458
6184,57545.22510574721
6185,281733.76759057614
6186,116856.06770372314
6187,40789.107386490934
6188,29872.527564645286
6189,95474.61067482173
6190,44969.70404703765
6191,104751.81925793667
6192,130395.37103287403
6193,43034.36999915746
6194,69783.49987011105
6195,53701.05477924409
6196,40006.1187990716
6197,45287.22428252769
6198,73225.94692688074
6199,77929.00008009747
6200,7576.37783652391
6201,19957.61484891959
6202,4390.958722969252
6203,130283.70795374832
6204,57238.6203537568
6205,86367.52326507495
6206,25691.012457245328
6207,39369.72813525686
6208,77233.99210715882
6209,103737.8465709215
6210,53593.805310359756
6211,18381.315045649208
6212,17201.192463995983
6213,88220.14743573057
6214,141700.60419691927
6215,44052.66603951165
6216,12557.060050926297
6217,122316.65304561907
6218,2865.0661561576935
6219,77827.24040327215
6220,42620.616390381205
6221,45219.7623745872
6222,56948.73304469624
6223,37556.24328912636
6224,193634.69037428597
6225,35965.33290996636
6226,41154.75634324333
6227,832.4508429788447
6228,118493.86082863735
6229,38735.268358083114
6230,39337.00138331682
6231,79952.38126293379
6232,160683.85411861615
6233,11268.29189735603
6234,5499.374375645019
6235,110266.61611326868
6236,38635.187487356
6237,40580.23840163095
6238,85403.55012708384
6239,80412.98244136566
6240,5211.225215799705
6241,15118.160497786062
6242,22723.334676156162
6243,11601.16252658573
6244,5190.273312308382
6245,112744.31969182077
6246,78138.01498969339
6247,19073.140898899135
6248,167173.5889855225
6249,5876.622747030468
6250,104256.21384017472
6251,67661.24031171769
6252,42368.140266608214
6253,41757.358426116814
6254,56446.92552652622
6255,15148.847207524284
6256,43077.47682373523
6257,40702.72095345419
6258,55691.25518081282
6259,24721.507585205294
6260,97972.95089175718
6261,50767.63449293616
6262,281713.9574561845
6263,94657.29872893423
6264,77198.81723981214
6265,46336.295142815114
6266,132042.8469430543
6267,162139.87131474813
6268,76420.06058140013
6269,49483.76740488265
6270,6539.247173789932
6271,58402.84906356409
6272,139674.43254023496
6273,146754.24267105394
6274,58542.24362964088
6275,78992.49812814892
6276,21900.774980655046
6277,64212.69594564379
6278,66585.13613185016
6279,20890.17242889183
6280,119106.33200527793
6281,104358.46049019683
6282,106531.79542368336
6283,38971.732707195
6284,82644.40107659948
6285,59060.53211926789
6286,201432.2746122657
6287,156472.02233448488
6288,42570.31436940939
6289,43170.60773129214
6290,18102.928807079086
6291,69085.98367972452
6292,46929.32198193578
6293,44322.98462448439
6294,11132.710996433072
6295,4199.865931466864
6296,133728.95799332907
6297,257947.82510522185
6298,55640.90724448214
6299,42273.019732397304
6300,51172.63626154955
6301,32736.538517921566
6302,8909.396394425477
6303,47373.9369271667
6304,50289.80803575465
6305,39082.97119527631
6306,7156.679034223984
6307,42307.357299075346
6308,38411.58659039848
6309,237971.66295287668
6310,43575.871294565695
6311,5588.514865843561
6312,2470.80579641166
6313,7678.961355120524
6314,17031.843318420546
6315,38236.62588055132
6316,11512.946706419794
6317,58355.90830591428
6318,11721.089852695059
6319,72518.15980742048
6320,29382.13658760404
6321,82553.11535960663
6322,16196.653706733183
6323,142848.33948848204
6324,181006.7903803766
6325,5507.25361349431
6326,1690.4977060843642
6327,70453.5280304525
6328,153377.4976865427
6329,208650.9757829401
6330,65473.99277255325
6331,191358.635902996
6332,249687.06855240068
6333,5995.009330686839
6334,70591.77368322967
6335,16399.992906821768
6336,82747.117396086
6337,29570.530032626513
6338,85047.17340404488
6339,162233.6598636175
6340,67357.89916863777
6341,4887.947356722045
6342,59963.73404036962
6343,57449.55468768742
6344,63786.77675727677
6345,18420.301217420216
6346,4039.230224371953
6347,57746.42978505277
6348,26504.203876080635
6349,27977.170459375113
6350,15369.124020760377
6351,171230.58468869317
6352,35557.64592218786
6353,7802.767602122164
6354,72515.23227926299
6355,47980.27641039596
6356,61006.55139147261
6357,35508.44598005883
6358,10960.578373533086
6359,11862.43668972132
6360,39707.7207455902
6361,45072.343757938135
6362,48827.77073920854
6363,109965.26652083258
6364,56092.56642172363
6365,7481.176691725957
6366,52571.917912864745
6367,40777.124145349306
6368,55507.084915901985
6369,5518.367494185448
6370,67637.61391926743
6371,160192.26608987042
6372,38688.416334095265
6373,88834.77070530468
6374,220249.3452151399
6375,63128.949026341244
6376,28222.52339147524
6377,2850.158024463744
6378,54967.87708807643
6379,34949.26715323948
6380,68978.97261745132
6381,5733.793498699088
6382,21494.252148592357
6383,56962.0777914941
6384,38517.17787651501
6385,27454.845140700996
6386,80330.8104666181
6387,10910.864021641442
6388,45538.48790928388
6389,94481.58517181272
6390,83958.43302484219
6391,62327.94127535603
6392,25478.72167523641
6393,76758.94803258052
6394,104040.40101006736
6395,34763.3252305908
6396,1759.7418177979878
6397,103678.42870225753
6398,192702.25096495473
6399,31611.982857589748
6400,16950.49437602813
6401,105666.65293097918
6402,79356.27947065777
6403,21896.243985586625
6404,30581.10463069829
6405,40143.72328973933
6406,180454.77968798662
6407,42899.21076579642
6408,3728.6639560522417
6409,32717.558454753238
6410,19798.58793282255
6411,41400.31196421908
6412,171309.90081744213
6413,46621.56249809768
6414,60999.20054759621
6415,34009.73982220345
6416,74193.59995715847
6417,3247.7722914781007
6418,196691.9527933871
6419,51082.49947962545
6420,2832.2018058259127
6421,74206.53113646804
6422,70406.57596459375
6423,63841.89369970486
6424,16681.41390734918
6425,40316.144879673724
6426,12612.061199855249
6427,80335.24113693726
6428,24553.766297977876
6429,33508.61466406531
6430,99679.99131645903
6431,54049.70941595745
6432,182944.21477013794
6433,61706.02193138569
6434,90011.45544281993
6435,124858.86878600059
6436,69665.33726349876
6437,10254.083673202194
6438,10501.916489099925
6439,4623.238004819202
6440,92131.24528957396
6441,24723.934430896876
6442,62978.4057281247
6443,46244.925014777895
6444,74705.26720586163
6445,51743.96513400646
6446,869.6812427672269
6447,18936.072532936418
6448,13620.552433451534
6449,63036.58082624223
6450,43199.26298305025
6451,41412.37370177426
6452,140849.23635793643
6453,41213.39814874765
6454,51491.8844459763
6455,20665.115375756126
6456,43086.15473932143
6457,50266.34702887611
6458,36739.811069455944
6459,45381.22763450458
6460,113120.17196737127
6461,4605.602963073384
6462,76201.98643047684
6463,40513.56269087102
6464,29144.445386003958
6465,132969.48696277375
6466,54950.90317680169
6467,43373.33032005873
6468,29715.00356968749
6469,93057.36584334564
6470,68007.98086361587
6471,70318.71483245057
6472,97064.5429328899
6473,142145.2364041199
6474,15117.310083093129
6475,56424.647238217636
6476,45369.944104231836
6477,192836.1365559177
6478,7126.660039091426
6479,125131.00332883008
6480,88077.1674667667
6481,10603.258463770268
6482,129904.11794172128
6483,46442.63367866865
6484,106485.56838786814
6485,65099.16422401213
6486,173566.22853158586
6487,9088.527112886952
6488,74885.57498428195
6489,15371.975351860267
6490,48760.254443057136
6491,3450.80281737906
6492,52159.49162921638
6493,85808.04720696883
6494,51285.29143475706
6495,48631.2970511928
6496,32993.84776200953
6497,1130.957768866348
6498,19072.23762181709
6499,41604.17917555288
6500,7946.6107380829235
6501,220371.41291418456
6502,66045.3643948676
6503,37707.970253075786
6504,69868.92496197164
6505,32393.45138681657
6506,157390.66619835133
6507,34787.582760862395
6508,79989.7429375215
6509,11069.722471902889
6510,43883.38963999879
6511,71964.3947765224
6512,26880.82791022722
6513,4236.026977376345
6514,11799.235672376348
6515,55101.35826275456
6516,3788.3649142683316
6517,16644.814242308057
6518,3278.63273482182
6519,8095.421425165172
6520,124086.27122539698
6521,3515.272953692124
6522,151437.0928720247
6523,38526.142417324
6524,26926.33778493853
6525,156897.41297230864
6526,5644.125583405142
6527,95359.56468770455
6528,47020.88250793048
6529,195152.8728106111
6530,76251.9444471454
6531,44319.48078942275
6532,46010.66364419341
6533,23107.34300581625
6534,55516.3998733416
6535,3677.289066986202
6536,138882.151693586
6537,50748.676998259085
6538,64037.204911255954
6539,103326.84221967532
6540,40038.859344445445
6541,3602.714999353914
6542,48400.355200254846
6543,49553.11239262431
6544,56571.35896734303
6545,23529.747135995785
6546,33347.60845426626
6547,41973.09373282959
6548,84024.74200548562
6549,88764.11708199368
6550,57295.98121345464
6551,157453.30586381507
6552,27966.92802954084
6553,29721.225150087965
6554,7259.214100075068
6555,57395.44290341558
6556,162039.48034830898
6557,148249.492606694
6558,22723.366187770982
6559,7489.35029646771
6560,158786.42273996118
6561,24745.51276691528
6562,6108.30849337831
6563,116509.88520796536
6564,18958.420287515437
6565,169903.88172819547
6566,3415.9967846039444
6567,75458.9484501575
6568,19372.733068005957
6569,37873.85277271253
6570,4793.9874866827295
6571,196204.58315643977
6572,53286.02289987424
6573,50927.960929292116
6574,190860.66364436984
6575,35894.34329592579
6576,39534.55149057827
6577,19946.148787169353
6578,4826.054583837428
6579,57870.692414183584
6580,59587.07819569586
6581,36205.28630527292
6582,21665.06324189183
6583,197980.5093382318
6584,48250.465674255225
6585,2383.997786344377
6586,37096.804457151775
6587,65270.7772569723
6588,56985.07595765177
6589,52152.22159128164
6590,1382.0791993039904
6591,16851.019613859306
6592,74572.72285180978
6593,43872.85378080972
6594,101572.90174213528
6595,20312.683639003197
6596,209586.07989451473
6597,5722.1258005243935
6598,73017.17233268026
6599,128650.62377742637
6600,188388.1971227225
6601,17214.58429401247
6602,7508.778702748905
6603,60180.016258956384
6604,51962.67739431926
6605,58204.57893434681
6606,46128.29266604798
6607,68561.497050543
6608,42626.88018049208
6609,81904.86279238544
6610,63735.58538891315
6611,54404.19019101217
6612,65371.657922582235
6613,241543.7108934118
6614,16148.103449292777
6615,205760.33364200385
6616,117602.74673443851
6617,47731.42857390131
6618,6082.974021318269
6619,120516.431391229
6620,120701.44670757846
6621,13828.529053350972
6622,89721.9357069022
6623,31979.417562966955
6624,41281.38373585058
6625,55426.62645236215
6626,46158.03292873626
6627,47224.4700770482
6628,69796.33233202083
6629,57747.46212315491
6630,44670.56189278633
6631,68123.2242651446
6632,116476.96076011915
6633,41270.84405125562
6634,139951.62467723296
6635,52728.52402323696
6636,156106.46503440838
6637,12111.572896685311
6638,71169.56296174141
6639,134804.3243558586
6640,144475.49428351203
6641,38289.28360830442
6642,37319.49822932655
6643,8983.313861396993
6644,94335.8675190759
6645,55904.57214597749
6646,8947.68318467817
6647,33555.854337874654
6648,18158.058091254163
6649,36485.51533582387
6650,11869.41036839937
6651,37432.66103862514
6652,83594.5430016028
6653,60363.29851042814
6654,50404.066480454836
6655,72713.94637102287
6656,34422.321287278384
6657,58065.19943856426
6658,223210.0941780437
6659,29682.20568585456
6660,12983.138493539042
6661,10954.195347795967
6662,47124.525342835725
6663,131443.4012074116
6664,23417.974809291874
6665,44904.60236426006
6666,100870.96348526313
6667,54979.85409464701
6668,28921.716193037377
6669,182418.01168769016
6670,47881.723190208584
6671,27572.751531562895
6672,45800.680450004525
6673,40604.81740833521
6674,8021.7162778412485
6675,4991.732368721194
6676,56966.344454022896
6677,7589.338325306201
6678,165044.06031011025
6679,47862.96952231534
6680,22558.54301036824
6681,73528.43989990803
6682,169979.32182229415
6683,180964.4043485858
6684,46545.28458298866
6685,6256.525860659116
6686,39733.12298536197
6687,49883.32839299219
6688,33104.30989473544
6689,77422.73791078314
6690,121876.94076305255
6691,41509.754388068824
6692,12846.502213359418
6693,55763.45066535751
6694,23955.32121378033
6695,96581.60445985838
6696,6290.591984880565
6697,10818.876896960897
6698,42592.14528494841
6699,53914.59897303082
6700,100650.20658886897
6701,8970.526824529521
6702,11083.578268103203
6703,61279.529892877385
6704,12244.120784007257
6705,102084.98844275832
6706,76386.43137145955
6707,36728.99019631732
6708,38630.37949312963
6709,69583.21119175362
6710,120924.15732216573
6711,50311.731335313154
6712,150786.60703659646
6713,41630.28049805458
6714,136235.06882269515
6715,72070.28186239414
6716,39656.638816658306
6717,36218.16533986403
6718,27008.850188449953
6719,153282.45479539997
6720,43523.36075230181
6721,80675.10077372173
6722,60534.12953722839
6723,85502.27570161504
6724,61780.074565042385
6725,96644.16129166668
6726,25493.752002599438
6727,42619.609795946264
6728,56574.708887281784
6729,10076.699183421757
6730,58322.467945657154
6731,140811.19233135827
6732,47700.431357216505
6733,24188.501440552704
6734,49719.55671162297
6735,46028.249003100296
6736,110794.88522557911
6737,200696.65280204298
6738,88546.33009980894
6739,46170.23923874835
6740,45609.54504049846
6741,66581.93289279337
6742,31474.93316905863
6743,37527.35780595561
6744,104207.88371673324
6745,39756.10955917176
6746,51974.11625865361
6747,172420.90928463408
6748,63770.86474737323
6749,16611.823811898834
6750,47413.03638969126
6751,36111.36721474086
6752,201750.92319282042
6753,54962.78508614092
6754,8678.316088886384
6755,46990.86323871076
6756,83800.33375072278
6757,16888.469043651938
6758,1700.4290559212277
6759,62453.85678986634
6760,36305.43685908467
6761,19504.890703595476
6762,138168.33306140985
6763,86805.21411594155
6764,29698.78013466195
6765,87851.00515326513
6766,14601.956635877394
6767,131358.64739766027
6768,113371.18413948371
6769,59151.528336881995
6770,13944.102962297678
6771,106910.06035687828
6772,71257.6497114251
6773,49583.55141949527
6774,15299.218099496009
6775,55212.04776021331
6776,48873.72962433575
6777,63380.47453311742
6778,9045.473477082835
6779,142233.18341289376
6780,6114.557529210516
6781,20040.217170088636
6782,41933.630124676034
6783,4139.398416521979
6784,96965.64860720883
6785,43794.1099983766
6786,72576.47044380584
6787,74924.67528164937
6788,46073.649249699556
6789,51318.034923054714
6790,68918.41453708272
6791,92991.89016268466
6792,168508.9063636263
6793,80783.38810240082
6794,44928.62171246133
6795,2181.446223185087
6796,110633.77980585501
6797,52650.621514506915
6798,17761.601235598297
6799,37421.15810496919
6800,5064.064616509517
6801,63315.491183408594
6802,41649.36613583333
6803,39864.90941901381
6804,1356.4861423602233
6805,3356.577909997643
6806,55824.6964817552
6807,65405.420510129115
6808,33258.69059925361
6809,6763.347807538919
6810,41169.47268448145
6811,74611.59470376122
6812,37517.80056623373
6813,92881.74250682682
6814,87944.2191032073
6815,279130.85250817233
6816,40900.9300264966
6817,20452.884994362015
6818,38920.547577970014
6819,33085.3649196615
6820,122302.56332683627
6821,36260.55080250375
6822,79757.50914647897
6823,48675.85828981677
6824,18415.820103070655
6825,3333.7289721251623
6826,1657.303578827641
6827,9182.406993885208
6828,83849.19108301228
6829,28763.421982642958
6830,4774.725704299335
6831,49018.48806053634
6832,8528.800548238585
6833,4629.802649642876
6834,46495.476591346036
6835,58517.0436449074
6836,154326.66736325689
6837,53264.72592919408
6838,70522.48242343884
6839,64217.46085353187
6840,58439.8137899159
6841,54780.96641472636
6842,3404.6419950916843
6843,31575.230113638056
6844,57930.68978348458
6845,53572.264463638094
6846,51279.4974513589
6847,12730.40990220121
6848,46304.013880988015
6849,205321.14188804114
6850,48741.57172192872
6851,33841.952312742105
6852,23059.844445284514
6853,27643.80222435879
6854,76505.21180649094
6855,11503.316973819508
6856,26137.534180516912
6857,6799.824588934124
6858,28875.28664954369
6859,32442.15229340814
6860,32785.97435127988
6861,37335.85657044402
6862,42271.13378960282
6863,74328.44166477048
6864,62772.210870343115
6865,101195.5121386858
6866,29743.696754792643
6867,1801.3138707547603
6868,177129.47136778038
6869,43684.55915990249
6870,55423.682274353
6871,56703.5689192785
6872,69129.74653512996
6873,5104.194808476336
6874,15230.86767443579
6875,3327.054028122309
6876,255214.95003913154
6877,97299.34751430039
6878,62444.15570633219
6879,42064.8634181481
6880,69595.67521981751
6881,31159.00607824753
6882,102313.50443059042
6883,49404.36559414462
6884,58617.103464444706
6885,126238.10864008343
6886,56296.90745603801
6887,57535.84861646171
6888,24760.39513504331
6889,75505.70738099923
6890,226734.9580279658
6891,13829.315492273943
6892,38267.46767726026
6893,14055.15766934482
6894,5987.345721245161
6895,53668.03422995992
6896,101640.99900291678
6897,62229.64542370396
6898,90574.78576786729
6899,236023.14337577578
6900,4197.003681018723
6901,73540.52327342157
6902,5865.9913456709455
6903,59327.31464825337
6904,44462.98975542652
6905,127679.12084904464
6906,24833.6025452557
6907,10184.281495814505
6908,140805.90092745732
6909,144273.1608068592
6910,175482.5493759986
6911,3586.6366827019588
6912,2568.746843583639
6913,196130.36960198078
6914,51473.82789909763
6915,81606.86851427695
6916,102351.84303142726
6917,154945.6258714116
6918,40519.35599630557
6919,4576.870702034568
6920,42557.96923755996
6921,33298.09410408223
6922,136560.1044638547
6923,37510.003166607836
6924,84068.24215042812
6925,5980.987836190884
6926,2078.333280932063
6927,8457.013719945826
6928,37301.809372658514
6929,46041.29709315469
6930,38101.14133899913
6931,56841.51307608969
6932,47842.28493420176
6933,76660.75257139429
6934,2827.541266629063
6935,12200.360482656675
6936,38206.27059196118
6937,117899.72684971782
6938,132243.67679483813
6939,4387.945526344246
6940,6560.365609912111
6941,83663.20560946641
6942,47184.98621478345
6943,8428.784442524488
6944,75992.01263793903
6945,102218.78031836952
6946,15807.483518607829
6947,12356.216514559608
6948,5497.826398044758
6949,57379.31792094902
6950,118816.95396393293
6951,51428.60121278536
6952,22663.54152906988
6953,45542.62926741842
6954,81317.36879849847
6955,35839.293377906826
6956,9558.694663107752
6957,50831.044844687334
6958,45493.63721619449
6959,177734.38470569107
6960,40231.23354782004
6961,151746.00966190768
6962,61047.98402380255
6963,109114.04489257008
6964,41943.10856183272
6965,60606.163992098154
6966,36545.664976196706
6967,46636.82091916133
6968,25048.763941167323
6969,43325.80770965846
6970,55265.979675617236
6971,117052.8544963575
6972,175828.70478921005
6973,5087.7559242143225
6974,49937.09112931924
6975,63729.46305933164
6976,50663.87659365038
6977,12761.98248042698
6978,172826.27046090143
6979,5408.034876194014
6980,6284.705328021056
6981,236355.10343915806
6982,14993.676066765061
6983,72798.04167445235
6984,39593.594607853454
6985,23586.36415652613
6986,27270.97930014609
6987,183254.6278267624
6988,32182.603459732683
6989,68221.73592248379
6990,144837.56940164778
6991,180199.30276068408
6992,54393.83859172667
6993,27328.55220684354
6994,42198.666380215676
6995,13705.807250351269
6996,218441.5384577134
6997,45171.33829472642
6998,59810.96212909935
6999,27051.245167725472
7000,76726.37591169898
7001,48971.84827747545
7002,12654.806570902409
7003,197842.61518818693
7004,254616.01139841566
7005,54834.51644338876
7006,140596.9906240681
7007,86361.04860539132
7008,15834.638586423443
7009,60490.4455801445
7010,6905.232203962164
7011,2449.605131326166
7012,128229.76227089074
7013,163801.5264483961
7014,2809.010056055465
7015,11047.955158066978
7016,166198.8601359925
7017,34720.643826077736
7018,110620.82212454788
7019,93947.15877233511
7020,43502.7574217853
7021,26688.288548385375
7022,114448.728504156
7023,55310.869788779644
7024,47180.83862265351
7025,40062.82563637918
7026,54648.20262580467
7027,5218.007892697909
7028,129238.77789132959
7029,39503.31387973475
7030,54215.70189435896
7031,48461.973398949085
7032,50396.02077012602
7033,19574.804698462314
7034,59085.37190582824
7035,78841.80851448202
7036,37741.71867463977
7037,49459.63808211799
7038,159212.9687824783
7039,10640.975724637618
7040,72840.9911280693
7041,44628.408839754484
7042,55427.235611863114
7043,8377.244613061901
7044,3521.751096671942
7045,177597.7729655849
7046,9569.410877077464
7047,49437.1934617202
7048,148129.69057811858
7049,65924.58779781857
7050,42986.478765472406
7051,1408.6800216240788
7052,127727.92679756449
7053,28484.682029829804
7054,44596.545460598674
7055,119262.14983256861
7056,10175.555959716785
7057,78012.05921684943
7058,24432.04894355637
7059,38230.31173513016
7060,56279.77064790902
7061,30334.458472146423
7062,47607.29616332512
7063,133900.23851568933
7064,97993.9950171046
7065,53132.151268405745
7066,67959.06715356668
7067,53282.01189492604
7068,59772.836324406446
7069,121612.94018387081
7070,108598.90615848199
7071,58518.921837454465
7072,89402.75971433942
7073,138199.4756399576
7074,48204.91507218279
7075,39963.646828416335
7076,27981.217144785387
7077,10394.844319475233
7078,26615.169874214986
7079,212964.47092475672
7080,131385.84138823528
7081,31439.872467832305
7082,71793.51676258548
7083,15320.287441261304
7084,89491.28349415523
7085,34575.67725076071
7086,81126.13270689602
7087,19317.054542111317
7088,102023.84475403374
7089,65702.14066240203
7090,109840.65253152003
7091,179705.0077279411
7092,8606.357094636309
7093,40505.29687031641
7094,13323.053632277397
7095,91769.21105008521
7096,79863.45367367344
7097,139350.53410409798
7098,73372.49761657242
7099,31018.970686191973
7100,212190.04269607973
7101,10765.816928022707
7102,71332.27502501819
7103,43523.00209195539
7104,22267.317678372932
7105,144482.8018611091
7106,73379.04249491729
7107,44064.62537323395
7108,18151.47138012123
7109,71089.55829713441
7110,209307.62509820686
7111,9471.198228882904
7112,77842.61149032915
7113,53238.07991944746
7114,62068.7607071777
7115,46049.37871047543
7116,39847.13727186434
7117,89970.3209458046
7118,62729.615705684424
7119,60999.89462438597
7120,80999.44156676768
7121,18054.786789198824
7122,4833.896700766044
7123,10248.068369393579
7124,36264.68497748283
7125,37167.54953047253
7126,71153.27421028387
7127,6858.013797788028
7128,69490.63440294711
7129,41829.8319615384
7130,46008.178329863
7131,19297.99383130621
7132,55837.089216759436
7133,166896.7746052265
7134,177503.7465947294
7135,44092.805247573844
7136,37941.85239892338
7137,41874.43366183386
7138,24095.473918727137
7139,118495.0131998352
7140,64096.22264852295
7141,37100.372158503196
7142,38251.720793478526
7143,179857.94804316768
7144,18050.67964481514
7145,51863.470312035046
7146,13101.055279102133
7147,99568.64656892177
7148,193962.5432160779
7149,61294.83549785851
7150,78251.89276454359
7151,32737.712783838553
7152,243080.55954768916
7153,98577.79375123626
7154,200012.23411920507
7155,43808.54863846747
7156,48947.91389346423
7157,99601.98501540316
7158,148393.447769957
7159,81789.86558082764
7160,10984.396221366029
7161,61209.69617543394
7162,58714.532461874005
7163,89486.75372523542
7164,20294.736964572116
7165,27578.697472093852
7166,66621.4287563374
7167,41046.47767998134
7168,7273.199830502312
7169,1442.7512519497507
7170,98407.37021672662
7171,106241.15329700998
7172,29199.041351637457
7173,39044.902633087346
7174,45541.77537240304
7175,49698.41826009176
7176,70796.89220727516
7177,39660.48224809992
7178,4135.156431192165
7179,192285.43591354604
7180,27062.33459867625
7181,6733.206803968863
7182,175019.93317216946
7183,82139.1244196237
7184,35242.77242799457
7185,138516.32938322876
7186,49214.42314971607
7187,44411.030214299666
7188,42100.31006853075
7189,107143.59199306031
7190,39944.91129131828
7191,36175.26138475162
7192,75237.95239443428
7193,92597.49576216754
7194,37328.912431410354
7195,37706.756139782854
7196,3665.0543417600334
7197,14359.395102104516
7198,60254.83341696463
7199,84836.2326285882
7200,41266.46436460303
7201,35008.35520645732
7202,63476.79262748779
7203,10440.137787021962
7204,6036.842436218393
7205,30870.594819031456
7206,107676.26026149928
7207,28945.103022883428
7208,40181.18653757842
7209,80069.52012924325
7210,6913.7164534523845
7211,2355.928610720949
7212,53970.90583911927
7213,6365.240325550395
7214,54843.08828421196
7215,10483.903477246678
7216,3551.584321521763
7217,38530.55755431163
7218,44078.98663972197
7219,62495.80324597482
7220,160254.62591054896
7221,42593.677600438146
7222,17823.667130826747
7223,38625.847247451755
7224,34069.79350874093
7225,144793.1694243773
7226,51653.07222560828
7227,2020.2851502738351
7228,74508.13703342892
7229,174441.19041672768
7230,90191.71028721334
7231,75932.7527358203
7232,43096.23165482114
7233,185562.24087049838
7234,71676.81252450476
7235,60602.32328093132
7236,28721.040828397094
7237,130080.34508600524
7238,57939.367641489174
7239,155090.6612627676
7240,8024.218938296067
7241,40604.343630486284
7242,60916.48205115703
7243,176778.6903296051
7244,46759.98810006283
7245,51672.90160158389
7246,44763.88594826085
7247,48540.029191282905
7248,42692.85935042584
7249,43667.596070079904
7250,52656.84980271411
7251,136684.4626510871
7252,33567.54443126198
7253,88510.31486628081
7254,35999.26181561023
7255,53714.59672118859
7256,60266.020394084786
7257,52646.604192105464
7258,113872.09407062706
7259,30085.102490672252
7260,113241.38901733611
7261,13543.975311650765
7262,43813.38772420339
7263,5280.920652636119
7264,8152.247826435131
7265,4235.432578895767
7266,42185.80833226717
7267,43981.860710618465
7268,29307.421209632896
7269,44277.55170968524
7270,158059.68266392648
7271,65744.93420181345
7272,3896.3338383142736
7273,46425.68668377631
7274,40283.6079595731
7275,57047.30970987335
7276,5281.925768061747
7277,70478.4252292834
7278,33084.89421150802
7279,4306.101430278351
7280,61150.27362095453
7281,1159.308308549547
7282,43832.04944151332
7283,7253.43210070801
7284,40729.09632698341
7285,132807.72718446993
7286,41850.55117283971
7287,157584.1382360035
7288,41493.44831268568
7289,113916.97087653907
7290,160246.9726458261
7291,112002.03910731227
7292,12346.469670822402
7293,33068.58996201006
7294,149054.45050035926
7295,45394.73907707659
7296,121525.73756510222
7297,131714.1464513799
7298,92713.94499188174
7299,1774.6611087567528
7300,11915.777331927919
7301,71535.73055571414
7302,23512.944693211746
7303,40359.274787689574
7304,46944.135304860705
7305,20940.59113181543
7306,52062.93593239444
7307,110029.18614813015
7308,53248.49773793868
7309,5653.944753312568
7310,170924.09540565166
7311,2066.9431240988124
7312,48998.112095687364
7313,46637.48837375752
7314,39517.682618795596
7315,219038.8954756314
7316,2838.197090650887
7317,173337.91029740428
7318,181059.01993664712
7319,55670.935997439985
7320,46504.46063494867
7321,58131.15694119583
7322,87914.45446386939
7323,23602.76591839772
7324,40745.75627452814
7325,74569.7230389915
7326,33428.151056125986
7327,81586.45754381493
7328,44534.36720409581
7329,40889.68009631795
7330,111583.27796453382
7331,38236.48016203149
7332,57730.72497731247
7333,19000.95408510268
7334,46428.140813971164
7335,95466.43055624123
7336,33377.097149299254
7337,41162.73507299705
7338,131460.16616376702
7339,63108.159473877415
7340,75790.82155015793
7341,164197.46938966544
7342,2414.349554681042
7343,12636.847737907241
7344,56772.32533789147
7345,36640.5919105256
7346,106835.33852887152
7347,4620.611231881471
7348,35749.04520707327
7349,62217.92413163907
7350,66794.39312327949
7351,56197.00553233494
7352,37771.45583674617
7353,68299.35326947515
7354,62437.31434003058
7355,33142.43245139656
7356,136621.8995842533
7357,7762.590189750772
7358,19462.47216695999
7359,8592.391938634131
7360,43134.438240691474
7361,151796.5529006168
7362,116223.34446722492
7363,42285.00243768933
7364,8418.377174169333
7365,42981.42692797331
7366,46267.18014419459
7367,56469.59742987135
7368,42573.91447179859
7369,7546.141245673763
7370,49537.14241432555
7371,58125.020713293125
7372,52003.24896719246
7373,194560.05938775354
7374,1616.1804753005008
7375,105281.9053742582
7376,3702.254767176386
7377,21670.786841642188
7378,26646.929483772343
7379,61903.06873941819
7380,115174.23871813239
7381,99437.18710126748
7382,57900.82891823098
7383,58909.50382893377
7384,52216.275364949695
7385,125417.70346118868
7386,72052.03636169879
7387,68756.06045974868
7388,45392.85467822567
7389,140852.71726888622
7390,39600.98911036673
7391,53370.66519525647
7392,38233.231727286264
7393,54285.065537931834
7394,128870.35951234131
7395,49794.19807635583
7396,42817.64742346097
7397,74520.13644150223
7398,54686.03375063198
7399,42030.48491575191
7400,62681.46361755256
7401,40041.85458148733
7402,120174.03760587214
7403,47629.04377357864
7404,123126.53341284252
7405,89751.31783280174
7406,24321.090722797842
7407,36182.279244184145
7408,47832.44762176125
7409,28776.0053495877
7410,31579.27082949733
7411,13271.794871000631
7412,40985.97663268066
7413,121734.09286004314
7414,122142.68690273087
7415,87210.51658535274
7416,81418.39541141696
7417,39607.49950465639
7418,32853.06976224388
7419,104767.43567552953
7420,18728.07355734723
7421,73496.88485255104
7422,34325.00913936231
7423,26570.47709241145
7424,208409.22585098242
7425,114538.54339742273
7426,2594.643674195869
7427,9252.486554865705
7428,51006.77553155412
7429,44781.179780781335
7430,58079.22243219256
7431,120577.54283025024
7432,36552.376266418556
7433,40958.895698291955
7434,180922.62136047307
7435,73626.95338412456
7436,53571.068166451514
7437,275120.5100884698
7438,198556.98769401113
7439,41353.75037596341
7440,34335.71948000898
7441,151051.84927318426
7442,10219.75292993521
7443,78679.42791045926
7444,82957.04480654874
7445,68167.70744663873
7446,51779.46085720271
7447,25503.929033443448
7448,141419.01663884099
7449,63859.08898106759
7450,133729.57621043557
7451,13112.265411467668
7452,6988.787336412603
7453,64184.733690520094
7454,1178.0458214143125
7455,24622.507611225894
7456,49249.468449000764
7457,8195.330624419943
7458,47144.70054240559
7459,26791.011473419818
7460,42830.79770182941
7461,45707.85517975218
7462,12791.999470341678
7463,20886.330118984584
7464,41256.08343407311
7465,132981.04132488815
7466,7186.780879201681
7467,35115.624639700225
7468,57691.40513309516
7469,53719.81395649979
7470,25770.103694139052
7471,143373.77660196603
7472,2160.3977094251504
7473,120309.47176210817
7474,11695.653080026515
7475,154791.15895169636
7476,77141.58158660796
7477,4389.4962466234365
7478,12431.99694591626
7479,59293.844295266914
7480,60356.55997012667
7481,38142.463528301225
7482,13592.392192118012
7483,10697.244007946103
7484,46219.20681414888
7485,18568.432232858766
7486,45830.470135516676
7487,37135.68816850955
7488,59576.1019074976
7489,44248.70496827471
7490,74605.0081807485
7491,69894.91014274396
7492,43809.07496302931
7493,34184.02708071261
7494,28423.95186451407
7495,23362.834249511343
7496,116937.01509854944
7497,136017.42879611207
7498,6801.221204554005
7499,8734.35581503388
7500,15161.654539372803
7501,159717.8263799812
7502,33863.42568574402
7503,20560.43648595642
7504,45349.700694770094
7505,61833.9732228578
7506,16430.299574256856
7507,3778.1384208520462
7508,55352.2402412647
7509,57560.010680691055
7510,186289.06338131963
7511,180735.76730742815
7512,83210.19039165662
7513,8624.758053945214
7514,34741.550080473105
7515,40221.266518738856
7516,44537.9639975361
7517,16585.119985801284
7518,55183.81184256658
7519,26934.879896185597
7520,40466.299475714426
7521,63821.98077603602
7522,65523.46164525626
7523,62248.220450150366
7524,32565.052524360366
7525,28249.516989294112
7526,38547.64629375838
7527,86416.9246898405
7528,37948.720049187854
7529,11056.352253499306
7530,69519.58244822771
7531,85196.49915539804
7532,76017.64341679706
7533,30253.661628437458
7534,54241.89073167404
7535,18774.54789274693
7536,100473.84256061396
7537,83291.08117157876
7538,24902.206466118594
7539,75482.96346195186
7540,49100.04677948573
7541,62678.852409591396
7542,21000.84239283454
7543,66995.11891093878
7544,138159.225598329
7545,156643.4244546556
7546,43982.51085344622
7547,38948.70987826162
7548,11713.97507132638
7549,206293.08362459517
7550,54707.181579259835
7551,46253.06987252603
7552,25640.23812145567
7553,51884.75306464199
7554,16017.828502559361
7555,30429.057202071206
7556,70597.88989746828
7557,133531.03523247913
7558,89057.2788688661
7559,126927.10366737506
7560,39774.272690148035
7561,100567.84942051244
7562,6667.945262632589
7563,58784.211750336304
7564,65408.39592633026
7565,61192.46790095197
7566,66492.49518810518
7567,101417.81025491805
7568,4726.520236462045
7569,6827.147768135193
7570,40070.75723628822
7571,43711.40900181622
7572,168900.8461062419
7573,44432.0829328441
7574,39294.07957096785
7575,114196.15183003621
7576,222454.83034072653
7577,102936.53048847671
7578,57475.25776232682
7579,39642.142015743084
7580,159842.87455210442
7581,55748.11661360679
7582,29099.50504475885
7583,46811.637586918616
7584,53369.26584614441
7585,34038.90387090628
7586,76277.31790655851
7587,55613.6382293591
7588,6620.89709668659
7589,51322.14205354862
7590,32828.14143954259
7591,98681.75180067726
7592,5743.598779042189
7593,20953.51424812571
7594,9924.153493174928
7595,78143.36706037143
7596,53586.93681143759
7597,54706.07429712547
7598,171801.28865940287
7599,44224.71035610281
7600,48992.26082026071
7601,34455.7556135046
7602,13379.471926545502
7603,35979.06524522536
7604,30549.298591740862
7605,30435.239566039698
7606,155678.52221219038
7607,78227.85546201312
7608,43401.42400897815
7609,21330.720913369347
7610,61105.24623537709
7611,197217.67790349943
7612,188123.22989802042
7613,53089.393642730836
7614,65576.31068686182
7615,173431.24984874247
7616,106935.34700541507
7617,39301.923533581794
7618,76602.40815124394
7619,3201.1360571027417
7620,97239.93228822014
7621,42806.685243310814
7622,76865.72775778662
7623,40046.83071088631
7624,2827.471313919029
7625,74684.9438048419
7626,276384.82827221946
7627,25242.850443330677
7628,6024.547919158815
7629,3950.141892753926
7630,27760.67629951297
7631,158107.65023574277
7632,32412.523577015898
7633,49511.4426013406
7634,74951.41943277432
7635,58618.5091231736
7636,87712.10156942031
7637,10270.712945702084
7638,10059.598636876375
7639,45016.625774614266
7640,28619.540796649642
7641,52022.50324742095
7642,1712.0885989947437
7643,4211.3291010451785
7644,111028.88483849238
7645,8297.553917613293
7646,1873.9469001602251
7647,60081.73616509741
7648,57793.591571040975
7649,166063.6828143398
7650,61932.108537061846
7651,247040.06540305258
7652,60979.5336182817
7653,15427.23020496469
7654,57858.93843068302
7655,50270.185714010426
7656,45123.233333292126
7657,39153.81348247825
7658,4412.457160456769
7659,85374.79463605795
7660,105625.27152761254
7661,7033.987382297272
7662,5848.086547088761
7663,49753.12965287963
7664,51218.25735968523
7665,2249.779084142227
7666,78985.71921789531
7667,130045.45420490956
7668,125440.48692884538
7669,164728.418620816
7670,72437.43213752564
7671,17372.681734600275
7672,131504.85147235316
7673,3132.8842960651746
7674,49729.100146276214
7675,35824.379484505516
7676,99273.61110800647
7677,29935.200534550426
7678,5810.7357000474185
7679,19954.394767534
7680,74239.3134102842
7681,28149.299111617194
7682,5220.792903712036
7683,161113.87021889354
7684,1035.1921557043022
7685,11686.388247356252
7686,60427.78454060528
7687,67391.17262254278
7688,4234.467803292724
7689,80975.56951843902
7690,117439.15637285112
7691,46966.258637418054
7692,143471.08250965312
7693,25665.00425335788
7694,68196.1284339099
7695,79338.15550331656
7696,26143.145008956893
7697,57479.84331299077
7698,148254.23099454603
7699,37885.311528415674
7700,9088.431422264042
7701,277097.04347625095
7702,56783.11532867792
7703,63600.96958446512
7704,48822.9577610433
7705,41764.07472724625
7706,45403.38434392334
7707,2484.9602264779824
7708,117127.0252554312
7709,86011.02040558586
7710,47132.14039348263
7711,74036.24802630158
7712,79432.23528760263
7713,130697.76433805864
7714,90967.14198093208
7715,46701.36806578582
7716,47604.249449335955
7717,42222.335712926535
7718,48592.17699750767
7719,54580.92030886274
7720,62018.25102276072
7721,87248.50356683937
7722,60214.67741623369
7723,100824.67901822522
7724,30022.352147931524
7725,46491.89127651844
7726,65288.05910869166
7727,9776.94220648381
7728,102002.4327760801
7729,97907.98508626473
7730,54948.03207197522
7731,33096.659198423295
7732,36669.76874138696
7733,63336.66421655501
7734,9134.396765547664
7735,50194.79217387891
7736,7158.634201946825
7737,134407.56112334476
7738,37705.9316879794
7739,17564.761556026893
7740,126424.98809933008
7741,213266.20781566
7742,56575.392467891375
7743,170078.16268680076
7744,80782.82884419197
7745,181045.894210732
7746,5222.850525276751
7747,56282.22110284896
7748,49510.49624108531
7749,124079.2042222049
7750,41809.7359133285
7751,57838.546650399345
7752,8528.029965484731
7753,61610.64411224254
7754,21924.49232008034
7755,2979.647671467544
7756,6223.64495230832
7757,47073.03660673442
7758,73829.19162634602
7759,12968.952983460937
7760,5507.639253628986
7761,50979.83825160643
7762,98670.21460296938
7763,4923.6865386397285
7764,20456.459345503343
7765,20050.62153990818
7766,10435.43871360866
7767,32024.85003122676
7768,17095.95813433723
7769,156398.64800592212
7770,87342.46171053473
7771,44827.85917808653
7772,84988.08198534936
7773,10747.449516330213
7774,161230.39797001492
7775,11414.950710658126
7776,37955.56579882106
7777,39127.75771691528
7778,78855.79242237884
7779,132528.39723770652
7780,102216.02354940106
7781,59575.19666980972
7782,131177.22006075885
7783,23098.76111823119
7784,63200.84582572202
7785,4259.057029484732
7786,120587.23714599425
7787,16548.848388605653
7788,28921.570343808224
7789,35850.17266308108
7790,147775.8177208493
7791,17803.3518368707
7792,104973.87003670337
7793,24831.271249556725
7794,6290.258816338272
7795,75076.80381199294
7796,46572.63976093156
7797,2025.3808684066223
7798,61175.266488253554
7799,63081.1346073366
7800,6354.800336026377
7801,49426.9055560595
7802,48597.20089770163
7803,83147.21234366448
7804,42724.60077762754
7805,26245.38472994173
7806,52554.49396681681
7807,38555.7293483714
7808,18736.86020064155
7809,1695.4422444830686
7810,32598.294885088417
7811,20563.159169524726
7812,112501.49436412094
7813,154352.43429812288
7814,34249.64976287362
7815,68517.76040780617
7816,50891.37372654859
7817,6030.403357485638
7818,26442.868203925274
7819,54907.9971522168
7820,74338.23670745244
7821,2692.6296744535857
7822,102880.17375100734
7823,49276.77560302967
7824,236840.64855085922
7825,101600.39513369813
7826,40655.62525030134
7827,27467.947955239797
7828,65999.51370463862
7829,37886.67791177758
7830,63441.9918844158
7831,60467.45628862768
7832,25694.36360094773
7833,84249.21638034614
7834,59696.19465387087
7835,75472.32386992585
7836,22039.246910832473
7837,91820.49833937285
7838,52340.86633524741
7839,32418.729769820533
7840,32869.77525509148
7841,70705.9558290953
7842,28913.28651540136
7843,120486.71610564865
7844,156974.40883050006
7845,70393.0824839186
7846,48530.350839481485
7847,21924.516888090835
7848,149389.72663573612
7849,36440.43147564022
7850,16918.499726149417
7851,3069.1694737505027
7852,4132.903497526777
7853,53659.26028467875
7854,13009.502302960647
7855,56047.14114863208
7856,80399.42464408923
7857,69219.57153498795
7858,16469.570493106017
7859,32736.9817099239
7860,16284.353231558516
7861,37655.618152392315
7862,34506.69296624439
7863,43609.270823375846
7864,19863.982496156652
7865,108570.35125228822
7866,35842.538799784306
7867,61650.67290963866
7868,5776.561983725368
7869,11706.095096972036
7870,48093.32515032076
7871,144294.81526142018
7872,53553.72953949294
7873,1800.2391418405628
7874,10658.601273535127
7875,43976.639327111305
7876,62500.24562858534
7877,104265.72887586501
7878,8327.37631822225
7879,86231.82503092222
7880,39250.855464791974
7881,84640.44316076535
7882,87161.60030353059
7883,133705.5199017413
7884,179524.35539381247
7885,34233.15507519303
7886,24159.975743157323
7887,31515.60477021186
7888,76136.25386252376
7889,78965.7242679009
7890,20363.404180763333
7891,46322.69429384369
7892,44758.19025849294
7893,33160.8931342464
7894,45696.02753157148
7895,14024.236781718602
7896,33935.099718924306
7897,37231.166420281465
7898,71416.8866298112
7899,7170.645855787969
7900,40584.82092741259
7901,15543.85647489388
7902,87119.75653346752
7903,66904.15518285573
7904,130350.1311276224
7905,25443.618171305516
7906,74578.29787754886
7907,44215.73228179359
7908,77433.475270325
7909,4145.459671733207
7910,9233.225031287146
7911,75820.4950455621
7912,114361.96139988872
7913,6629.04093652529
7914,188328.82020709058
7915,37930.989942530534
7916,67097.2085408332
7917,47871.04416911494
7918,51772.43963211395
7919,108950.75222127141
7920,50620.052521205725
7921,96232.6470971147
7922,162086.89657603108
7923,22689.29608411963
7924,104026.80703573317
7925,22806.785742155687
7926,44194.43155687688
7927,28111.53100618239
7928,43269.67748505902
7929,11860.92365129387
7930,12422.22203609587
7931,94075.79871720534
7932,35778.78982190225
7933,14469.56000215268
7934,42686.971256977755
7935,64336.51712082057
7936,77584.71493886155
7937,41021.23304650865
7938,90295.51411340416
7939,97117.13816115244
7940,154651.234869682
7941,42605.81709197005
7942,37831.60772354768
7943,60179.352245235226
7944,272981.5324908122
7945,131185.66745296272
7946,49803.87900014557
7947,29928.61437573888
7948,8699.660927434816
7949,127100.63522974089
7950,34582.272033445144
7951,6760.22475520668
7952,40255.78931140617
7953,9425.326585875124
7954,54349.41794183819
7955,136214.11178846523
7956,6614.511841502472
7957,223598.1459181198
7958,24612.989905917384
7959,6769.599605040047
7960,111442.11757609795
7961,104596.88978155376
7962,122259.22899266428
7963,14761.7080489551
7964,31019.42317178886
7965,76892.1523403377
7966,146830.22706797122
7967,38316.49055831244
7968,113770.10058327393
7969,126894.72066732384
7970,47296.26009901934
7971,62168.47516321099
7972,157892.09971445048
7973,200989.18507467656
7974,112386.43825054893
7975,25363.616669665727
7976,34119.74508417407
7977,47249.177231577865
7978,40024.0696093558
7979,63123.46708932424
7980,48306.851814999085
7981,8890.131701948534
7982,8982.798289884782
7983,39553.918018987846
7984,73633.93846961467
7985,12503.129486068074
7986,131649.69013168398
7987,88986.67415050796
7988,44804.51152101413
7989,56758.700009658154
7990,33700.41293432544
7991,53790.1736173037
7992,10065.066229420827
7993,28310.649179707238
7994,36683.27023090489
7995,44477.55664343178
7996,39812.2324929641
7997,44305.41896810484
7998,38828.104950997265
7999,70731.47070938993
8000,43243.032921406404
8001,33819.73438232316
8002,3066.307342864153
8003,110065.65315880184
8004,67147.73169345797
8005,28351.74906353361
8006,33489.92710903559
8007,63246.61242583016
8008,109765.68516793769
8009,43596.38799645385
8010,109012.83395867608
8011,25255.42361391068
8012,59073.0554835191
8013,150491.07911535882
8014,152194.3860130993
8015,45894.09806242049
8016,35989.93226645035
8017,110749.47945051496
8018,3993.2777374691145
8019,85584.15035462339
8020,71764.20348978891
8021,64357.12123488529
8022,123309.2939398607
8023,50202.88865041512
8024,55121.104538868094
8025,18651.414562201586
8026,18779.778410480027
8027,154392.65182148776
8028,34967.62505480067
8029,19038.739295199026
8030,4515.229152686814
8031,58009.63404100402
8032,6810.852494516032
8033,6912.929322703752
8034,71900.63215975433
8035,12503.02762716382
8036,46434.425250452834
8037,45625.94163323428
8038,32822.96629355511
8039,20130.813312973383
8040,28394.84763515825
8041,55980.365426934455
8042,113161.10147147275
8043,93688.22100647268
8044,2731.720610448788
8045,40978.211572079264
8046,49274.15280008863
8047,10479.028900020508
8048,6937.246669442782
8049,38476.5591600951
8050,39916.04698613281
8051,103524.43114470795
8052,50695.022345168014
8053,16912.574150427503
8054,35388.05418159142
8055,271199.10446501523
8056,9964.575753335559
8057,17451.093330453987
8058,52094.27562811806
8059,48276.47477262157
8060,40340.57919486015
8061,45882.28611699901
8062,27200.585469227608
8063,38888.621621540275
8064,47410.26356279564
8065,18099.55009546146
8066,150881.32033127308
8067,68881.56184375507
8068,28889.5364783721
8069,88572.40391272136
8070,164420.62829360567
8071,32742.621974134014
8072,56530.15638340409
8073,68303.20397562685
8074,76284.06994594619
8075,42931.2287089272
8076,156698.6258476206
8077,86338.34568358152
8078,55841.55406291307
8079,45741.386160093025
8080,40066.98202157017
8081,35177.359676440035
8082,54356.29210133483
8083,38208.25909299118
8084,63016.810101840245
8085,41382.877851072444
8086,103439.4484383898
8087,10894.717684915307
8088,73397.12791116789
8089,111278.4264889781
8090,45074.29963981389
8091,45226.22446716245
8092,90423.6448140018
8093,42036.0256755122
8094,2664.11329874003
8095,55773.09980558797
8096,104159.80233205309
8097,56172.59246705821
8098,22116.42058558695
8099,51467.81063347236
8100,27821.994543565317
8101,45793.20925774657
8102,82389.72467076442
8103,33207.96106417529
8104,177943.6019329312
8105,60079.028422311676
8106,64024.576421320424
8107,50856.596964731136
8108,158196.0600203866
8109,171543.00452444717
8110,203583.0146339987
8111,8921.064828863338
8112,48348.36991288659
8113,104454.73924689942
8114,69841.70931912707
8115,56892.32784294176
8116,102509.85547095978
8117,20671.870604959073
8118,44232.4011416243
8119,35215.53663753061
8120,3855.519294122657
8121,43990.918413765765
8122,58920.72688346022
8123,21361.0891335711
8124,228226.34750848392
8125,203656.91811328416
8126,64494.52860319131
8127,94525.94465098868
8128,42290.78083622485
8129,65579.90337862525
8130,59104.86122440733
8131,21537.616303672992
8132,72176.12080656028
8133,42238.74506385123
8134,209705.7610253533
8135,38688.00296368166
8136,39173.459160268
8137,72825.22173569554
8138,26603.126099457386
8139,6776.78675502087
8140,11731.226760120997
8141,52193.81686456439
8142,84924.93122365676
8143,68798.024263288
8144,19330.280054823786
8145,72146.10600969459
8146,42695.79595134645
8147,142947.08606759418
8148,154447.0871711175
8149,10318.620084025739
8150,178116.880658741
8151,6253.18356979449
8152,28732.094113125466
8153,44713.875990723944
8154,90986.58602516213
8155,16968.424057215816
8156,39923.926128299056
8157,35545.420695684465
8158,21883.141819838296
8159,43714.39013565302
8160,82393.14321303704
8161,19846.21885619607
8162,5120.496014698513
8163,30978.352946533687
8164,104263.90905224651
8165,118146.90068613902
8166,64879.22482999528
8167,23758.87611998758
8168,15982.426738510814
8169,42284.03405922505
8170,205756.60400533487
8171,159327.54393018477
8172,46429.61839165169
8173,53552.634163699324
8174,78135.61707221685
8175,5726.040343791577
8176,40144.23153879536
8177,74456.79926175656
8178,68613.51872771591
8179,165232.82596643217
8180,22986.97364916433
8181,5344.694321502107
8182,88291.82887152718
8183,40766.21656778551
8184,1230.9182131111386
8185,148165.06334931531
8186,49526.892185235025
8187,103549.9892471459
8188,138202.26903005547
8189,151801.13849143995
8190,84391.65261936311
8191,6786.55735528357
8192,52786.0843113654
8193,16712.147019405988
8194,154644.81513382864
8195,54568.46261198383
8196,35913.345026357485
8197,99759.34515219826
8198,44532.674929250556
8199,46764.659359100624
8200,40132.212597540165
8201,95648.81869745886
8202,42210.29196526508
8203,130576.99687875647
8204,14639.797956742254
8205,104069.97189842736
8206,142935.6065914448
8207,211672.10695901507
8208,8310.808392409697
8209,39046.78019685399
8210,40969.28768301213
8211,53143.48019124922
8212,99097.53170244038
8213,184466.15185334109
8214,33791.3734589389
8215,76884.37375799665
8216,39418.34910747054
8217,59358.348564959386
8218,79394.4969068006
8219,100337.1843122796
8220,58006.343212658474
8221,48654.62954172204
8222,110166.89732625267
8223,49889.259532950724
8224,100143.9197181048
8225,40924.81840963794
8226,134673.7926213567
8227,94838.95922228711
8228,81062.3550962513
8229,208759.47084420724
8230,45840.304944715695
8231,58993.4653347182
8232,71627.9739125257
8233,165099.53836502947
8234,42987.12012120612
8235,172204.53419642724
8236,39904.78923459486
8237,46840.69524785679
8238,255499.19203947543
8239,40948.59291620814
8240,16594.16760536647
8241,41954.974919928296
8242,12335.531639362276
8243,11575.564848218632
8244,105051.88062614233
8245,58735.467126397874
8246,10935.619394096857
8247,90035.31638625923
8248,54848.317099897766
8249,89810.49601523699
8250,64711.23174629687
8251,83720.13191802762
8252,59276.028697921305
8253,147209.2175069305
8254,7595.4764732841095
8255,1546.8001353527673
8256,88602.47502160916
8257,14403.93074530446
8258,67123.5692043067
8259,23222.751250776724
8260,62859.8338782624
8261,56069.533777641314
8262,127426.94306651026
8263,112699.86681373596
8264,30052.652227560324
8265,53987.1676333376
8266,117198.20969687204
8267,65580.99394121241
8268,75223.25294753142
8269,136935.5733799017
8270,186277.5079687296
8271,52766.82182961231
8272,63931.72324279252
8273,84286.8072372206
8274,36610.014150908995
8275,53138.83264877173
8276,29863.587248904627
8277,170452.90973433162
8278,46138.06294100969
8279,89088.61276584929
8280,10011.94692799861
8281,67492.039588718
8282,17765.056423777587
8283,51046.46038999409
8284,78687.57702502978
8285,51354.40182988925
8286,89910.26315176951
8287,4915.624691383601
8288,58896.6090239316
8289,106302.69708421655
8290,65875.52182682838
8291,2474.1795369175998
8292,52575.932502862684
8293,6642.445764127627
8294,14701.933640554758
8295,57111.304953460174
8296,43085.6966412532
8297,35250.61164150006
8298,37302.085258661995
8299,48843.042615631886
8300,106689.87359990274
8301,107812.42840361576
8302,6194.478931564125
8303,13354.001261053765
8304,58419.64231028729
8305,6864.1235078666
8306,108605.84264763811
8307,95230.78202604341
8308,52017.70203515464
8309,105481.36052209584
8310,1478.413076574888
8311,113282.79146854611
8312,15876.470380795874
8313,38956.01309485452
8314,33641.02009906945
8315,162691.59755334613
8316,58067.469479870524
8317,92896.75981955547
8318,91367.47056100392
8319,35836.88291554264
8320,108475.50640507886
8321,157705.3138516306
8322,31524.757139518733
8323,156616.17891395785
8324,48247.28799771542
8325,39854.662049159684
8326,103964.30926941303
8327,139197.56575563137
8328,174492.9983567284
8329,19665.144650036364
8330,112063.56455299984
8331,51404.78796942068
8332,22934.88403522958
8333,35271.59035008657
8334,27447.074339938197
8335,3417.1864618709637
8336,2678.1928404613022
8337,43088.4550495563
8338,102428.04510890825
8339,68660.33608861339
8340,6434.190495370811
8341,2002.2670517772576
8342,85251.1734763816
8343,73896.51248533117
8344,130313.4326503737
8345,12973.848236865477
8346,51161.09454717327
8347,101325.54508866642
8348,96373.34502806528
8349,43545.028948122104
8350,9289.344982445611
8351,68323.56818280087
8352,7152.942629743672
8353,61265.61613226196
8354,68859.96167598244
8355,68360.44358843537
8356,69666.60919141425
8357,38030.227997416216
8358,14696.379337355698
8359,79061.3079843753
8360,24958.749214124215
8361,5714.1629845077605
8362,41105.20732299618
8363,27442.678412086225
8364,153537.1217776431
8365,45559.29052975382
8366,37356.43030770848
8367,101528.27062205295
8368,76138.88328538701
8369,82613.8211748711
8370,48418.04001303953
8371,19853.74748270372
8372,62488.99264057942
8373,58069.428870469405
8374,8153.780716907638
8375,88269.31829579594
8376,113478.72875714874
8377,41930.37019300182
8378,62554.86815728459
8379,13582.028806135018
8380,134468.7817236599
8381,42277.12642029449
8382,15419.379688361974
8383,6887.133171450872
8384,10118.157249446665
8385,2852.451177417972
8386,16599.66010892895
8387,45903.72176362233
8388,39598.08333452146
8389,54296.203772628876
8390,1136.005549428873
8391,67843.40139087927
8392,67657.423414798
8393,117918.11786117723
8394,5429.386862630455
8395,77383.95394578876
8396,37558.413474946516
8397,11354.649212234082
8398,51289.33490554261
8399,220680.36500459648
8400,113143.47934588739
8401,10685.067637634698
8402,53163.328620275366
8403,27930.8826341053
8404,63877.46462218476
8405,72732.22521218017
8406,49618.37869291442
8407,46307.020475616446
8408,67800.64613113523
8409,201837.7232661799
8410,3010.4250152619866
8411,234409.66935621822
8412,59476.04664220953
8413,8315.022128566034
8414,104035.2375362409
8415,47054.655410984094
8416,36539.804154297875
8417,199595.19873833127
8418,128625.86135262139
8419,87940.9487342987
8420,44098.32677137495
8421,37030.47399201712
8422,61011.271168744664
8423,65712.07658415691
8424,15318.721230974577
8425,120563.58279063557
8426,36429.72900040363
8427,1889.2533492858156
8428,50126.05578053835
8429,17093.223918529176
8430,6996.042993154315
8431,45966.14940751849
8432,45489.6382036031
8433,47840.51754340304
8434,58853.24347845132
8435,60862.23125523495
8436,42926.059724281266
8437,217082.36724883018
8438,9386.4277200098
8439,37371.96374604896
8440,40506.61572057713
8441,12098.790853539711
8442,40559.65078806292
8443,34712.11284611274
8444,72355.97409368989
8445,94134.21695285046
8446,10012.515626405926
8447,15063.476346775564
8448,64543.07492115749
8449,49178.83627063919
8450,39905.322759359224
8451,42618.395893604546
8452,71333.01515568938
8453,71927.43803912595
8454,115584.80322341487
8455,25849.916367337286
8456,70678.19446938776
8457,8772.93114076836
8458,23340.37057760038
8459,167754.0940620746
8460,27261.507569583006
8461,74475.09920330232
8462,55213.26941249772
8463,26386.670793115383
8464,41675.90585574877
8465,158140.13290415492
8466,191985.05131702105
8467,129716.99791772706
8468,82640.51404668357
8469,36384.67602692952
8470,53565.78653059823
8471,50853.24084190235
8472,90754.5477514931
8473,202027.8087669221
8474,48223.94244327054
8475,19756.173044717714
8476,156184.63692287094
8477,20548.651934787893
8478,7282.651851333793
8479,52894.91600545921
8480,39089.46704578651
8481,45659.29963357818
8482,159229.94152368835
8483,99417.81376276018
8484,64754.39787042912
8485,20609.081557383255
8486,55519.241341584595
8487,82696.76300420551
8488,40560.401817068014
8489,43669.91892198647
8490,70052.5553818832
8491,6529.837228316038
8492,18840.189307961715
8493,44298.14419562684
8494,34522.693512158534
8495,37318.08479408349
8496,13093.792519607914
8497,19644.115329432112
8498,5641.958421670419
8499,63384.36552729101
8500,17442.63751379921
8501,25208.76801482344
8502,42358.89669117364
8503,37682.57884705972
8504,7634.483217908275
8505,45715.58416360527
8506,74945.74512784435
8507,36738.07570662913
8508,31799.935894148497
8509,7425.82692442792
8510,37372.95624830865
8511,51590.44032010726
8512,46714.75449296265
8513,236143.87581450495
8514,34710.518384810886
8515,37649.279889944686
8516,50223.96549611233
8517,158232.15289977923
8518,49109.0095610049
8519,65567.04215007668
8520,44516.12017326187
8521,73260.43081804337
8522,6115.834030510875
8523,33285.951233671636
8524,40522.15112861419
8525,38917.03760930098
8526,24036.401752574606
8527,40578.91108909652
8528,31232.101569919236
8529,15850.417797553351
8530,18395.841404470066
8531,71526.63917794694
8532,43074.73350853025
8533,26002.9490650978
8534,64317.98104753272
8535,46556.02431533404
8536,4322.7559617165
8537,3190.9746435496468
8538,85976.5392686606
8539,69705.4888452026
8540,42335.38742412034
8541,74884.7880693279
8542,50392.34507117018
8543,4288.4251572099565
8544,8420.844989992722
8545,43952.08789171993
8546,24753.773593202528
8547,89766.31472747747
8548,17531.297664109105
8549,110266.15514132527
8550,45252.20149370535
8551,60329.11364068478
8552,62870.0230130456
8553,7905.587889401441
8554,134930.03814934447
8555,59577.723817339116
8556,154691.52732171345
8557,75550.80289316876
8558,4010.5214487919284
8559,33879.91627041534
8560,55827.0584060886
8561,43827.25334361353
8562,248023.98545557505
8563,72996.44097910121
8564,5979.39813780095
8565,7150.399561020046
8566,82661.74073442165
8567,58519.34982065018
8568,73294.83928777867
8569,32305.6200282514
8570,57579.02980103129
8571,47238.049762998424
8572,1442.4204662887212
8573,73494.96211576682
8574,104343.88793370489
8575,31717.024341862045
8576,37913.955849549624
8577,125856.79412127851
8578,62303.65146702787
8579,99350.07797408801
8580,86711.82538435784
8581,44169.49892251835
8582,44883.29547790902
8583,159850.70571087988
8584,52596.75737701323
8585,3102.4099657749152
8586,83190.13786172804
8587,33093.66065998508
8588,56189.721764033995
8589,62473.844148923425
8590,72374.48105099626
8591,35735.02252432353
8592,93977.97272392834
8593,31940.23208364386
8594,52888.37051139008
8595,176274.0325771612
8596,22367.749273415924
8597,44177.008582299655
8598,18656.810245954373
8599,31670.97946071369
8600,20820.20549334424
8601,106999.37787893397
8602,23849.48928108837
8603,61933.92458999702
8604,29192.850436040855
8605,36270.79861763276
8606,186321.47315764724
8607,88175.52651131611
8608,22946.123155574474
8609,61521.99968066297
8610,97134.24257389312
8611,18861.797509969965
8612,32336.969103321033
8613,55959.73540349941
8614,71689.46088893118
8615,2662.3825568750253
8616,112901.71210167542
8617,50624.94912224574
8618,46377.15460456931
8619,102205.32117621116
8620,159246.8382673988
8621,122835.16711827877
8622,141906.69613624402
8623,11483.161042241756
8624,26553.69661284964
8625,151177.43728329838
8626,35315.95247271879
8627,42151.160954265004
8628,9935.532832810994
8629,255182.83200863574
8630,67933.76760439425
8631,13535.416053113782
8632,116948.88716307425
8633,21834.978798966753
8634,34208.788998171105
8635,18366.8748634522
8636,6262.462177624934
8637,54135.651600781384
8638,49547.908888090664
8639,9652.791915335834
8640,30723.387198404813
8641,39317.49097150171
8642,76021.784793058
8643,120856.95116269126
8644,54719.83472932527
8645,4323.322763191161
8646,192030.96286726595
8647,54431.85291793817
8648,43802.86436607398
8649,51478.1832963619
8650,37889.46938827588
8651,156126.64697184094
8652,57031.13455553226
8653,4252.850718772384
8654,12362.399872521164
8655,39980.192348738274
8656,16720.537982441383
8657,65349.69285702755
8658,45661.53372796672
8659,148755.07102526224
8660,164123.35304174284
8661,10314.79450904931
8662,7987.732024854984
8663,35549.08019488287
8664,25665.865624545917
8665,198014.93421365207
8666,33589.80910933022
8667,72828.17741293872
8668,26488.030441291685
8669,61983.66547126971
8670,37559.69362360577
8671,48113.818648920496
8672,56393.323119775305
8673,187554.50895118632
8674,28648.08103155598
8675,17116.756613731253
8676,29741.776195363174
8677,103235.65778699542
8678,115223.8385323623
8679,213313.89410263154
8680,42831.68653607171
8681,43396.880318974436
8682,11374.984620305731
8683,14234.844236299732
8684,100624.1974171316
8685,159041.98034834553
8686,37869.11072944486
8687,59514.868580615264
8688,27921.431977938024
8689,85482.34378503491
8690,72797.41199663172
8691,240152.0372559158
8692,2268.1400173835927
8693,53763.30642966335
8694,57329.42014822808
8695,102359.456166663
8696,2595.9828200380184
8697,158975.48348778376
8698,53172.96486401236
8699,19530.11664795114
8700,127732.36927833065
8701,53152.40717457009
8702,39458.48820185476
8703,48555.95526726421
8704,45914.26472960974
8705,53587.42466133386
8706,253115.3547891479
8707,35815.10535492608
8708,101430.13525939372
8709,88313.60161703838
8710,53235.2836039894
8711,6816.70857768701
8712,83640.22126702793
8713,43975.83838478833
8714,67893.89587072961
8715,35267.79213914624
8716,60019.52271715075
8717,9387.671995445231
8718,40791.37341842074
8719,10440.091342124993
8720,97558.53491977612
8721,58759.83450133892
8722,52204.66744944425
8723,31296.152758699925
8724,36894.852092024696
8725,31938.965396047508
8726,271927.57267643133
8727,37023.88212102377
8728,43607.0650383035
8729,60443.021731843204
8730,72974.54125897381
8731,64581.279394744444
8732,91065.46717185111
8733,36419.904175922646
8734,32528.28655885904
8735,23380.536782472504
8736,58023.98716559683
8737,15649.980749555798
8738,25943.064989108934
8739,6180.854208538104
8740,52216.205869225596
8741,85514.44608552066
8742,113245.66024780052
8743,38284.33557985752
8744,42834.79410085478
8745,21481.220470911885
8746,49739.30662840957
8747,52669.93876830064
8748,46162.10164467419
8749,92194.46245464927
8750,101454.49295002669
8751,58786.06545587809
8752,150103.23838469372
8753,5165.945442254926
8754,253550.58667838335
8755,45716.47982416142
8756,168193.7893288144
8757,69377.87832038676
8758,45027.41876070725
8759,11628.726702317848
8760,83218.19405276571
8761,220372.52670705112
8762,40287.53923719919
8763,149740.7299842143
8764,78795.39540959876
8765,49680.548138604216
8766,48890.31354155656
8767,16890.99284599035
8768,51787.751486791065
8769,93032.96426325665
8770,172054.51097857
8771,29560.330655224978
8772,8611.363993478495
8773,61861.71246070356
8774,26796.80379047087
8775,235517.43998316312
8776,173190.54346343616
8777,75252.44654606536
8778,67172.98155815824
8779,55937.6600675711
8780,44785.14607287395
8781,86630.89802441736
8782,3696.001707059104
8783,11404.83613520131
8784,83810.42974411744
8785,12746.172193529856
8786,31868.86090501772
8787,105520.07224246691
8788,51408.530543324836
8789,48240.5162595143
8790,53476.91270396387
8791,20991.46309111426
8792,43015.44183563469
8793,45171.00980034987
8794,40927.54290859924
8795,51611.74472287468
8796,11371.795229566731
8797,67220.47187089798
8798,17407.7791090245
8799,6191.588262771097
8800,65667.09357613848
8801,44840.54492568608
8802,39208.1980111432
8803,65612.07016644848
8804,40490.10067287624
8805,175562.89154666083
8806,26442.737929663886
8807,52974.40720275928
8808,51441.149289430556
8809,39767.138098047675
8810,81215.75116614756
8811,123066.75527805151
8812,130422.48786250991
8813,35432.70115529462
8814,38396.180827293036
8815,216017.09125455984
8816,35745.66782739908
8817,191241.68174848746
8818,151078.7989468207
8819,95784.16813364474
8820,10287.391169204273
8821,44364.9155451358
8822,85998.4299425901
8823,154683.21346998747
8824,47568.839392433576
8825,13241.888909688663
8826,99213.67768263254
8827,35854.79715887803
8828,29808.60763461408
8829,31908.446331798863
8830,42153.66309002085
8831,17597.959750453312
8832,113105.00046654016
8833,13810.1466403032
8834,65681.29102942064
8835,13119.622707564247
8836,177143.09491576918
8837,34904.96255006015
8838,76184.92991252504
8839,63857.96484008083
8840,63867.851326275
8841,30912.036789660815
8842,45887.82733893558
8843,27298.642846360683
8844,83554.9189016745
8845,12333.54783857116
8846,61383.759165503725
8847,198707.68717078862
8848,51480.39152386895
8849,51060.37567394112
8850,10925.731529552137
8851,94588.43422160382
8852,124931.31245368828
8853,79113.51103563851
8854,28413.445674298677
8855,52072.2147596223
8856,200307.21046908802
8857,104056.44078005268
8858,94801.2779617401
8859,65062.37733331668
8860,55613.24278578646
8861,2529.3892393614424
8862,19270.479792048223
8863,89133.69812571247
8864,49567.92989410588
8865,12012.032552140237
8866,51113.30366688991
8867,6875.821819655162
8868,48703.006410722235
8869,5632.32787552692
8870,11950.350231924333
8871,48249.19930982664
8872,79800.76512807744
8873,28067.075793513526
8874,18176.522797999125
8875,15233.868567227037
8876,216458.75297564216
8877,6805.37552116533
8878,53538.42053357622
8879,93630.80567687213
8880,34975.04541456748
8881,84019.6417933762
8882,5141.976535506624
8883,25949.076351147745
8884,55879.17539127987
8885,3689.395652105833
8886,7377.042612460863
8887,9823.340746185542
8888,63693.54594043725
8889,37163.67208521099
8890,69608.24359785544
8891,46894.500380394646
8892,50707.34964295332
8893,78669.18946885433
8894,190268.1603342918
8895,28634.61263475159
8896,10737.695146948505
8897,19887.467564947383
8898,4411.598591927978
8899,71588.20541925605
8900,16943.25354032229
8901,34850.679684860705
8902,117466.38181939317
8903,131205.4618933488
8904,70454.45848971975
8905,56276.06195018253
8906,45524.07287267879
8907,57459.227967510626
8908,36640.947131021254
8909,50978.55121278808
8910,17822.891573334386
8911,70800.79062568284
8912,65228.50198790736
8913,19176.70304535097
8914,13440.176165785131
8915,65462.6792966187
8916,50964.36565465251
8917,162138.9141044448
8918,41904.089594400364
8919,73534.34923878948
8920,33030.72767319956
8921,55846.66182852516
8922,10807.67906406192
8923,13964.087639257828
8924,155514.66840626646
8925,66293.44592128962
8926,53961.356225530326
8927,111283.82890635652
8928,43831.58459608779
8929,64322.74538458439
8930,44792.98128323752
8931,5243.9409638196585
8932,54096.23907552412
8933,48170.26663676965
8934,6239.590819754997
8935,83171.68761981327
8936,9588.984508083284
8937,190376.8973582426
8938,61207.06375692007
8939,163063.11680520995
8940,4978.32346418745
8941,63608.64776471496
8942,28423.999712097775
8943,6971.46767962709
8944,50775.53509488786
8945,28252.224859455782
8946,73679.91384037807
8947,39415.0283631578
8948,1434.363094279716
8949,35218.60443745958
8950,54177.081696201385
8951,61188.91969855866
8952,4398.933030037465
8953,57613.67963257113
8954,48718.89023896748
8955,7817.561459427674
8956,56396.687429256046
8957,84827.05498243953
8958,15882.521302968327
8959,25156.025341067292
8960,120657.14274924947
8961,76734.17514327321
8962,52687.43648852227
8963,128298.48841252904
8964,45392.1863821875
8965,18344.168583017734
8966,64848.69617947754
8967,26943.196454809677
8968,111078.9916782977
8969,39194.670557198435
8970,87629.11088944052
8971,56207.08525114757
8972,3657.1705744054834
8973,40707.10268644042
8974,17311.934934400284
8975,23262.02755471309
8976,25298.540039547068
8977,90478.17111855946
8978,38023.877851469646
8979,74433.01814073458
8980,53007.50941075119
8981,47324.347533772554
8982,41609.20591367348
8983,3361.2742019835696
8984,17049.809602098816
8985,5948.28671630567
8986,33859.18663001931
8987,78162.5977989623
8988,27063.58806761153
8989,182062.67642810766
8990,6868.917444567382
8991,34166.892134879236
8992,96411.52600980578
8993,17050.32660846446
8994,51947.0408169616
8995,109821.04192602969
8996,139960.93303829446
8997,105812.32067365086
8998,47263.92314930098
8999,65365.26713036614
9000,82034.26829944875
9001,13659.03105637405
9002,74806.83201702996
9003,64732.87310392724
9004,137679.10085392825
9005,37569.61803352466
9006,37637.11767867793
9007,41139.400694843906
9008,40700.018827592976
9009,42498.94006428797
9010,48789.26629668193
9011,45657.272040246506
9012,6510.189982018702
9013,21749.712310006074
9014,9268.956016860813
9015,170816.47751905187
9016,44581.82849610229
9017,67925.4274431654
9018,68440.46006031967
9019,78565.51384079612
9020,56646.39141784914
9021,35025.51043721362
9022,26615.816986679372
9023,83972.41780531175
9024,116426.83237244557
9025,21792.81422854893
9026,48881.52835601115
9027,128777.26102416743
9028,40874.68652434976
9029,51419.31738765959
9030,35252.615236945494
9031,4080.4020797350245
9032,34199.76191843011
9033,48869.38549751912
9034,98567.21239644001
9035,184048.09200370198
9036,15388.411588451323
9037,8493.642987158359
9038,191042.7846930284
9039,43023.930094942116
9040,71067.22142750867
9041,29706.392013105724
9042,94553.2039697546
9043,1213.707264459521
9044,8674.453920692542
9045,250734.4018754823
9046,52396.47655753894
9047,37717.456111654436
9048,64660.12521849414
9049,4776.732093868621
9050,4021.719531407581
9051,131008.92747754983
9052,51739.1953963574
9053,64562.65081826129
9054,178222.36988722306
9055,155794.32986809578
9056,106057.63569329734
9057,207368.4308294822
9058,30563.48502334173
9059,62300.44489868004
9060,48879.358491266714
9061,75720.38553592724
9062,50364.41027116789
9063,97218.99058512104
9064,82227.16972312827
9065,48745.270681873764
9066,57351.92554826645
9067,26782.814424333745
9068,46904.701168254025
9069,88098.44533582454
9070,31526.347615348514
9071,3341.314996825615
9072,83315.04827188527
9073,54634.03939223976
9074,38091.716288893964
9075,19563.1048053348
9076,40504.40111884418
9077,34429.27205441096
9078,211759.0645066038
9079,12156.367901805272
9080,5107.336629709036
9081,128582.7819603158
9082,23870.112472881647
9083,120388.2998365021
9084,48813.18504466157
9085,7705.62182494957
9086,103125.90626678985
9087,32046.70992973712
9088,42283.77517581995
9089,34722.233568391646
9090,68733.30749977106
9091,36132.99023062646
9092,33601.77604526597
9093,163695.47257847583
9094,25535.08108957848
9095,69757.60066054446
9096,39187.795151485254
9097,16289.422456740445
9098,181593.9547845407
9099,9712.692436314392
9100,18425.673007397596
9101,56452.65592635494
9102,66152.6588932674
9103,13819.341031817328
9104,11558.006360180385
9105,96397.95378329507
9106,41553.52331631657
9107,6200.213808463943
9108,56024.19971009399
9109,5625.249373007703
9110,71441.08023025867
9111,27635.796571281287
9112,38963.96915072478
9113,86520.12081167946
9114,5750.694501018634
9115,10660.609251968992
9116,9469.967175386526
9117,5528.586238303636
9118,170643.9639619662
9119,36510.918398480644
9120,45752.530092163
9121,61829.85189035095
9122,35922.09353303543
9123,62506.3225410856
9124,253381.26591889226
9125,111990.27316993765
9126,52352.127631543146
9127,94834.08301465806
9128,55206.51511732678
9129,39735.56629869959
9130,45770.61291974473
9131,34337.6731565194
9132,81599.74785151207
9133,7843.781378280262
9134,34987.47030576932
9135,132457.50272956918
9136,144276.3427975759
9137,39571.652841614996
9138,37775.65973625421
9139,36621.73956751494
9140,251596.1582635588
9141,11843.407768817033
9142,51311.84631626852
9143,42386.133477173535
9144,8601.608766090465
9145,42511.914421140966
9146,7105.661233620721
9147,139003.48305506128
9148,21646.141602714746
9149,36854.61103558433
9150,6337.171948951343
9151,6947.275089948216
9152,21535.910512217844
9153,32677.48363944206
9154,102219.68136875614
9155,48747.16629970468
9156,68025.73535312973
9157,27148.38886533876
9158,10731.107047650994
9159,31337.738421204045
9160,59243.93531050744
9161,31063.263928515888
9162,124711.0702529265
9163,8156.772464604931
9164,144262.6069673813
9165,132090.35937673587
9166,4506.597481255293
9167,70773.4154239819
9168,138941.80925151973
9169,8274.330871614098
9170,54913.146979434416
9171,11885.41872868043
9172,43636.742429759746
9173,37173.08533740261
9174,22137.603199176516
9175,143525.7067899796
9176,19015.68184884702
9177,132443.02376554883
9178,19348.744427867154
9179,80446.5207999195
9180,17074.22181921532
9181,48113.69261125623
9182,37126.62130178319
9183,142426.90782250927
9184,6219.470078651509
9185,69694.71231294778
9186,138764.06432563474
9187,96758.94844952656
9188,66307.86954533664
9189,19998.202932392524
9190,54503.77572644825
9191,59870.46221519568
9192,5302.4863167712765
9193,84000.16512476919
9194,92041.14095969859
9195,73986.80241547017
9196,98013.44708673655
9197,5030.142148203816
9198,45830.78331687911
9199,43453.71785089467
9200,83660.29027418047
9201,48611.15474518919
9202,93968.07300513361
9203,74101.02594372061
9204,146561.4381825724
9205,70025.5467433269
9206,68206.73004216889
9207,40278.17512657939
9208,5472.517527108244
9209,30642.252624410317
9210,41799.89448015874
9211,9619.19987558964
9212,10421.881712278811
9213,135929.61122853457
9214,49151.53701647019
9215,223694.54509780093
9216,84320.10226004416
9217,55888.140536799045
9218,10535.284374890018
9219,102851.81780072417
9220,36686.04747258068
9221,219311.54813882324
9222,35050.07256255772
9223,13156.775997321938
9224,40505.474645417904
9225,61985.38158281176
9226,193929.53911582928
9227,16788.42733067359
9228,55537.3820911973
9229,5251.602034751728
9230,83450.28420554119
9231,42990.416251254894
9232,82924.61041351027
9233,75881.15031508998
9234,96290.91715181383
9235,46837.15239160611
9236,144384.47081653494
9237,46101.00619100201
9238,19579.234837314678
9239,166887.64083149759
9240,37530.53813235301
9241,40923.82024388386
9242,17938.097110025494
9243,110131.29449379157
9244,74803.96514172826
9245,9718.757047083225
9246,42609.73413838606
9247,227701.44927789367
9248,48802.32329332667
9249,40330.80051035041
9250,48993.38878046446
9251,56328.50946851762
9252,43132.3263211818
9253,4853.511265875503
9254,4243.572380130436
9255,185711.99497748993
9256,3906.5969382095764
9257,67150.43543167981
9258,40866.17845982663
9259,35756.68755096209
9260,109285.3713444887
9261,59406.34938647025
9262,250380.63462584052
9263,43398.767013952034
9264,87202.52295670848
9265,84735.2375083239
9266,21283.941326165543
9267,16929.29329823441
9268,32379.574892686036
9269,35566.573589213906
9270,64029.03756406977
9271,56964.13916195414
9272,25635.146815208933
9273,188797.68021147946
9274,72272.69677663702
9275,64929.02087321075
9276,8773.497385704004
9277,42950.14735205106
9278,54569.00007367665
9279,42360.13236616075
9280,33958.20463566182
9281,171183.51435023153
9282,5184.179750654489
9283,82835.69112933993
9284,82951.68445509065
9285,35647.268623486416
9286,36967.65750165058
9287,68760.78681737899
9288,2337.3568959824556
9289,7054.89738848293
9290,75085.21845681679
9291,116396.46648366237
9292,33500.34896183087
9293,48832.43306659997
9294,58877.98943447508
9295,30107.776271318566
9296,40459.55757162161
9297,40662.21166740501
9298,39562.74771077197
9299,35416.01209835705
9300,71308.42112484098
9301,25469.181619368443
9302,76412.38922231186
9303,29511.4973032713
9304,41788.54896685437
9305,17101.524681387626
9306,71040.41060170314
9307,75584.36610042157
9308,10202.753252973967
9309,17222.01646841511
9310,118806.83465484853
9311,162813.10472447798
9312,77872.92571613983
9313,78496.97020900217
9314,56171.80576698244
9315,83260.08288596122
9316,120547.23916443622
9317,35931.912556580115
9318,184204.74461870978
9319,45209.22355800584
9320,60201.4369265519
9321,99157.8262090592
9322,16668.20450707346
9323,37559.99193923875
9324,9193.462821583385
9325,79938.97221389055
9326,104145.60332200918
9327,73157.77294879004
9328,45671.665362995496
9329,6464.840421314337
9330,32265.8868325055
9331,27842.204051148263
9332,15978.23879093066
9333,1455.3819579087829
9334,92825.50780353465
9335,14205.352840549345
9336,38125.52642597974
9337,2577.6888304226327
9338,44633.823558551514
9339,110982.02237690374
9340,106706.45211342235
9341,43921.86427410951
9342,150516.4516743357
9343,66262.884603173
9344,19338.085897595178
9345,73658.42110339357
9346,33155.12779217417
9347,19837.692785628955
9348,104431.37379920323
9349,68798.48260161659
9350,82164.31007173321
9351,215004.74287698694
9352,19793.35070136615
9353,22921.708762589256
9354,124924.52844753518
9355,73069.39065180444
9356,57197.52799745148
9357,20659.939889576344
9358,159976.90427326268
9359,148135.5729375515
9360,62294.11005377666
9361,275127.98145688226
9362,55360.23573799571
9363,116067.24506347446
9364,53630.65314361829
9365,29627.45708102211
9366,3897.3080148743534
9367,35193.65892418004
9368,28889.658725831785
9369,13288.612248647172
9370,4740.6393845094735
9371,3759.655478015999
9372,22134.62640577693
9373,63160.46281418213
9374,44801.62639064826
9375,106486.4432081883
9376,30387.564497737505
9377,34820.529049041455
9378,58680.1951052896
9379,5726.254631559567
9380,57496.18136807797
9381,86506.25287007082
9382,87167.08432291284
9383,19261.111087051755
9384,52498.60763571819
9385,34782.908861182164
9386,63414.91184910947
9387,39330.29767049256
9388,70175.06782735608
9389,5822.830508549334
9390,14463.044775910732
9391,22495.483454687892
9392,5298.335080264695
9393,100241.99058605607
9394,89851.00208461472
9395,148168.69773437944
9396,3337.283439412778
9397,71807.71961457637
9398,79343.23373324377
9399,55854.702555037074
9400,3497.2920651538607
9401,49184.88719498219
9402,5664.04482137606
9403,90458.67476492745
9404,129793.03248180194
9405,6077.390836851427
9406,17471.14771361893
9407,35014.28049367412
9408,276437.8224701138
9409,21010.375578451552
9410,51602.419269736565
9411,78561.6148725251
9412,63257.39926199685
9413,54308.90794820694
9414,18667.96186801548
9415,170892.70014380335
9416,38065.6851911589
9417,87399.63993722586
9418,215346.12162628118
9419,31008.645324763715
9420,60893.771270762685
9421,61897.918199038824
9422,46320.38101518484
9423,67131.23775313118
9424,33605.1580702141
9425,4114.0746465752945
9426,20400.499286524675
9427,28769.86382272001
9428,207145.9521860793
9429,58746.677324916556
9430,35659.87510697531
9431,36262.91450377216
9432,44620.4846040727
9433,45370.09700248138
9434,65229.333862658976
9435,59832.17529649644
9436,43233.8143398968
9437,46163.48613501101
9438,8863.49761441437
9439,80556.47946305295
9440,206839.78549308068
9441,41561.97008321039
9442,176990.3405928339
9443,93551.6562861666
9444,8524.055769260689
9445,24755.248491074144
9446,59202.95936815859
9447,55819.53222785279
9448,124939.82100515506
9449,5376.038024196851
9450,13396.051668055103
9451,13861.337739714794
9452,28344.914051291224
9453,272616.66371745494
9454,77653.00214537085
9455,69515.64005484339
9456,6538.083536638557
9457,10794.536270518207
9458,78252.11763612593
9459,15221.260553606528
9460,14410.26688728758
9461,5796.891500041234
9462,43242.55788309052
9463,3097.606911278989
9464,170370.36322929224
9465,40777.03909413375
9466,51468.320572868986
9467,28659.655366904473
9468,178984.16095193024
9469,24876.830094582154
9470,42334.635321805275
9471,126259.5798729383
9472,88450.35438249385
9473,55244.09990740317
9474,45445.316997964306
9475,40720.06978948266
9476,13099.384735040003
9477,49621.578399654136
9478,13181.559606489742
9479,39479.842454260885
9480,50914.89473535593
9481,101019.78127967649
9482,202678.3256133567
9483,40291.33909252135
9484,63800.1846151125
9485,86067.85913916508
9486,61570.56692557285
9487,48304.34316404189
9488,82613.60806117061
9489,162853.91969571015
9490,19354.603735147386
9491,49895.96672154144
9492,100210.35695686971
9493,45664.139996038815
9494,70399.13616368225
9495,225174.7978536488
9496,62528.25950596894
9497,139710.0558954326
9498,33988.38820974463
9499,61054.88317077808
9500,61315.829392305175
9501,31711.607366120177
9502,46986.542629286356
9503,7135.283521184382
9504,53105.556521418526
9505,21955.08280866253
9506,64781.1626646937
9507,79509.41717139402
9508,62579.04856917647
9509,47134.20571351502
9510,26604.183634797966
9511,61012.696005470105
9512,42575.24445004512
9513,34428.47960956605
9514,42105.74869186168
9515,4957.095473472694
9516,56778.364886310046
9517,188278.28160418782
9518,9306.038784173234
9519,36628.00353439904
9520,44520.457978682956
9521,14959.325949014587
9522,66521.97791626117
9523,70842.19223116955
9524,72938.8152322214
9525,76646.11114998371
9526,128353.80032310224
9527,76160.39167960716
9528,172642.0129603519
9529,29855.922794088212
9530,87936.06664912145
9531,33741.24752567744
9532,92841.05082473025
9533,36530.76707145198
9534,77264.40085625049
9535,32174.20210985851
9536,42949.91752975543
9537,26114.154430997016
9538,138590.62213101715
9539,43449.95340941969
9540,37530.93692732123
9541,40495.13213623075
9542,44077.895561014426
9543,59637.456119163486
9544,53156.45422781089
9545,116399.36483989314
9546,56235.13598659119
9547,101217.782746468
9548,39074.612938198356
9549,48733.53916164934
9550,99412.67724074153
9551,274481.42523405695
9552,20761.290588307784
9553,160717.53284388932
9554,42628.37946514441
9555,47542.06281226177
9556,95192.9286108377
9557,18939.582796633866
9558,91059.47271105807
9559,8018.639521055159
9560,19689.14490671757
9561,4734.319114602669
9562,54635.40045496799
9563,74289.02750737553
9564,44058.66584279109
9565,77463.73276000547
9566,3691.0071813224754
9567,78711.20334988649
9568,59429.56076843934
9569,49169.34728586053
9570,41842.20729390446
9571,40152.268374474756
9572,46915.77229113914
9573,88553.19127138065
9574,58967.15548539517
9575,45606.311993548436
9576,23478.590597986888
9577,206013.07382642294
9578,49434.69733295432
9579,50402.37804350133
9580,42413.83188572833
9581,44500.51457979076
9582,9731.789214030943
9583,31186.16658848302
9584,35837.927807543274
9585,56210.85753396265
9586,52689.954694690416
9587,3462.0882207744744
9588,69769.02857477333
9589,141832.0482263299
9590,164797.4858198661
9591,187851.08296417605
9592,20871.608950031437
9593,13203.593100797778
9594,11125.616829539347
9595,18347.339339401144
9596,7527.781367528491
9597,46555.73727708352
9598,7837.447407183441
9599,43249.22131599073
9600,6271.014951210064
9601,36129.73708805454
9602,67601.26881285594
9603,23370.131411113012
9604,52957.95520474285
9605,120650.06823284678
9606,50423.58267425158
9607,5945.351171383892
9608,51490.34501414747
9609,59788.32498369947
9610,34187.5748524034
9611,37603.59968533102
9612,47059.588054694636
9613,28657.918710515485
9614,1503.5366689265938
9615,62146.1206481091
9616,69555.71436600946
9617,77279.42231217663
9618,66192.24894603877
9619,38877.10531319981
9620,9129.456449697622
9621,62538.37111032534
9622,34816.87941250976
9623,13774.037156327557
9624,21981.595717056043
9625,14217.819326389606
9626,21266.094271403377
9627,85397.13777593657
9628,8768.192150349629
9629,67117.8859822485
9630,35649.714471114734
9631,2539.634168696153
9632,95779.5541241925
9633,65459.2313644662
9634,156247.5048901621
9635,72422.7794716872
9636,38926.3556300595
9637,38465.620439090846
9638,122273.37142004265
9639,151350.00530139328
9640,52253.99379235482
9641,63061.55759578091
9642,87168.69971075663
9643,128709.90538242648
9644,30510.034790009755
9645,126605.26759989494
9646,76604.91496966749
9647,38147.107987142015
9648,119992.34260169195
9649,23383.792707445005
9650,44917.016541833575
9651,131089.16655680648
9652,115223.08995695668
9653,126496.89452227911
9654,10557.034739352273
9655,10081.958225845592
9656,59875.72382709659
9657,61063.02516568388
9658,42434.662823663566
9659,72815.69904841471
9660,42675.65944301199
9661,80801.53425579137
9662,5478.859819342851
9663,218026.21373468527
9664,98005.84589991494
9665,44741.75474142259
9666,26955.175262879817
9667,2279.781896731072
9668,16938.74701913447
9669,60637.88811662179
9670,64048.75448321926
9671,59005.94777708702
9672,19555.81658259327
9673,119650.10017302287
9674,28426.93378965214
9675,52101.39862635409
9676,2590.200258223547
9677,56648.407098906144
9678,38995.322279962165
9679,42044.40445171964
9680,22592.396022967667
9681,58671.93733874337
9682,71669.82784466197
9683,38490.39296338554
9684,71237.26667891923
9685,121210.73300237874
9686,56055.224187961685
9687,59120.6396050005
9688,121415.98063938727
9689,61942.22430042263
9690,194122.09581844512
9691,47871.129676379554
9692,76077.10559074323
9693,12159.132556666202
9694,159031.06755143037
9695,72541.35527940032
9696,12846.08537552965
9697,50637.27411735489
9698,6349.910317327928
9699,113494.5361713199
9700,6589.883133269461
9701,9497.149944126262
9702,210564.60385833314
9703,74471.97269377243
9704,43524.8678616111
9705,132182.49854847504
9706,214959.8676314586
9707,90073.62966189004
9708,39307.36276275647
9709,4383.566262896738
9710,9842.501604369225
9711,5540.8762786444695
9712,6126.587315461897
9713,45052.32200121641
9714,119226.02340914306
9715,15075.187125772305
9716,53699.89627109816
9717,40233.331255677294
9718,29022.90128103201
9719,2335.966705613638
9720,17855.54937008125
9721,155381.45514290937
9722,123158.15969435609
9723,56417.651315704075
9724,12241.863053471652
9725,62942.516067896
9726,29039.2986822722
9727,97396.48172243442
9728,19504.606801541104
9729,19894.395653829743
9730,22663.17583425879
9731,76705.03691818388
9732,52751.56261920908
9733,276541.1575135896
9734,60857.59722836349
9735,196338.62262856445
9736,226384.72293199936
9737,222503.68798465887
9738,52694.39884478569
9739,47518.313615554805
9740,42476.99892540925
9741,42802.544028607
9742,48005.21589761183
9743,120516.3272472306
9744,9224.943845786394
9745,40960.252712282134
9746,110803.42154852983
9747,65650.56141100924
9748,53988.87569599338
9749,35564.266285924416
9750,25809.0242816612
9751,117773.81763614368
9752,175889.72255157493
9753,123916.9412313296
9754,41247.06492718005
9755,58250.44757043538
9756,24466.115805568686
9757,84861.83850770762
9758,53955.27954991764
9759,141109.42177370194
9760,64202.47585071094
9761,5541.903130984807
9762,48199.25206495362
9763,30310.64938825867
9764,162053.738786438
9765,39268.477748229816
9766,66404.44415927354
9767,62568.46821436207
9768,28012.07730357441
9769,3059.672475451188
9770,21108.472274884352
9771,49564.11081057116
9772,48476.629905399466
9773,42447.58490730456
9774,50637.02717838552
9775,159135.16521547374
9776,10709.146069622968
9777,92885.97323986435
9778,4688.989147046791
9779,75005.19770661612
9780,62963.19557792694
9781,44790.45600351662
9782,51237.21757141363
9783,87175.2264884187
9784,21035.030354345578
9785,27377.534171766507
9786,5064.294410939479
9787,52644.5404888173
9788,26025.615397263602
9789,36345.21193273176
9790,9282.84873206483
9791,25836.735394687894
9792,34210.68287502583
9793,4003.888335949729
9794,62740.54769333913
9795,14611.949387817354
9796,33330.57474017804
9797,6474.732743349142
9798,54278.2521817279
9799,3917.548405881229
9800,10848.810652643318
9801,6999.388472816222
9802,84332.17974699072
9803,16820.237858161952
9804,11735.637653226886
9805,71976.64395062163
9806,44825.1691821366
9807,17805.546075237
9808,58343.249838652075
9809,42241.98517635029
9810,14051.16867033905
9811,56167.42433316384
9812,81918.58394439843
9813,168531.43054971515
9814,91933.87132680409
9815,48048.51086164962
9816,99021.77643324516
9817,5864.037553732173
9818,181827.35846352478
9819,4497.421987756339
9820,192340.63509296064
9821,33817.0519641247
9822,2424.409205250524
9823,84317.86782777189
9824,140193.08193030293
9825,111151.52324553198
9826,115680.22403819067
9827,36831.37728916536
9828,49812.34997521873
9829,10323.170226904691
9830,53378.314957638824
9831,68124.94288523156
9832,133551.68961129658
9833,60601.63671013343
9834,30477.994540854073
9835,54211.523924058405
9836,42546.55489237654
9837,7682.167172852779
9838,87851.0303129378
9839,45364.017941274964
9840,9870.783046153205
9841,31762.841674124207
9842,47303.30512885151
9843,40882.49135348208
9844,58566.44826319194
9845,20002.83124043526
9846,9147.133007885774
9847,36681.780814854166
9848,141619.09439484615
9849,66483.2129717607
9850,38405.64904593488
9851,72140.31117658055
9852,8437.306053748629
9853,72864.89587462199
9854,69402.35583845206
9855,57136.918986438686
9856,129920.12392519802
9857,188844.05392415918
9858,184223.35413852823
9859,105519.49459852281
9860,31929.365900094657
9861,85501.46243745476
9862,38543.03270446485
9863,48580.837910362905
9864,51421.6078413991
9865,45265.49850642975
9866,77270.59215410615
9867,94675.36433258966
9868,90836.77539354109
9869,45366.71404460236
9870,34507.71870517755
9871,36720.07360528089
9872,42051.93303166751
9873,58412.71048066903
9874,92917.82438578008
9875,144790.8266622301
9876,95102.48147272757
9877,123746.51808202163
9878,73328.35977288637
9879,10600.041010782785
9880,20700.089449135812
9881,52920.762786774794
9882,97232.70257386497
9883,34934.864672847885
9884,38544.09692563859
9885,84256.99677892716
9886,85928.85317329147
9887,90570.78831570501
9888,8587.683246795152
9889,50879.19225069755
9890,140654.3817921645
9891,12434.255257347162
9892,121351.52368708562
9893,33985.59219281684
9894,55741.08136451972
9895,9531.42684774328
9896,30361.442957014275
9897,57092.8568601944
9898,34197.50341477207
9899,80744.87518645756
9900,52319.218804066215
9901,64593.247860229385
9902,85022.13339474499
9903,277555.2673945125
9904,182496.81630042507
9905,54479.53753639172
9906,44733.90592677321
9907,84555.72230167736
9908,54148.71425308509
9909,60468.87372311313
9910,65932.3207446038
9911,34033.21881942662
9912,140445.77332622904
9913,2004.4815787631685
9914,52900.37646414028
9915,37956.74705054312
9916,3029.5027226932216
9917,11437.072406666355
9918,43902.96086792618
9919,46700.68316151959
9920,59933.209957961786
9921,10311.405402966713
9922,133020.33221435169
9923,27874.15281565898
9924,50582.283717264865
9925,80927.54197242476
9926,38229.17666730408
9927,76566.65763771423
9928,2851.932386228507
9929,37048.91247997942
9930,42936.89516425778
9931,50102.95473539982
9932,33522.35199367793
9933,14478.309125558651
9934,65417.1088416272
9935,131674.22319844912
9936,68698.15294885891
9937,62867.484751367374
9938,117376.5323566242
9939,21522.20321104961
9940,116990.87073290687
9941,18259.368234662445
9942,92311.82581820364
9943,75515.73072182479
9944,42846.37485305228
9945,43846.930153388355
9946,63804.053807076154
9947,1281.4548807388637
9948,48747.59678682448
9949,43075.73579667695
9950,43482.58271564863
9951,55645.2498379891
9952,98232.19436126448
9953,76522.84774677687
9954,32253.568157778496
9955,48782.87966274303
9956,26426.31060888172
9957,94314.83952417663
9958,35491.05337093032
9959,126386.89893879367
9960,36462.41472948945
9961,276047.36340214586
9962,41052.15224716886
9963,70010.63673562383
9964,3359.25458340556
9965,40026.004353202705
9966,57562.36270268245
9967,162786.36098982068
9968,12733.56516883735
9969,49159.16208456163
9970,134439.84356218658
9971,66760.95997918546
9972,38564.941056505144
9973,8966.78909557494
9974,66806.56298716523
9975,46975.94211538559
9976,30919.42964844825
9977,196357.73337089416
9978,14782.52856093735
9979,48931.185190768876
9980,66139.47281506681
9981,61380.49001490262
9982,80636.43132458942
9983,147547.51467787172
9984,6771.165161604469
9985,32723.238017653148
9986,1156.8845230763175
9987,4263.587418265144
9988,220586.4477834468
9989,211725.55445852916
9990,20263.875634855107
9991,34129.66704307018
9992,57436.12766806732
9993,65233.466569088014
9994,1864.3679425593964
9995,73383.69241580553
9996,54830.70993408168
9997,45623.057040991334
9998,46347.1094679928
9999,47245.002921877065
10000,36857.21577486566
10001,47597.074471823755
10002,98406.50506472518
10003,203657.54213423957
10004,48483.63886259842
10005,102627.75747469421
10006,32106.761692667347
10007,43041.62445774667
10008,62661.031858261944
10009,27846.78900907181
10010,67175.98231603479
10011,36553.94527464849
10012,127245.34944697232
10013,46782.56824146044
10014,61657.9827102872
10015,5458.466975884947
10016,221442.13047411942
10017,121304.57402881126
10018,91398.24750482284
10019,106505.22207332874
10020,32110.298300060993
10021,40153.33570405737
10022,48542.95250233394
10023,5571.312548304811
10024,2254.020884395561
10025,5544.003968377012
10026,53110.13258151404
10027,60039.48706825108
10028,207109.37500164175
10029,68247.40311290247
10030,188482.2514089135
10031,113660.00021360697
10032,48232.17092841427
10033,54397.946970154066
10034,40941.14626886933
10035,141112.86792268566
10036,41235.76573685542
10037,49047.74596211588
10038,193207.24657793855
10039,181779.32181820413
10040,19822.630904920614
10041,15183.684072727465
10042,157363.52369516715
10043,121639.35013565648
10044,89324.21274622183
10045,21525.197417261035
10046,65330.9750928055
10047,25513.819181929488
10048,48740.959289968276
10049,36954.48357110706
10050,52107.23064550076
10051,29787.018011230884
10052,53973.44693518974
10053,59487.40019209969
10054,8518.89556871113
10055,170115.77030073834
10056,31565.201458317926
10057,22620.661210640013
10058,60296.03524001534
10059,32799.79960446019
10060,74785.51422400039
10061,147116.190747569
10062,39044.14178887622
10063,58953.42017554206
10064,197524.00808227356
10065,40641.5875765136
10066,47287.357878165996
10067,55338.62518185775
10068,18643.44176110908
10069,32479.02526014837
10070,9728.688534180814
10071,2703.0672208478404
10072,68705.23870236636
10073,89995.31966767732
10074,167951.85280768762
10075,46164.32838669525
10076,45410.243219057964
10077,60625.69279602801
10078,86954.3857735742
10079,74294.72656709011
10080,52142.24337815468
10081,2566.3803675721388
10082,16523.6502386658
10083,43680.15595208472
10084,58089.48708873104
10085,38459.87591656289
10086,36921.71356786327
10087,35598.43547216088
10088,33397.25722040266
10089,56055.06727578907
10090,4664.871654547643
10091,39853.807530115795
10092,141486.13228308313
10093,2974.4077355559098
10094,37164.26193122419
10095,47000.51285223254
10096,253333.51625184325
10097,2750.891381513244
10098,93089.30164638505
10099,57663.091656431396
10100,45249.95025096704
10101,81014.29948017349
10102,4663.557806766522
10103,93096.74341733493
10104,42707.49289435842
10105,67889.41040345497
10106,35006.99491099434
10107,14499.924765059659
10108,88436.35398662089
10109,6405.270960792986
10110,63327.540685512766
10111,19395.712782910206
10112,10058.928038825927
10113,49606.48372694108
10114,93744.35809666669
10115,82844.84275230682
10116,68020.10887156858
10117,6868.159986077532
10118,4533.150909277259
10119,32613.166811812018
10120,12197.088219245896
10121,44699.414018728465
10122,18820.921929126416
10123,42887.93512549335
10124,3542.9659722089436
10125,37851.56664959796
10126,58780.47451274694
10127,106375.32144357133
10128,63070.62795032027
10129,10130.84320501982
10130,47006.22950951327
10131,167326.16348970163
10132,3181.566255867334
10133,91660.28660407748
10134,101494.61406804615
10135,40527.223347292886
10136,52835.61609170765
10137,2220.4828937582697
10138,12187.498896875139
10139,41357.100556642814
10140,11128.967593665171
10141,22573.55270846239
10142,95549.15096770258
10143,56669.80641984853
10144,90176.66554535837
10145,2190.3147394880857
10146,122700.33085761392
10147,38129.20170152392
10148,156763.3338606751
10149,11778.22161395778
10150,56440.07048980989
10151,97261.05339148566
10152,11205.066656768651
10153,47030.7766057051
10154,98173.78621567393
10155,32804.601300017704
10156,25421.438328362747
10157,13303.291855197405
10158,112217.18996450392
10159,82837.7602832468
10160,37593.02569931765
10161,61758.56224938327
10162,8214.790656642634
10163,10471.464573813993
10164,47815.627258238485
10165,65854.8448358023
10166,114680.98278321717
10167,6412.655997077994
10168,9253.533376910083
10169,14319.079407546911
10170,17864.2774706146
10171,80391.13022547791
10172,47602.06184760816
10173,144952.057836151
10174,122778.54088609696
10175,22713.01474347058
10176,69415.8660555718
10177,153403.0172291643
10178,40095.538349045215
10179,73802.447823974
10180,34978.07989706824
10181,40819.69718336941
10182,13509.014568789089
10183,76684.89632677699
10184,5551.651928680339
10185,59686.70538512713
10186,110130.7843706409
10187,101875.7160004691
10188,118776.79380739204
10189,28240.098021197547
10190,29694.737786438614
10191,30155.166063097127
10192,35363.78238318643
10193,190308.96323114226
10194,44189.93607631009
10195,42902.4604890459
10196,10761.50293281178
10197,45329.62304962798
10198,41182.62432391421
10199,21024.36441768069
10200,46223.23174101182
10201,76213.92734498862
10202,12423.648641369626
10203,80623.98662127447
10204,63383.141619691465
10205,74377.91232750755
10206,145279.16877048707
10207,92624.5648056968
10208,101539.47324863292
10209,51649.23417427953
10210,12492.99658316769
10211,41876.86451771409
10212,46938.7227732392
10213,64851.40556097019
10214,49316.285955190506
10215,54381.28228080824
10216,94328.22870948694
10217,38876.45803819544
10218,70449.2780508
10219,127583.28530412239
10220,9554.395003289623
10221,106162.06660910613
10222,59154.844417745975
10223,37114.462271822726
10224,84305.6993284215
10225,62589.31633626236
10226,165304.85001540743
10227,6907.7592485906525
10228,37154.4415538731
10229,44452.42874504452
10230,129060.45608087201
10231,52341.274814174576
10232,58509.14327807696
10233,31081.449267659857
10234,49497.36991773977
10235,124009.52278895996
10236,86354.36505304227
10237,40407.357571651824
10238,112968.23587086251
10239,38054.404309522804
10240,6287.199275699614
10241,41345.067676232335
10242,7777.813741906219
10243,17855.581397241982
10244,73362.58737158249
10245,43136.323393367165
10246,66637.50874504681
10247,46526.686836188535
10248,68700.50698129549
10249,93382.90882560692
10250,102581.1643403277
10251,30688.60795200956
10252,4711.7925597411895
10253,129523.30063493074
10254,49502.675080577246
10255,48811.9536799896
10256,64567.691769095945
10257,11887.343749718777
10258,119581.19210885925
10259,46027.52466675238
10260,42281.075572657865
10261,36307.11376265195
10262,54861.13350679329
10263,83388.01473071834
10264,28766.360049309118
10265,53256.1733231827
10266,110386.66858377737
10267,98333.86340992046
10268,34198.714436584516
10269,54325.79478257926
10270,3510.6179775817054
10271,121491.25756884126
10272,31804.581832211712
10273,197104.23915440193
10274,38978.797019749436
10275,46138.45723485662
10276,70136.19045500325
10277,38990.133505599726
10278,44604.211345214506
10279,70527.05815716508
10280,61704.469541128994
10281,61768.32757035338
10282,38790.17824615775
10283,27378.505854348048
10284,4039.7776447828305
10285,34093.368663062225
10286,5629.958321996554
10287,47712.120785855535
10288,47553.1380796018
10289,1566.258451546337
10290,188114.09143370352
10291,165654.26655284443
10292,6865.546485798328
10293,91037.49711904168
10294,3110.658007571706
10295,62518.469438877575
10296,48617.32416981884
10297,249957.89254819817
10298,7686.001349659462
10299,47568.09310064608
10300,5777.989756468506
10301,34010.89918878988
10302,90980.72927200781
10303,42583.94438028672
10304,148479.76818734175
10305,129565.63040841775
10306,57059.603710320276
10307,78520.64918023834
10308,21371.96152177563
10309,18139.35043725598
10310,87418.20856658934
10311,34348.42629989975
10312,58121.82684705167
10313,174687.516948443
10314,38048.823004795515
10315,41232.014481357815
10316,27707.739013357917
10317,3590.377829270615
10318,6808.728500429782
10319,30261.208221416287
10320,15049.194267648136
10321,31764.635854746917
10322,5331.070651104176
10323,32060.792555369982
10324,198071.8622118733
10325,84464.15748885505
10326,214743.93508464197
10327,5258.253281337581
10328,28347.560035687733
10329,51410.25490597845
10330,59922.81313828259
10331,59901.150796598595
10332,119023.31016124546
10333,18777.81455321841
10334,72524.97871530344
10335,37389.90560173309
10336,140099.27852894107
10337,104576.95903230253
10338,155956.9820587787
10339,68869.3555611259
10340,65023.15836034236
10341,55802.5929098738
10342,21757.646676416978
10343,2535.6287979875115
10344,57037.919982872205
10345,59418.578311786994
10346,84501.41104637395
10347,24180.60873953273
10348,4125.024992304524
10349,58670.5955961863
10350,35320.26594106834
10351,55549.42778709508
10352,61167.72423945765
10353,125487.79704802603
10354,78623.27615379568
10355,31227.012865115303
10356,50083.69125485603
10357,64373.44716813069
10358,37521.80664085888
10359,94665.11345635889
10360,105913.95833834555
10361,55322.85934487633
10362,52869.1061140202
10363,46423.08783210589
10364,83942.72973596762
10365,45412.03373326975
10366,27744.808317797295
10367,62027.064153342006
10368,32474.28938150124
10369,51016.670671249056
10370,3394.5114555363107
10371,45719.51901638477
10372,65051.915750682565
10373,45489.76737897736
10374,49910.73819868567
10375,184632.39314608375
10376,26937.489204600286
10377,10021.590197059833
10378,74361.74351720214
10379,78640.53569298994
10380,23695.492137146128
10381,46459.3057161695
10382,52460.77812928283
10383,82724.32163345498
10384,24514.626101956223
10385,34148.254442859725
10386,9935.3087928347
10387,34906.34128707045
10388,7323.85017944879
10389,42809.4469157481
10390,12803.264201815817
10391,2790.9121796615364
10392,54627.680170120926
10393,57420.91002578291
10394,135303.02464920213
10395,43712.707486907304
10396,84944.00196768451
10397,23251.674514959414
10398,24687.224359329495
10399,183117.7072416752
10400,54213.77398497575
10401,164477.20206536856
10402,107659.32853464119
10403,3616.318349925371
10404,47127.181730474775
10405,26756.920307072527
10406,85992.51946703413
10407,70596.69952999742
10408,71644.70010676082
10409,14297.597430797408
10410,66959.9923178984
10411,3573.7618972629166
10412,58342.571579367956
10413,52179.94330405314
10414,5588.573516686108
10415,55015.9541805506
10416,113878.75014978785
10417,15244.789460197866
10418,46990.19527711548
10419,42017.968334453326
10420,63730.930091041766
10421,45507.55748916946
10422,40259.73412107398
10423,45849.245108895964
10424,170509.79307556956
10425,7378.141824950827
10426,68199.62918594443
10427,19645.009664302004
10428,56126.40767443649
10429,59376.61599832049
10430,53823.690329528996
10431,120313.06190609273
10432,52941.919725021675
10433,77018.0673806959
10434,22600.665044645964
10435,98165.45255907685
10436,47227.70606551975
10437,121617.99559770172
10438,44388.063778017684
10439,64680.96049786088
10440,38261.52209331181
10441,69666.53616245439
10442,76014.73881304481
10443,48840.37292684297
10444,43982.674198822046
10445,36997.574716781346
10446,34375.89095261085
10447,85327.99798525897
10448,63727.641862334065
10449,67873.13485400514
10450,4636.220515595975
10451,6556.169598770171
10452,3872.5499779538586
10453,77135.04991995258
10454,19115.978755240074
10455,45035.631021812624
10456,30955.027552072937
10457,70475.13198847916
10458,5396.990738886964
10459,7940.111317130503
10460,159216.35786863373
10461,34851.54081732667
10462,127896.097515526
10463,84810.48361280421
10464,77554.33556517503
10465,173736.18445365524
10466,72680.2638941764
10467,14014.602592700327
10468,42527.717795695906
10469,4773.261348539973
10470,8058.073724440756
10471,78153.48608513799
10472,39913.53296311373
10473,42026.43506301442
10474,184350.962223304
10475,31498.53045639505
10476,277684.8236447742
10477,17409.158853576886
10478,6928.683760054418
10479,108920.2377613813
10480,53970.95048447452
10481,2807.4308551810873
10482,33673.757566390355
10483,31553.607889185034
10484,33332.07603436471
10485,30823.25308498523
10486,66887.79780107911
10487,131340.75575296758
10488,18142.724631978876
10489,1358.368868716261
10490,40284.29771765224
10491,36824.305674449824
10492,143945.6732907441
10493,60039.43601983635
10494,122957.27929888255
10495,39955.40275991946
10496,32428.429843951977
10497,42637.33632673517
10498,49049.94000246079
10499,8418.318043079615
10500,6333.526278499863
10501,8409.839077504761
10502,73877.21202486307
10503,52821.315873745196
10504,73419.08925593142
10505,160949.36380047965
10506,8189.636780366576
10507,91158.33902057724
10508,89848.15967972043
10509,8643.34391245772
10510,158806.38686988046
10511,71559.30101642855
10512,71362.04394772553
10513,2185.919804636446
10514,9630.093100856446
10515,21451.47331833937
10516,102172.03120827863
10517,143429.39532404495
10518,33173.42517278203
10519,46901.32012002319
10520,4600.956046869153
10521,26421.11091536223
10522,40077.251494841206
10523,46333.88554496121
10524,97315.54102211708
10525,54847.653831027164
10526,21281.84964666216
10527,32281.04227104102
10528,39327.605655854495
10529,15446.14046227831
10530,2846.4142721480343
10531,64052.39203575001
10532,110067.93481357335
10533,31926.494370936944
10534,20979.320814472565
10535,65492.9320496035
10536,73168.25777726366
10537,58084.09302750125
10538,122849.06906517281
10539,18160.44296837954
10540,221990.51514236082
10541,75988.10750990802
10542,161447.77698576395
10543,53426.54483602409
10544,51127.113326585975
10545,22844.60321041607
10546,122937.53460151737
10547,64681.40733826537
10548,38277.87452493322
10549,48735.67126640615
10550,39004.718536041815
10551,27490.29837012751
10552,15094.915218291006
10553,25276.022491181597
10554,51123.03714894619
10555,36509.953588976605
10556,77718.27832473173
10557,44411.34123716621
10558,9254.023599680191
10559,46286.573593281064
10560,148471.56773966312
10561,49382.87215705248
10562,51404.25677891109
10563,75199.69967412903
10564,44206.56933761046
10565,11338.398330192802
10566,20214.525559959115
10567,67125.74932577097
10568,150854.10321917018
10569,49398.62061572369
10570,49124.67493502781
10571,41345.757943336124
10572,4271.909000584256
10573,148511.07522505565
10574,103714.56874609193
10575,27496.93247804529
10576,29015.428340765804
10577,24704.2174920869
10578,76389.92433038677
10579,44218.72830449668
10580,37180.274879855984
10581,24090.558314149483
10582,23742.96375249326
10583,138898.17944966076
10584,56532.09204059481
10585,16878.3650675366
10586,43279.95578254659
10587,103290.65739106912
10588,93300.45271885257
10589,100501.9150127181
10590,145565.29346876525
10591,63088.910925000964
10592,12029.449501286857
10593,38311.246627571345
10594,44779.92361132436
10595,2134.2717252912093
10596,8316.164059886223
10597,38896.36000455515
10598,24543.52173810197
10599,6817.581004885873
10600,44509.20338782443
10601,6152.253181429565
10602,116464.10330835698
10603,76944.9685499403
10604,46272.98426459617
10605,17305.837117710256
10606,9868.062490653965
10607,82404.2313641016
10608,152591.5493349646
10609,15053.336479360229
10610,149276.4835278061
10611,276760.04450461094
10612,72653.29683992731
10613,44082.96876917207
10614,4371.552991823752
10615,45553.63768955753
10616,71606.35107749065
10617,6834.681217063606
10618,73686.33545032279
10619,108024.6349954388
10620,19953.493070296638
10621,4591.737185590604
10622,59974.93238380019
10623,21376.52238389293
10624,161687.2744349685
10625,3933.905187431904
10626,60201.74309774064
10627,10776.519537914173
10628,46329.69963286068
10629,51308.26702591291
10630,44459.61013656346
10631,37728.83931429532
10632,79122.84830280469
10633,124053.86191148653
10634,11403.822428486297
10635,43121.490455021376
10636,41457.20254446664
10637,36117.20578782082
10638,61877.95176677316
10639,41441.58207108512
10640,131437.04491281975
10641,67232.14082471478
10642,6124.811053527334
10643,11477.018333669139
10644,52255.18787714504
10645,4643.148558591933
10646,27802.24833840602
10647,196757.7008446688
10648,54909.5696552653
10649,68196.27645800676
10650,56598.80999188759
10651,78843.09438703526
10652,17006.176068770634
10653,93026.30714145061
10654,50832.32069127808
10655,112154.62597517979
10656,75876.81138188801
10657,84224.2504475126
10658,54375.13684645766
10659,5307.648701511072
10660,65332.703961131156
10661,12532.08387543642
10662,17302.188076354716
10663,64998.40204844292
10664,37351.35244563802
10665,148116.33234333026
10666,38232.74687342222
10667,35329.62829399243
10668,45214.219340005024
10669,43021.96889182025
10670,5846.151214570943
10671,5387.137202612994
10672,12932.875540019502
10673,16632.584869888255
10674,30821.611778451497
10675,39184.785331675244
10676,51714.32056774185
10677,57681.702197871775
10678,126788.3890753017
10679,109890.44698004094
10680,39228.89367866121
10681,55858.03862300556
10682,12027.440437292462
10683,65935.38892000663
10684,35763.88909560413
10685,73986.28761221984
10686,35907.704941021395
10687,95581.8339908269
10688,33942.541094442226
10689,4864.107607999423
10690,56228.56134051453
10691,30518.15720593845
10692,3600.097062222936
10693,36287.8508701396
10694,61129.37048774401
10695,38159.22498373587
10696,255682.90146868522
10697,83559.95145085422
10698,38236.48739835151
10699,110293.73603239896
10700,8244.428930911321
10701,19514.922102595876
10702,25932.435807459136
10703,160202.10621997595
10704,33073.57329812771
10705,54383.15655399292
10706,98171.20066723887
10707,5370.344853249745
10708,61992.36641049339
10709,14254.16839404092
10710,3938.345931143584
10711,17354.506803988483
10712,5505.153480709533
10713,6793.396990927622
10714,69971.12648941566
10715,109746.10557301113
10716,29176.16283583073
10717,44925.80281498531
10718,54531.21565291608
10719,83844.66306024922
10720,37731.96804882328
10721,141376.87261135833
10722,79221.34283383268
10723,52694.21185531063
10724,42750.461818597905
10725,32507.828069370833
10726,21554.652213453024
10727,81926.78444316552
10728,47397.24382129165
10729,56389.007709270154
10730,21442.740787770752
10731,145641.24952490383
10732,9846.313689535957
10733,20253.213556922805
10734,71976.90100479426
10735,89702.52612196749
10736,136492.12271974704
10737,107694.12459233736
10738,24374.031732643256
10739,54140.88934785859
10740,70454.2545713985
10741,35153.28461440112
10742,39171.186285683645
10743,216308.85371604175
10744,44805.74943209061
10745,212770.29091629438
10746,215022.8583002907
10747,7554.351308418484
10748,64932.488523462984
10749,43457.685543825595
10750,83895.40196321574
10751,66259.2742766359
10752,54095.41146018254
10753,63290.30767508061
10754,12517.469457058043
10755,9736.29633208603
10756,40137.2082431919
10757,13170.447363077792
10758,61943.22585767236
10759,116005.1696507634
10760,47603.547346486484
10761,49511.03002406668
10762,24777.757193548256
10763,50168.80151346534
10764,191718.46098296565
10765,207664.76025307688
10766,205358.52180743052
10767,65807.05362961692
10768,83450.1521870122
10769,46911.870334243424
10770,59856.00443009793
10771,97011.82841700043
10772,99521.32589166382
10773,169688.3778844216
10774,31447.633736540673
10775,79824.17580321652
10776,68268.48934996003
10777,26668.334390102824
10778,25651.49271298946
10779,10350.392287014456
10780,80273.31476446221
10781,7056.075476754749
10782,2368.090502697778
10783,206816.0067964405
10784,84248.68303796189
10785,130264.83415471023
10786,104395.41378863312
10787,51906.58373533181
10788,2680.5884638647935
10789,109378.93034700917
10790,63085.04742468518
10791,46846.68571691572
10792,49619.595231463914
10793,6251.357892845582
10794,48782.39458552628
10795,44491.87653991644
10796,36936.05437250717
10797,85192.01295020738
10798,23498.95631444532
10799,70789.09242825433
10800,28730.28924433771
10801,57722.79342852897
10802,51524.70626679835
10803,84419.54778487557
10804,12626.964272149677
10805,35913.74633375104
10806,208345.72384562812
10807,30324.810056172613
10808,75736.26253418732
10809,38652.259196802836
10810,52625.08793036018
10811,41489.78573345718
10812,1390.026404429215
10813,36408.27962796901
10814,51006.484006031606
10815,65829.0848750386
10816,50081.152926302435
10817,43261.344895703776
10818,75120.47293588587
10819,23099.588318552167
10820,22761.75526902768
10821,15764.183206674888
10822,46476.04002524281
10823,88878.03385164333
10824,79819.06777690782
10825,51641.694967661126
10826,5038.326837041652
10827,41643.099003079304
10828,207194.39597455162
10829,77610.33664816777
10830,44684.80689467984
10831,11669.236398485995
10832,31915.2323781914
10833,161062.4281463178
10834,14395.178861133145
10835,5668.424457624441
10836,46231.826931241725
10837,5355.822455921559
10838,8422.127492433217
10839,1022.6379988262195
10840,28107.01941757875
10841,147865.80382258105
10842,5050.7739961803845
10843,147581.83197522815
10844,43657.48491003878
10845,58230.21084600382
10846,31788.145829237907
10847,12164.438597896109
10848,91410.17458204819
10849,23240.57710733648
10850,113085.67925320019
10851,54161.76371165799
10852,37739.18571959248
10853,1791.059247451732
10854,77893.6734382493
10855,6840.414793459837
10856,45443.279330998965
10857,85136.52537391835
10858,67448.55092867596
10859,51920.28802913025
10860,38707.650075102676
10861,33220.72871586733
10862,41098.76548376071
10863,144601.92480733639
10864,180805.90978020022
10865,34099.419651218755
10866,41769.981893520286
10867,3224.6123713028564
10868,52324.63725644343
10869,5709.833973742917
10870,65733.46543925678
10871,38335.1895588176
10872,36677.53246650981
10873,101437.02072080724
10874,9366.154086622444
10875,46895.859040236006
10876,45112.93450513443
10877,2512.920838881982
10878,18336.500549054148
10879,57113.908010398474
10880,121928.33394684798
10881,10781.89512636196
10882,73892.31792617033
10883,44733.677539318516
10884,44944.616393841876
10885,62645.94032034539
10886,66358.526823244
10887,2856.7964012348198
10888,47785.88107868404
10889,40095.234220993465
10890,44168.6140472638
10891,15332.40565956309
10892,45196.928480793096
10893,1968.8785692690462
10894,44822.46379300913
10895,82514.26908137157
10896,156179.95157767498
10897,42144.329394123255
10898,37414.2994581718
10899,110027.82930236775
10900,92167.59504843135
10901,177139.41891619176
10902,55815.63084876155
10903,37722.33230289019
10904,22960.579121830495
10905,65496.623969329965
10906,121100.43692387712
10907,46599.75038051754
10908,39615.18821050136
10909,35833.25206861098
10910,92458.02812708393
10911,275591.5102404222
10912,36407.66853643043
10913,73030.10044508326
10914,9488.048775473833
10915,20859.270616564296
10916,74487.83421252063
10917,13261.138041774115
10918,3376.328908127031
10919,24374.232680260415
10920,145582.86039040977
10921,15065.782552102586
10922,72546.23337883835
10923,46193.35244841989
10924,50696.46496318548
10925,45653.660729299714
10926,65055.47663234651
10927,33846.2816990923
10928,138583.4980570263
10929,24223.234646154146
10930,5194.618356209564
10931,99354.92608934836
10932,25456.41124125016
10933,35426.78111738412
10934,49079.31430033146
10935,67078.12349854605
10936,138545.53866520934
10937,35926.04574638118
10938,73623.62811717883
10939,65109.918045628125
10940,69662.39013295056
10941,111812.14996785676
10942,197878.19908626945
10943,255426.56307699022
10944,27472.648064240057
10945,13752.164672370272
10946,45622.347185202176
10947,45798.22719955028
10948,34693.56946868338
10949,74193.31972498875
10950,49278.44764528637
10951,55136.52223412271
10952,43762.69668192537
10953,56272.935756087165
10954,4244.313665978927
10955,5230.147051882618
10956,27937.859707570624
10957,51701.31861044806
10958,44249.084412959564
10959,2190.659729633314
10960,28134.262742040402
10961,124375.6360062327
10962,39999.01082276614
10963,7056.201849036599
10964,28571.576141503036
10965,88018.45693643231
10966,13000.450131277641
10967,116950.55891181451
10968,7107.436885259216
10969,33981.989087688344
10970,29538.999995235474
10971,3244.4219557822025
10972,220203.96815640014
10973,55733.41548609817
10974,12282.5076914615
10975,78740.83470774772
10976,24400.374304120003
10977,104637.49735152948
10978,25935.639408176936
10979,6998.924558290513
10980,34739.71062170558
10981,154791.41416363473
10982,40529.89714778386
10983,22642.002851121415
10984,73028.31309811141
10985,70785.94757245647
10986,83453.22707531179
10987,8140.076484443276
10988,177734.5577239088
10989,30172.699893008037
10990,17009.14258420764
10991,56462.14852043066
10992,20563.009070420347
10993,47717.900406608016
10994,254442.4230312935
10995,173187.94145571633
10996,33199.46184083411
10997,58470.209516653704
10998,43237.184869009514
10999,42832.85936712562
11000,47005.97268667953
11001,93346.17146215324
11002,8568.865746749212
11003,10219.530559111206
11004,51765.63596076644
11005,11871.736931661533
11006,58369.08975015893
11007,45366.26431423433
11008,25391.32287104476
11009,31182.98160986886
11010,101060.90642278014
11011,42650.865396026464
11012,58788.96343423819
11013,44447.60767392438
11014,93897.07098526314
11015,218763.14197374356
11016,44156.99294770527
11017,20298.188393609063
11018,42408.41931030579
11019,87943.92910603783
11020,2072.7297477962106
11021,58202.22096769035
11022,137109.49919480464
11023,71841.4570232059
11024,34102.487652599186
11025,95456.39103334986
11026,10450.555306864939
11027,8353.362025398887
11028,13596.379738253108
11029,39469.53149043566
11030,55382.32354731122
11031,44752.62836393941
11032,18589.102663807025
11033,58349.39810691244
11034,218015.40401049174
11035,52030.413734052396
11036,43381.78756304402
11037,55368.4329213294
11038,276617.4762764758
11039,64287.04466796642
11040,114097.1944791323
11041,60916.01478463865
11042,38758.5531610092
11043,44609.06194856479
11044,33741.610963080406
11045,217590.2820515805
11046,35628.2728310057
11047,252435.87703385117
11048,154762.0362444279
11049,68059.08266332991
11050,71035.87623281477
11051,116799.05995567107
11052,17591.314527472125
11053,37096.91517193266
11054,19547.195782203285
11055,225171.69028444416
11056,18650.314483620943
11057,36811.55007333294
11058,6319.952968361695
11059,50036.745915312174
11060,40700.06758436337
11061,28083.938385872127
11062,118538.47051404929
11063,9652.826874163642
11064,148134.59049262674
11065,13026.745379205298
11066,153716.7956446583
11067,152867.21942305207
11068,27484.59705845552
11069,68985.6364292337
11070,16725.024099498172
11071,9975.085077351729
11072,31881.71819845201
11073,50841.18838142509
11074,39310.78004437058
11075,68570.17455518575
11076,46840.266315475346
11077,99327.04071452093
11078,58003.51602114276
11079,49375.97492200611
11080,18491.974822032706
11081,70467.75024952657
11082,57078.83069150563
11083,26805.357269510405
11084,68779.68821443168
11085,103774.86874547816
11086,38591.40991229156
11087,38614.420264757406
11088,54021.27207683206
11089,113274.49442366156
11090,26242.893551887497
11091,3585.8224188163927
11092,74004.49495248806
11093,52095.35537466663
11094,93890.70521372657
11095,31657.617817521044
11096,147804.27848580593
11097,46037.31882496203
11098,114634.88541819259
11099,122088.5607670265
11100,31297.268241303347
11101,10359.614047362635
11102,128461.97264990918
11103,212769.82305878922
11104,38584.549117180184
11105,33185.13502943056
11106,83829.24223080848
11107,43069.280948562046
11108,141329.43585028988
11109,71137.82616037696
11110,27700.322202377232
11111,34037.95508606804
11112,10351.543561288558
11113,6016.479865373509
11114,56968.62014244172
11115,86380.7525316602
11116,85825.68323951185
11117,60957.7181426157
11118,139321.39437860862
11119,6239.619969775926
11120,74057.35192456913
11121,63076.66731467644
11122,101503.63977203434
11123,15329.472571583114
11124,143895.27029851428
11125,64049.9950509205
11126,27534.793973332013
11127,26388.44512597203
11128,14550.825475541707
11129,33763.96521477722
11130,73334.2874166413
11131,17841.198966658816
11132,43014.10748349453
11133,33146.92428885702
11134,36601.49394226881
11135,43558.71844926623
11136,98409.82013834482
11137,1138.2691065841707
11138,52286.68651147935
11139,53667.77743982329
11140,39250.07941857737
11141,28129.86789947172
11142,27953.86944414624
11143,25712.31186810941
11144,77277.60512965739
11145,12556.096599227189
11146,52099.89427663028
11147,42794.43714511669
11148,5695.945671835717
11149,27073.443949479984
11150,60275.162496207675
11151,37910.208478018925
11152,20227.373763245956
11153,36054.19111001381
11154,18757.856970606557
11155,51566.75102083718
11156,7586.129260269203
11157,9188.778589224255
11158,31950.52670288506
11159,43820.54853374134
11160,42876.89721708922
11161,155906.56600722068
11162,45521.71941918248
11163,12221.587374734441
11164,89438.75921810018
11165,89506.17276771159
11166,10894.191679462825
11167,59087.67287868398
11168,59347.97704692448
11169,56093.782429814484
11170,17484.14792918111
11171,36805.07216230513
11172,29757.674200460904
11173,58483.232585828126
11174,74225.79434012088
11175,85346.6917958228
11176,15474.156268125751
11177,87374.25772168426
11178,5202.204100174145
11179,156570.87605655633
11180,11980.050425783666
11181,34556.39573734712
11182,18760.931590697208
11183,9556.369785481873
11184,166804.17038925248
11185,13049.495297276491
11186,59658.24959198253
11187,15574.890470874849
11188,112107.36959158664
11189,34618.89674654993
11190,25046.477119423293
11191,31254.18685785434
11192,3726.6415347066372
11193,50681.52207402837
11194,44908.663329154806
11195,23250.66618536743
11196,16735.218222997308
11197,2109.574124966931
11198,5477.448959266851
11199,126308.23075381441
11200,91123.2591752376
11201,24143.631825370798
11202,121461.66909298353
11203,103085.40630949273
11204,40013.94607335424
11205,38640.46684153
11206,67457.88400106157
11207,34393.00826986038
11208,983.3183194172924
11209,5210.174394928522
11210,50623.60270041324
11211,15123.947261178057
11212,29114.188866510678
11213,12326.57416212122
11214,80882.74689731584
11215,102441.03501524951
11216,129738.57282773498
11217,35790.65422351436
11218,56803.08609607996
11219,23880.826564871222
11220,182236.46774036982
11221,27236.83794838068
11222,11586.910961517899
11223,2030.5680896015133
11224,47824.90115331509
11225,6812.267485467511
11226,37635.489290749916
11227,37494.603372045516
11228,19779.749037180507
11229,171855.74074020947
11230,52820.241756508025
11231,47425.12633353683
11232,5211.812556929085
11233,41062.59894877304
11234,79143.74951052583
11235,6564.242424496261
11236,87776.00330333477
11237,121630.3395689884
11238,40640.19525175679
11239,71798.26708158312
11240,65468.31214782385
11241,35202.3877323491
11242,40729.3626863537
11243,52247.9230662866
11244,54371.414645208635
11245,2115.9964277873096
11246,31904.76243961245
11247,2190.6311350883334
11248,56255.83077212147
11249,123132.23876888487
11250,59567.742266718415
11251,48347.855241707424
11252,72220.64295257963
11253,45233.43906807422
11254,3717.076487115146
11255,150019.47859605655
11256,27987.2484017156
11257,130556.1162750582
11258,7924.100979232696
11259,10574.103027432206
11260,34099.45574395562
11261,35152.21329379171
11262,41535.08994959737
11263,27766.807399302434
11264,52157.72014528165
11265,47813.76766109809
11266,67999.36581556613
11267,47832.01966203264
11268,22901.738949045168
11269,130370.35966294678
11270,79203.55172563737
11271,13068.5235428765
11272,108995.9692529729
11273,111224.84529921814
11274,58502.13657453731
11275,138169.49243209377
11276,35001.97067665737
11277,69896.02286481705
11278,88702.17611093393
11279,45001.67691720789
11280,61958.59652199971
11281,36802.26415976762
11282,131187.99818657877
11283,37193.24474828369
11284,36108.6981642607
11285,18321.47116108355
11286,170802.1838849342
11287,83067.95288534237
11288,55906.13206374281
11289,27442.46751273328
11290,75191.52341075976
11291,31933.946192325286
11292,82087.70321335296
11293,74549.14176426978
11294,51964.73761946714
11295,59669.15080544722
11296,1181.4993514549233
11297,41263.9754320575
11298,96091.14944858977
11299,60508.8109386653
11300,5448.131225653383
11301,100557.85892025806
11302,50475.47519204197
11303,140537.48635595923
11304,61945.53521364292
11305,42834.95252631895
11306,3073.0480256865335
11307,56496.98971691163
11308,67426.1793484835
11309,162205.15566912838
11310,32274.888073755286
11311,130112.63761485048
11312,77826.84418607733
11313,51494.6541445295
11314,40133.50383490603
11315,21956.234842675167
11316,68513.57467699227
11317,50751.5341364703
11318,66563.87966883033
11319,90523.87153643454
11320,47333.28774834512
11321,41716.84045280018
11322,42073.50420323512
11323,47058.444754183
11324,45093.21721012401
11325,5784.314497954267
11326,182450.36199156576
11327,29521.539559081306
11328,48728.157103392434
11329,105666.33187032258
11330,34016.77026511244
11331,53437.20067898368
11332,37775.390968284286
11333,37385.8264535222
11334,43168.1798388263
11335,9952.935055319442
11336,5303.508551499936
11337,121001.89295626555
11338,49514.318570901625
11339,19219.594311910667
11340,84851.12230678949
11341,3456.524992180983
11342,139844.990579305
11343,52275.21965479617
11344,21470.83937767866
11345,23989.246178461068
11346,61735.14740072013
11347,42932.008846515775
11348,62776.75607985843
11349,4309.37852743492
11350,60384.17478476508
11351,7224.617005509312
11352,4262.522947550362
11353,120583.99099850786
11354,86647.4973251373
11355,68704.8542065127
11356,31589.774867085056
11357,13561.405268285569
11358,57821.61273667503
11359,4603.387055740531
11360,29821.313276000477
11361,42079.18535829904
11362,75607.36193650577
11363,7869.758368617419
11364,53607.42818367075
11365,30897.27175503805
11366,159069.67695131304
11367,113714.2951478131
11368,45221.22057880383
11369,36140.40317486587
11370,69179.91452060312
11371,125453.11700562773
11372,6917.738278225092
11373,9928.445024723205
11374,104230.10006686048
11375,25403.176881880878
11376,38476.75479708597
11377,6833.716602103853
11378,111077.37036553137
11379,101582.42117321596
11380,53215.004761110635
11381,115965.71306398664
11382,56910.46247842783
11383,11744.426983662146
11384,129629.32966590801
11385,16158.034818150869
11386,94113.17583600203
11387,37894.41306905457
11388,71394.56031525298
11389,82265.33518760801
11390,40336.90025406286
11391,42689.013223996284
11392,116618.48342989427
11393,60554.13353527984
11394,226631.0047358793
11395,98099.67059349129
11396,62152.23633523036
11397,12697.707924095861
11398,20506.790794765748
11399,45258.75273306503
11400,4213.821423884039
11401,27645.15220386439
11402,62676.679367977486
11403,49469.45586866511
11404,175987.5104848985
11405,42536.34788512625
11406,38359.65992722537
11407,41118.736112883824
11408,172914.2174827535
11409,17677.642280349144
11410,113562.88158797899
11411,57223.40112273696
11412,18552.620472324073
11413,10239.769119777759
11414,64417.3737214409
11415,170654.25048158236
11416,5283.865131041676
11417,20117.662779848688
11418,20064.31717485536
11419,42144.790292915764
11420,37890.583746597404
11421,13819.683123990117
11422,2047.5938275860885
11423,66547.47603310751
11424,128102.75648779233
11425,7581.759195410412
11426,108858.88057681144
11427,28922.335889585
11428,37738.112566669915
11429,167131.38338735056
11430,40997.71085721453
11431,37828.035843283265
11432,57653.74620853745
11433,61512.63638219325
11434,47736.70378245322
11435,65863.29666439253
11436,5170.482297388485
11437,113638.00357902152
11438,125196.43448605537
11439,60415.651070277716
11440,207220.6947055676
11441,37240.30939012095
11442,12750.684980939648
11443,19896.133125659046
11444,74263.61385166741
11445,103326.04123812837
11446,31229.224980867762
11447,40636.70318285562
11448,33304.633269475846
11449,66104.83746228827
11450,50728.72551799424
11451,81771.67747596082
11452,41462.90829411316
11453,152011.0429452704
11454,57219.67119986373
11455,66181.51440011543
11456,72846.1195196578
11457,44849.72622745343
11458,92340.06334511901
11459,35855.58062111219
11460,102312.9655320389
11461,10976.389835124195
11462,17930.418766168506
11463,39036.9241928054
11464,73165.63569861781
11465,176326.26754604228
11466,86282.61693500374
11467,32973.67899701621
11468,175905.29057825188
11469,115725.7807118974
11470,32772.11977233405
11471,60805.07069322555
11472,37163.00841486859
11473,44575.58004600465
11474,40215.71257938561
11475,16364.42534217292
11476,33412.27874063417
11477,65413.08837867446
11478,47952.5540956976
11479,17147.796857521036
11480,46354.47285889393
11481,78923.79688240898
11482,36073.543503069544
11483,126018.87213291736
11484,41698.495391951314
11485,36477.503914740606
11486,15897.782658847113
11487,121602.31777598656
11488,150618.05514054475
11489,105198.33379554797
11490,58501.47133335444
11491,61218.73414342815
11492,19902.664933064334
11493,6456.25570400707
11494,57982.62813670548
11495,55037.406524489124
11496,14206.304269091108
11497,88960.21919378174
11498,90622.51880698229
11499,106983.81552422434
11500,6930.62702716758
11501,97580.84252096812
11502,51248.65124374233
11503,11184.207625484622
11504,63081.95702686707
11505,73229.66384734632
11506,3486.61242952258
11507,81457.50201695922
11508,68572.78879403305
11509,40676.58916072151
11510,86706.53383270836
11511,53667.34146745717
11512,49146.784231286765
11513,49045.10823649131
11514,40039.46883533139
11515,48096.84178267307
11516,1733.3618869760244
11517,62845.351455763834
11518,34782.01556582886
11519,41329.31039408053
11520,2039.270100056778
11521,50581.691048787805
11522,7837.551270433015
11523,42747.934987262524
11524,88768.55171633788
11525,40400.144724071906
11526,38159.893897656744
11527,19907.314335230774
11528,5315.397777077392
11529,26245.390542303674
11530,118508.70972744172
11531,30623.14860301432
11532,122196.90406200176
11533,10056.606716459568
11534,159961.2240443059
11535,63080.5554848312
11536,35486.72317828432
11537,41961.1236547461
11538,34704.55261150648
11539,153264.68901503162
11540,42271.21114236263
11541,107935.98822987905
11542,62921.35944846207
11543,43022.32572821616
11544,30395.89705777063
11545,46337.46173517897
11546,90364.82921868553
11547,277684.8236447742
11548,49435.641612119725
11549,36168.24762215165
11550,58821.424618903395
11551,58725.70331855799
11552,4378.121521374595
11553,19671.447881689583
11554,5475.042530262471
11555,154493.86129440772
11556,25089.72824233488
11557,52496.66091487977
11558,68287.01811392182
11559,49264.497738831706
11560,24884.932579353335
11561,18619.91242927275
11562,13929.201912018483
11563,134852.9057914918
11564,71183.46250427168
11565,88459.27901024003
11566,14092.73962043573
11567,61325.843414499635
11568,46614.99354975357
11569,6756.519013573481
11570,42373.921679100065
11571,38489.943974729846
11572,167616.86899910573
11573,51409.97752216241
11574,49515.09860846118
11575,95662.49374129274
11576,101168.3209893689
11577,3392.703357342262
11578,7675.646615106426
11579,58860.32939170514
11580,42465.3209941849
11581,18017.6679214069
11582,38089.74368999206
11583,57089.950789166396
11584,35273.59897784332
11585,2258.1156027622187
11586,28454.18677588125
11587,25613.108747619794
11588,50891.00572544418
11589,43830.241851965504
11590,6274.952404380389
11591,74867.80686830243
11592,95784.57543263715
11593,59995.97858965849
11594,9146.263215962023
11595,33119.895199157894
11596,57284.79845181302
11597,50954.53722296534
11598,32411.904973495726
11599,48210.80104642513
11600,142439.14036546712
11601,5822.853536301358
11602,16210.41459782663
11603,132333.54972857895
11604,55307.85718621151
11605,76575.03991693056
11606,21755.633521385298
11607,79093.5162410844
11608,56802.36245411617
11609,34931.47245493682
11610,44504.264037621426
11611,29065.16984947226
11612,129660.726740276
11613,1653.6523522005348
11614,16686.181775886325
11615,5626.1486876482
11616,1788.2119646033639
11617,49940.63691530474
11618,54198.31621091739
11619,52714.4936908517
11620,41782.75589347917
11621,38408.152757319374
11622,54213.36938712568
11623,83484.6702615286
11624,44188.69902727249
11625,222487.10392239617
11626,45584.29338595027
11627,61053.33092725295
11628,1933.0104324359934
11629,51706.90564947192
11630,57267.77587567348
11631,20918.253126145915
11632,70754.54230437372
11633,31379.753604398407
11634,1523.0843541147765
11635,120031.03698689156
11636,43805.809278178225
11637,36267.697567194846
11638,1210.7994798590516
11639,34674.88168474313
11640,62369.51981252683
11641,25997.841136999734
11642,85709.13955507342
11643,5591.268650386366
11644,68997.94703368403
11645,27271.258474408285
11646,41347.200711866986
11647,41265.54454087378
11648,71650.90534361551
11649,25089.553337998583
11650,38340.79787426893
11651,46337.77766194648
11652,73524.18912195582
11653,42100.36448069686
11654,41405.863643064455
11655,40758.64068680696
11656,28525.202986482615
11657,52518.54638392228
11658,175808.56790989795
11659,52819.4055988738
11660,53320.51411583427
11661,80681.37845191329
11662,45635.469065075275
11663,48988.36526789926
11664,44243.60552636493
11665,194449.53583361552
11666,67176.65062173383
11667,205666.29076601172
11668,131150.0672874156
11669,29618.11532845874
11670,40575.295931331646
11671,45416.21939817022
11672,66903.47094714122
11673,85948.18264685076
11674,230689.46056908797
11675,1013.2236714974285
11676,207956.30463653457
11677,137667.67525218672
11678,33146.56736222139
11679,5052.870596137696
11680,61579.706663440855
11681,15572.993324307017
11682,5570.514061266163
11683,275119.57781090704
11684,30363.35587612799
11685,76408.38049100601
11686,75719.84150535578
11687,41737.49270500639
11688,44491.31484687894
11689,32256.48705965804
11690,8623.976115854106
11691,99057.48225131683
11692,10254.421307872179
11693,48841.03428644556
11694,13646.844596348663
11695,1360.914453948648
11696,68555.49720285223
11697,30678.057927318994
11698,61961.335218440494
11699,6705.355027639227
11700,6328.202688837884
11701,97917.88921532968
11702,138988.4360801173
11703,6492.109906514914
11704,2993.0636778310422
11705,39500.58158544984
11706,135239.0458825773
11707,82211.68729225143
11708,108180.79356485099
11709,89095.57923446583
11710,192406.06986894424
11711,75258.7042989852
11712,38281.329192708195
11713,81437.52608110894
11714,47170.61129315951
11715,58304.7856491549
11716,12432.876893218478
11717,59950.412927845326
11718,109131.33888882835
11719,166048.58716733858
11720,21497.094351074862
11721,96991.0031349471
11722,77037.33750486208
11723,66202.86409895193
11724,24767.101792131285
11725,26980.39955581604
11726,20970.58064546983
11727,134818.44502607244
11728,67261.4811416626
11729,179505.36327395024
11730,54305.56513974225
11731,99731.18461808097
11732,91505.4346200902
11733,171823.2271646026
11734,73330.11542629995
11735,45352.17578749461
11736,53494.35290998438
11737,36305.13968886255
11738,68220.72148643769
11739,28812.02202736369
11740,148299.13170283628
11741,38867.98491042399
11742,45245.277681637046
11743,42710.90930229243
11744,959.7889137192111
11745,80601.43795908129
11746,35985.32374262981
11747,67541.73493493877
11748,49373.94989968548
11749,41737.56747905328
11750,1713.3436874998895
11751,11191.842427791147
11752,56640.03212236475
11753,71511.85375192651
11754,52868.548026681565
11755,41945.61285808569
11756,77700.36739550412
11757,45472.345338730345
11758,17810.56077715796
11759,19572.389506816045
11760,119704.0145096663
11761,73680.8596167978
11762,68070.98298123536
11763,5794.431882048659
11764,45924.50549894594
11765,39788.481530009834
11766,69755.08966497733
11767,2722.8943800506327
11768,170110.85454133773
11769,13868.045637962266
11770,167710.80709072066
11771,9986.728461208073
11772,55461.458670341315
11773,107234.5557813853
11774,39482.52776346275
11775,17069.78672497208
11776,42657.49526557731
11777,12824.36990345803
11778,2793.917753387447
11779,39636.9878127133
11780,34953.58375462574
11781,46345.55998639497
11782,4421.882410927366
11783,8346.360937623289
11784,25828.147679948586
11785,43716.93827636205
11786,110188.62123425737
11787,3783.9070709644616
11788,197173.38070544827
11789,29631.9839298235
11790,36477.524484751004
11791,4335.0646853885555
11792,68378.67554214767
11793,111443.85379534266
11794,68844.83522983095
11795,40582.05496859203
11796,108382.81745610069
11797,20340.828851914815
11798,33367.27172379426
11799,24702.62458491907
11800,3473.493710191842
11801,32572.824176383627
11802,58902.459020603674
11803,24279.477980502696
11804,6592.4951504096725
11805,125076.2045490798
11806,9535.550632641458
11807,3581.1805694975787
11808,166015.28633811217
11809,62574.08195619855
11810,44970.70529536963
11811,220829.01222780216
11812,82668.97112158955
11813,88752.31445391748
11814,22586.217506413803
11815,66676.30171395889
11816,33540.45693818976
11817,115486.74652236584
11818,50406.71906774871
11819,127422.4627578238
11820,22782.29360998825
11821,21390.52266684057
11822,72032.62411519582
11823,73977.86799131625
11824,8796.100518797932
11825,133795.4712763649
11826,180838.1432543238
11827,102074.30430589824
11828,35397.11317890363
11829,5710.4043506248945
11830,118896.51190508502
11831,40560.142450589636
11832,80878.2843104259
11833,36939.25048983781
11834,42428.48518644138
11835,31401.78529412711
11836,20853.885377861778
11837,4064.680745712201
11838,23349.25869747283
11839,89964.16534307004
11840,113830.53987741574
11841,25837.511039733374
11842,38021.47675541889
11843,96804.5644078208
11844,74305.70990003455
11845,121668.1232456856
11846,23806.511697597052
11847,43550.907502807895
11848,27649.71817862212
11849,24726.360877990723
11850,27526.114230970354
11851,38241.52728708161
11852,56019.08606996432
11853,55052.27505312522
11854,32149.572697789834
11855,96850.9561707961
11856,39148.041432971535
11857,42382.49802391626
11858,1599.7413369600488
11859,54113.683642130156
11860,164106.59451157413
11861,126150.62975675797
11862,87457.18941452433
11863,37512.59619559986
11864,198165.11292435054
11865,46396.64150824385
11866,31245.844814132757
11867,74010.93194424121
11868,47045.14905193781
11869,74052.7722057925
11870,46509.035098035965
11871,63637.23931210614
11872,54916.014847744926
11873,2718.9352575114876
11874,42372.90931224999
11875,12357.252296911873
11876,106456.31673810264
11877,79530.27653473515
11878,20478.955590212907
11879,116382.89115963457
11880,244833.633735607
11881,177380.72239823028
11882,142660.51244200728
11883,3308.066261134272
11884,18580.76898603059
11885,69651.08983566846
11886,141474.84117528066
11887,1673.877746441169
11888,28384.039145866554
11889,3533.0965186587896
11890,39598.48216458349
11891,33840.184030420445
11892,3979.9597576922247
11893,126287.91804119696
11894,10724.927980222037
11895,12458.74704263643
11896,2982.345458413443
11897,47430.4304630027
11898,44116.56963940625
11899,41079.65295773801
11900,14861.716426818135
11901,36453.41985507894
11902,81938.80138906062
11903,70307.04304349158
11904,75374.71230660392
11905,40488.54901645704
11906,33818.00567789343
11907,51618.94318178423
11908,81704.04176134561
11909,37862.8129199271
11910,97388.69757238639
11911,13108.656120271091
11912,60147.090549945206
11913,86453.40764638166
11914,69521.35123433164
11915,46715.59788845421
11916,31862.005457390605
11917,22944.615305405925
11918,20638.721146912223
11919,18175.065120476
11920,60258.80943046095
11921,4018.6588650818044
11922,14528.805163809277
11923,58990.517175990324
11924,29490.746816226292
11925,29065.21484061508
11926,56512.42337429992
11927,39319.587031375806
11928,184932.1313770495
11929,121730.52854474723
11930,87497.41676068757
11931,31870.501452041204
11932,40992.34974944236
11933,48155.79293769879
11934,66781.36927856362
11935,8784.006837399715
11936,1657.511646814009
11937,39025.88160510877
11938,52449.15196492352
11939,42748.45090091656
11940,14693.582211215018
11941,69697.58149834903
11942,6732.695421884872
11943,46218.465835954514
11944,90463.07215755267
11945,33552.25496455633
11946,42906.40356892163
11947,114439.6631742315
11948,68904.83647717879
11949,53008.4038323226
11950,104016.94510466885
11951,56788.927690825214
11952,34117.814705135504
11953,7254.783225561602
11954,7944.184318762692
11955,51742.53818405371
11956,80434.04973913058
11957,59885.04574610755
11958,3045.4482484390996
11959,4482.691428260777
11960,106034.95102825125
11961,32704.30788441643
11962,44085.151929846594
11963,63249.28495699164
11964,64520.74663318918
11965,42784.643205012886
11966,48173.698351401974
11967,38640.55047379727
11968,129880.32704072332
11969,63930.59565572028
11970,37093.71273833524
11971,177883.08952862726
11972,83771.98839504784
11973,53124.80834251729
11974,33858.01341783691
11975,3937.1550577653084
11976,47773.50566967102
11977,83644.04402575621
11978,209857.5823207794
11979,36884.11434601031
11980,50821.50392007238
11981,27770.7692393983
11982,47832.36693494695
11983,64186.693924231375
11984,119665.20062822386
11985,42572.835430010855
11986,81554.19732063165
11987,100583.73358429907
11988,5173.227203787855
11989,85230.0127884596
11990,47271.292760625365
11991,163815.0907083507
11992,67804.69437231397
11993,62053.978954667014
11994,29135.833429623417
11995,52239.563944960246
11996,40599.32138468835
11997,74903.27839695496
11998,256061.2750841088
11999,39966.40223692539
12000,73742.25969152577
12001,130145.2335107567
12002,237612.62533428142
12003,85616.67461707155
12004,5804.3414031760085
12005,66694.84688174188
12006,34829.50139170957
12007,49692.70236247837
12008,53511.22943344905
12009,145852.39953553848
12010,828.6895128874676
12011,186307.05854789203
12012,3586.819092899206
12013,67861.393981282
12014,64947.841347558824
12015,21869.485123363
12016,42277.85042102049
12017,30456.219176133196
12018,4851.479838926743
12019,73313.68306060109
12020,48913.57275596635
12021,249080.38185887932
12022,85693.39945601682
12023,38277.88439983299
12024,51679.43224366008
12025,46756.076117213466
12026,21503.44859198278
12027,4832.513318499311
12028,9093.298134057964
12029,33732.00841546598
12030,23551.100493184305
12031,49196.803255703
12032,41357.086754889395
12033,48401.09925213689
12034,77270.56407847068
12035,55975.68466072504
12036,60237.77865419526
12037,42745.665299715714
12038,1853.2949556791195
12039,163549.57215682618
12040,37851.763870999326
12041,104576.41946956866
12042,41303.24147699424
12043,169579.8730633886
12044,32021.12702216413
12045,57845.86045667339
12046,70306.77476429199
12047,48891.82799132258
12048,9604.74906714142
12049,45685.68661464618
12050,61610.91733457776
12051,52700.99607778869
12052,37473.363384791475
12053,37627.19493658909
12054,63291.96592391782
12055,12102.707316592203
12056,55517.03350873057
12057,38533.74592989304
12058,30128.859924173466
12059,67743.51284769684
12060,42668.981048402515
12061,51290.22378916253
12062,5546.348897749726
12063,38258.273351153104
12064,212240.40499469909
12065,33324.36593856537
12066,138566.4775961654
12067,33439.76497309062
12068,11085.613967230072
12069,65194.74384513262
12070,78686.49838773927
12071,16658.534273412788
12072,150738.36464690525
12073,158228.84974869672
12074,42081.27535930597
12075,18496.322839097156
12076,18472.35029241399
12077,48574.64605435956
12078,73814.59418643573
12079,83744.98118728954
12080,84185.29141884769
12081,101858.22253716589
12082,68719.33076370956
12083,114695.52341491605
12084,4995.030895864837
12085,35927.10813016521
12086,54681.54065313131
12087,43837.01598084771
12088,28456.381706392796
12089,13412.744495779642
12090,49019.00131037812
12091,62227.4436893896
12092,276435.81803850987
12093,23669.614089590563
12094,35697.538075201686
12095,63685.09375776621
12096,78015.79822212586
12097,42241.27278152414
12098,50662.95531036211
12099,18895.38038422743
12100,71850.46570949606
12101,46892.2207407842
12102,9820.982007962022
12103,4199.996911454069
12104,49880.98857958511
12105,37097.388066256164
12106,72276.23177007813
12107,47573.85540192848
12108,76986.16439174287
12109,4063.8191323453816
12110,33915.54422254637
12111,68248.83520774306
12112,58887.03975858664
12113,104961.31561571277
12114,66670.98495594574
12115,2854.5834869849846
12116,52981.89740133829
12117,61689.63053429771
12118,153519.93506300278
12119,9825.671985342393
12120,50712.136015807446
12121,27286.147670475733
12122,70368.88145218496
12123,76449.78732756453
12124,2304.5078652615307
12125,4413.97011817105
12126,21744.348406278477
12127,199246.72756922507
12128,61078.328408814865
12129,49221.35124425959
12130,10840.211015926701
12131,48126.62947507212
12132,134281.8659006302
12133,8069.9899754850285
12134,11816.491301523398
12135,183663.3506158334
12136,8496.61355139482
12137,50913.547676554925
12138,96822.25376673037
12139,51631.46453801435
12140,42375.7925858606
12141,5400.23072935571
12142,32948.985757856455
12143,46834.268235331896
12144,42977.48237912766
12145,113457.26430731648
12146,10159.24983048868
12147,207548.7965957496
12148,45224.60946357409
12149,174660.68878657254
12150,119554.49961202126
12151,5749.650269020758
12152,97060.4144182375
12153,48582.98658855006
12154,218671.9316836559
12155,200197.3821385911
12156,35760.036695701965
12157,2282.233011990883
12158,36205.80922118566
12159,58477.4944950729
12160,4128.099944550347
12161,23687.948150515196
12162,47769.19115714384
12163,80882.66766796974
12164,27383.624687171166
12165,46414.60147595982
12166,130202.64312382089
12167,67481.18309459853
12168,48546.858200373346
12169,165565.7237169555
12170,140053.28017175966
12171,44290.6394852396
12172,23678.81172476963
12173,28663.705149067137
12174,46356.19241105741
12175,151306.96666593035
12176,40452.76875905767
12177,76901.99843683644
12178,46961.256100434926
12179,54682.055222835734
12180,45551.228952167876
12181,44017.01204988907
12182,38171.14583208003
12183,130514.59385333356
12184,134284.70206670667
12185,37962.27424926683
12186,87448.92468343239
12187,218288.34444108186
12188,36539.77816563203
12189,16355.814493924288
12190,2301.3383668931733
12191,61198.444525414736
12192,36145.90196891816
12193,81354.4779491231
12194,3470.2776763186675
12195,99941.9215393923
12196,57753.83573690917
12197,16313.089610559347
12198,22556.662029657247
12199,37238.5870868274
12200,178223.56172886066
12201,51765.4361046849
12202,41682.26818020231
12203,77018.91108847669
12204,13038.554510829299
12205,12629.978472308052
12206,145726.07412091727
12207,1735.5517713599945
12208,47693.220241836534
12209,11771.281991581398
12210,15733.795485314075
12211,67900.32744944513
12212,1319.8648066211192
12213,33593.9106480926
12214,29585.086636840457
12215,57369.201969043665
12216,4442.044943202352
12217,150266.8470025394
12218,3732.0328662620263
12219,41734.49587391164
12220,39310.33913260824
12221,82583.84735725149
12222,88935.87700417785
12223,41551.683319604614
12224,52180.20183884889
12225,76842.60372898437
12226,58319.13044189193
12227,65803.41785822394
12228,27266.15493186339
12229,43220.479742422904
12230,73916.38613898915
12231,156956.6593829345
12232,3117.3091729053376
12233,88504.56944026794
12234,131803.0174395552
12235,100388.88171362354
12236,1481.716339063738
12237,15003.689903079981
12238,65507.49069911002
12239,1449.016922590575
12240,30986.325037842696
12241,93215.81233694422
12242,23003.806416127027
12243,29434.62390447894
12244,184469.63953796242
12245,45322.95804151639
12246,10869.136204171074
12247,189132.81801522846
12248,135115.29774895115
12249,67570.9371972823
12250,44521.38804896156
12251,54021.368732736606
12252,28433.271065462464
12253,95176.33824228181
12254,8119.617607752306
12255,37897.85999087101
12256,12141.358469307033
12257,59149.04199185464
12258,49186.07979970768
12259,8177.105849211105
12260,64741.55048935299
12261,124584.06400162037
12262,66983.21918435035
12263,42242.49231472247
12264,26589.955546405185
12265,30666.800831317465
12266,182874.9021014049
12267,124239.13757522723
12268,25455.422552122476
12269,8003.421081441666
12270,27358.95127863051
12271,67437.32268525948
12272,151099.65043322954
12273,32478.976829730484
12274,20149.599562205603
12275,36505.757872628776
12276,55605.42357987161
12277,181219.74319007495
12278,154925.23885378483
12279,143262.9727766124
12280,5904.154623703146
12281,4288.295261331019
12282,51239.77421327311
12283,51132.809458912605
12284,46682.41157075519
12285,65503.21969424185
12286,128716.4923114428
12287,2589.9483937517552
12288,115773.55841618383
12289,36430.54699785406
12290,47071.31671444133
12291,5984.718640268826
12292,90626.69371786888
12293,57958.98247719708
12294,2858.4145389897003
12295,40271.84380862182
12296,44035.61821023597
12297,92594.19582143074
12298,54678.98425633843
12299,153277.25824609195
12300,6031.432097404
12301,105359.02991095214
12302,167829.02697782166
12303,276709.4355825345
12304,69166.18936567625
12305,1748.6434198836407
12306,37849.772342428165
12307,3021.8968323226454
12308,64146.13249508667
12309,55540.952362803575
12310,50655.65984504816
12311,41822.28502133152
12312,100587.77312404617
12313,48674.38441526626
12314,82726.49621860171
12315,40318.091293426056
12316,62153.49406457466
12317,244137.1164733492
12318,52684.89624902046
12319,66299.73528856735
12320,66679.61328278472
12321,1894.8155514970892
12322,70663.04767259787
12323,236548.32814274513
12324,56497.08914040202
12325,40983.23031041742
12326,226150.39348395274
12327,37445.743772982445
12328,92907.67464944998
12329,221580.46152087796
12330,51384.96906569528
12331,226566.79303558884
12332,5240.979601776335
12333,64546.75086341491
12334,33780.71059881042
12335,53133.226822448574
12336,173060.267167573
12337,8868.841563316062
12338,107158.57716247062
12339,36126.108053302676
12340,3663.6971700699764
12341,67112.83636320684
12342,63144.694199822785
12343,111715.0649082606
12344,56625.653123672666
12345,52099.56244390289
12346,85891.01760467043
12347,29957.35500818459
12348,126638.08215297412
12349,38439.76987660729
12350,20157.78645808344
12351,9411.038361833367
12352,52465.35926183324
12353,48883.50210372156
12354,35623.33185126651
12355,67451.45596143974
12356,100910.28935042949
12357,49726.60077183983
12358,31871.299948627107
12359,50485.437634975395
12360,69423.99074513605
12361,166983.08860455902
12362,13682.17768917736
12363,38985.38838852858
12364,41481.17361385264
12365,99122.18896570183
12366,12085.385179798339
12367,120990.83002377798
12368,27200.074761687916
12369,35182.62837031349
12370,17983.882006847336
12371,49740.364931574826
12372,154671.78688193776
12373,46196.859866372186
12374,27958.5254522531
12375,15872.51009658682
12376,51690.62698753752
12377,41736.046363652764
12378,57757.597858650464
12379,1785.8270122748838
12380,17078.492752175236
12381,225352.21450891372
12382,10697.665605728982
12383,36612.35052057427
12384,250141.59828144332
12385,50561.17621564971
12386,141500.2495993498
12387,10421.892509484156
12388,8446.999910178156
12389,5644.210291406577
12390,70620.54530627889
12391,90433.26161944089
12392,41005.46202816381
12393,58047.54257918191
12394,42321.367546237154
12395,33603.377477022055
12396,63775.494487987744
12397,14985.637454075528
12398,55225.034466605954
12399,20516.546496457457
12400,13422.736591387991
12401,138051.53482888557
12402,24332.319754195054
12403,50320.82474181515
12404,34276.694543422134
12405,36019.399625835504
12406,56853.56348143691
12407,4225.407319014486
12408,172891.98495356165
12409,47324.51364056234
12410,8069.43000707098
12411,34620.33109657358
12412,52642.656389485936
12413,41136.70189787249
12414,4665.1960258749
12415,53380.750654630865
12416,68495.29530347546
12417,63532.997642987975
12418,4418.730478224207
12419,107581.07026904257
12420,61575.586520613484
12421,32101.03010086536
12422,36903.64361943033
12423,65492.10157892138
12424,5668.721636607857
12425,88521.08211465727
12426,211775.67112094024
12427,15223.717754852543
12428,10159.18567473186
12429,43162.49163859339
12430,38652.34209496754
12431,74017.62569234901
12432,2049.566939498729
12433,165405.325303421
12434,30030.014589588827
12435,114699.90347647466
12436,106020.69276253453
12437,56123.019791171384
12438,4845.142279416188
12439,22640.623559577725
12440,36739.70918267403
12441,114670.62626525156
12442,79915.64186039023
12443,110605.79734549811
12444,19612.9556302852
12445,94309.20575167144
12446,106846.65351292773
12447,19732.445557704337
12448,65861.87167123544
12449,42591.29743565819
12450,46184.02230368118
12451,61729.46362632272
12452,123274.89168919974
12453,105047.50964368592
12454,95292.27910827538
12455,5523.758736941199
12456,29638.530289091654
12457,38232.74847492266
12458,48949.24144226525
12459,77770.37228326804
12460,13076.910415610551
12461,70547.76132643738
12462,58452.09829134695
12463,35113.27117076971
12464,33449.37262802899
12465,61718.63928930756
12466,3429.7123586389116
12467,75643.1870803186
12468,54046.48795556141
12469,7268.796944617264
12470,82736.10780205629
12471,40688.05735080407
12472,38969.07665775343
12473,68877.55315964008
12474,167886.61523198427
12475,113781.80669251019
12476,84217.95104214635
12477,38272.37431137225
12478,145679.87301114437
12479,2539.72402298525
12480,41548.19892859361
12481,15988.13373326785
12482,11143.307579866838
12483,5985.169344709059
12484,73830.01350442425
12485,146363.5550403077
12486,64330.771481620446
12487,42925.50652362993
12488,42799.20553809487
12489,33186.68596123372
12490,40938.53551562606
12491,37007.971945181365
12492,2615.0018713315794
12493,59182.62662845578
12494,27546.339891884476
12495,46890.70179161176
12496,93212.18582822634
12497,60959.56202021147
12498,65981.41439415049
12499,57438.92126478247
12500,134313.45164897735
12501,56176.25805760299
12502,51040.26920823427
12503,47138.468147124506
12504,3498.3509123861004
12505,5015.683500456821
12506,77589.84750738202
12507,95973.36619541938
12508,50145.59747364852
12509,47474.51929408889
12510,41296.599033903665
12511,49041.218767507664
12512,35287.35958261154
12513,38116.92364365823
12514,18984.573371997845
12515,14808.213795853862
12516,28631.477438987713
12517,12588.110018562775
12518,86127.53398923558
12519,24126.710191865477
12520,48821.488521265506
12521,55652.82829447915
12522,40345.83385795898
12523,37759.594516642595
12524,40630.81633221887
12525,24948.946568647236
12526,39849.365308130036
12527,81670.26680099814
12528,47589.72094065007
12529,14628.486537611672
12530,276039.062760901
12531,837.9890762023067
12532,59796.31519409979
12533,36918.108543756396
12534,115796.87379027552
12535,35872.31197267019
12536,85758.5364932532
12537,27243.988479347507
12538,51931.80633770561
12539,45585.667372970376
12540,78735.17163043085
12541,156379.34946946197
12542,84455.5438114231
12543,66667.5076563363
12544,8258.433549104875
12545,88183.05719335619
12546,86790.3207712535
12547,2491.7837452013723
12548,25463.459798828706
12549,100876.42443321002
12550,51988.93567672215
12551,63760.57103249612
12552,103145.52424487394
12553,30588.280366170107
12554,80207.73079540447
12555,39845.39754552578
12556,203420.63106211516
12557,41429.932056625235
12558,37300.331982368094
12559,115391.36393951184
12560,43535.889909046375
12561,20866.2418002518
12562,9636.287757732525
12563,95641.4386553067
12564,89850.31480574608
12565,116438.89323127939
12566,35866.073014593
12567,153201.3264722353
12568,26122.75185465411
12569,33621.621552949735
12570,17006.24805079462
12571,167633.1568891457
12572,62835.09958206856
12573,129783.65350736017
12574,8001.213661132265
12575,117255.9936079128
12576,113597.09555881575
12577,3303.1099467957124
12578,44168.40136868305
12579,61552.01764428186
12580,12580.902336226682
12581,15849.635162789946
12582,104512.63634853954
12583,35608.67834247843
12584,33255.785616618676
12585,73394.32047667814
12586,68819.06848759006
12587,7079.41703064752
12588,36366.600718217334
12589,109374.72949865577
12590,14254.756518596261
12591,46613.07361466397
12592,168136.8970180697
12593,148057.48103022072
12594,82114.25923170737
12595,12073.151644113765
12596,42034.756460684795
12597,85196.85359490676
12598,126259.21099441248
12599,59212.00328720127
12600,39425.70977758197
12601,3973.985489121353
12602,31273.1080251874
12603,10430.638318254372
12604,49758.85371649889
12605,189321.6411913256
12606,2780.6239641803345
12607,46017.0656609431
12608,4123.926316947046
12609,48378.22609079905
12610,197068.4980187493
12611,39165.98856032053
12612,43648.00223622195
12613,26512.722017863074
12614,28908.402210418466
12615,36875.297127012615
12616,58138.38858059318
12617,54791.95332967303
12618,38465.39847975993
12619,40641.48568955012
12620,67754.68256341873
12621,67575.6494641705
12622,229457.56454851056
12623,158804.07582537193
12624,28554.72248808307
12625,75549.55093055005
12626,21262.319972225898
12627,3432.962763180173
12628,63525.961069532204
12629,88082.24379219559
12630,36700.93019113222
12631,119327.71571824043
12632,51892.44383292866
12633,79768.29233601023
12634,23939.582734025873
12635,17593.096574768846
12636,41587.23060876343
12637,80185.16345120252
12638,42619.40448932854
12639,9896.389098480791
12640,182662.32825213665
12641,41881.16970734504
12642,41804.41426804915
12643,49462.25146163074
12644,159792.4425053754
12645,172453.22188106633
12646,22498.607791917657
12647,122323.52192319333
12648,124821.16073289742
12649,44932.82649268794
12650,4088.88907271128
12651,48090.64949040299
12652,66878.39552458556
12653,107552.55454301831
12654,49307.5485458992
12655,48419.35787505059
12656,10784.507657993709
12657,94062.03829296015
12658,42682.36007482688
12659,150050.3284141003
12660,53547.5241299888
12661,44188.06938064538
12662,165649.73621461305
12663,7798.8175325293505
12664,82313.42259420505
12665,56152.7462763484
12666,32328.353168792633
12667,86743.74818514354
12668,218955.57237565285
12669,65712.67756571605
12670,37284.93771181643
12671,16943.230264710368
12672,45496.06941178907
12673,49165.006340116444
12674,93297.73425350779
12675,41047.03790662933
12676,171429.29134095905
12677,47867.46574541423
12678,99041.72585907967
12679,31331.845159365927
12680,93599.53171379243
12681,49677.187761296846
12682,234795.82013612738
12683,248016.99971984318
12684,21578.7024505828
12685,38962.42520035367
12686,161022.65319458485
12687,115644.17525687395
12688,41707.913520360176
12689,23824.45203140988
12690,1281.491303762695
12691,22842.965307713053
12692,35785.47049209364
12693,17925.836743625157
12694,9060.564242406583
12695,42556.897578998345
12696,40625.41668077568
12697,225955.99982605485
12698,5469.031401337923
12699,44739.307351541946
12700,46698.882606616535
12701,89550.90544838573
12702,31966.00213057822
12703,97765.18324460764
12704,12365.710928939832
12705,62555.97504727088
12706,23951.91949926299
12707,138689.24767604846
12708,38492.99839992115
12709,86326.55697444787
12710,35806.72065944268
12711,10106.762588934977
12712,33311.62938009014
12713,84350.24401343445
12714,43916.72377045304
12715,43235.09326679245
12716,37986.52157636456
12717,12491.660728803485
12718,47635.79900486634
12719,70651.73200517918
12720,43688.2642823908
12721,54535.452515144105
12722,26542.984665625427
12723,21178.394533272953
12724,84181.66383621313
12725,46183.859926501245
12726,32167.407164965418
12727,64484.379117885714
12728,45876.26494158529
12729,4046.2623412615617
12730,38582.078918546555
12731,22647.710298403716
12732,55658.63979978996
12733,91766.22999555944
12734,39942.92494483071
12735,33692.45560058008
12736,2622.8795417946203
12737,96014.77334677915
12738,19233.798500486646
12739,79896.55781529457
12740,119182.99417859096
12741,13590.723501331304
12742,49701.05346510836
12743,61648.99193719151
12744,137206.5734979849
12745,31228.284161384956
12746,138767.86789485166
12747,54848.94963283861
12748,43507.4073947236
12749,81722.40847487867
12750,1567.0413698240563
12751,63846.27234536828
12752,33857.48537208736
12753,5732.672266928018
12754,46546.17308813285
12755,89814.59162569186
12756,69021.73765318832
12757,101121.63105519698
12758,86376.95132652561
12759,8308.937900183424
12760,76457.99202967505
12761,52843.62758270147
12762,47261.530100324104
12763,38918.09591161655
12764,81148.66460522804
12765,45968.22320774353
12766,62881.39593439037
12767,4411.951360750068
12768,95637.09510408688
12769,68840.61835603353
12770,51573.57005058212
12771,39972.46613762314
12772,212419.13828464982
12773,3529.0069660469994
12774,59269.63415301555
12775,29304.225031684335
12776,69290.38437830735
12777,10733.592416412092
12778,126113.61418605663
12779,124846.11794989862
12780,119542.78027322964
12781,86276.33453401102
12782,164197.46938966544
12783,142936.76079725704
12784,9288.626664078425
12785,28819.859774255594
12786,87354.86782437314
12787,10518.451709284625
12788,81805.65701195324
12789,4960.6496928745355
12790,32175.125087370317
12791,60671.74326923098
12792,3935.8478014661673
12793,11279.957059097642
12794,21664.197602029086
12795,35310.97125833472
12796,28757.27803968392
12797,46198.21183631521
12798,41545.0743975265
12799,27964.801960108332
12800,135768.77037337536
12801,66645.65918274457
12802,41787.53715789479
12803,94697.03886569888
12804,46468.52084200502
12805,19485.86878975249
12806,38763.08159870185
12807,127511.70211666527
12808,56182.40683768436
12809,45452.886754229075
12810,164368.71377940173
12811,119211.6049391558
12812,181002.88579003562
12813,4087.8729523740135
12814,37605.698148066454
12815,18554.237472640845
12816,111665.44077301507
12817,93113.52473786469
12818,159656.44618939166
12819,59447.4131733569
12820,34118.23586213311
12821,16036.305927747633
12822,64359.243771307854
12823,101266.4869672316
12824,47167.370992932796
12825,16431.02722277974
12826,90276.04696915815
12827,80989.03445532732
12828,84563.27878073408
12829,3264.465522796798
12830,55966.689138502006
12831,29592.049890993563
12832,172331.6287766142
12833,47753.26043517666
12834,55303.33139088339
12835,12054.100428556605
12836,48300.020349639446
12837,131878.74713533226
12838,4899.015250826652
12839,35908.964947786655
12840,51604.80572410056
12841,1643.2221143286645
12842,161216.10417169565
12843,1894.3880668275763
12844,23082.201447070314
12845,37300.69673107115
12846,3656.6582283007356
12847,2646.4438291766587
12848,41269.953277957546
12849,48063.64544843498
12850,51729.624691288234
12851,93220.6457600876
12852,28217.887290678904
12853,158734.18362680738
12854,65904.10131061728
12855,51556.83424516396
12856,29316.823970088684
12857,12088.329640556742
12858,201302.97548107212
12859,51065.23934164867
12860,88256.53536697708
12861,6681.264411786171
12862,6681.696284870558
12863,66818.49518911722
12864,114210.28307742663
12865,47938.89599844035
12866,47746.06496892292
12867,49687.09354826817
12868,59123.93485497444
12869,49389.036757296926
12870,41529.83381089545
12871,25539.58889988502
12872,51358.06232994321
12873,60387.548840622716
12874,86427.12051048565
12875,61318.06214590872
12876,64043.20877898464
12877,115684.33123076426
12878,210338.27838033246
12879,40946.203024132024
12880,37405.8282849516
12881,89887.61801338756
12882,35290.75895542943
12883,20930.23572888358
12884,30676.228593170425
12885,101136.42232291239
12886,50244.60745367312
12887,68714.15572003361
12888,42102.50121396193
12889,4470.6254637494
12890,54430.954684410506
12891,83219.02755357903
12892,226691.9781027544
12893,49568.56098677749
12894,93019.6386448053
12895,1316.4889860320507
12896,5947.933922709144
12897,49887.706142268435
12898,187415.66893419687
12899,49102.60904765945
12900,2041.8493429733392
12901,69117.41055025373
12902,92731.07219813601
12903,31213.725318795696
12904,158462.2972666729
12905,24761.086309634287
12906,24340.01898660919
12907,43101.65212190628
12908,81053.52146362857
12909,49313.897766830865
12910,33180.42955352671
12911,43380.8910792267
12912,63813.142764780285
12913,44784.11448970169
12914,114911.30447949568
12915,5893.474825006869
12916,233776.47782082
12917,51747.252840202076
12918,21015.425522720638
12919,133630.82408011577
12920,51639.791528945534
12921,84572.37084644436
12922,36757.1894079501
12923,94318.8544060311
12924,74951.46828311618
12925,88395.36541577286
12926,69686.89554079543
12927,113250.91101799099
12928,77740.27114401628
12929,35118.5924584287
12930,45391.27264347213
12931,33657.47247293938
12932,72372.19674108422
12933,218277.463653809
12934,29022.11957057376
12935,33592.07164937818
12936,215661.02298110398
12937,79617.0140442384
12938,56153.146478723735
12939,40653.5537428206
12940,17192.016868919243
12941,27146.747780077545
12942,64064.57377922655
12943,11478.593585264518
12944,6308.901136451272
12945,52299.70430298513
12946,16051.098124603102
12947,40659.16054164574
12948,43216.903854534365
12949,15023.41198298037
12950,99863.51041399068
12951,11642.132363782697
12952,252514.8642840924
12953,62227.185185778864
12954,11407.319684988606
12955,63595.48364410044
12956,45226.296717753605
12957,149398.8972932513
12958,33206.12144235414
12959,49390.20515729649
12960,49134.027490700464
12961,19399.70444826755
12962,40259.58775551242
12963,85448.68431619236
12964,69139.65123291618
12965,63581.16296791314
12966,33198.59100175556
12967,162640.31596125587
12968,161004.520871739
12969,85004.00494616124
12970,6712.9600095355045
12971,6023.327386816714
12972,29665.907648049262
12973,4493.165806495047
12974,19928.72128637449
12975,91210.59963390643
12976,9729.193418555924
12977,106903.57342364683
12978,203624.98439739874
12979,20689.837327493322
12980,34049.39437689106
12981,56265.09028153331
12982,38256.68941225091
12983,19888.585474129955
12984,32912.55721794891
12985,90581.4251915523
12986,5576.835322011338
12987,192749.90422514483
12988,83532.97870298578
12989,9682.406814159403
12990,42618.79359077065
12991,57261.016287658174
12992,38011.41971909886
12993,27129.443061449212
12994,93634.64259892957
12995,49300.86920375925
12996,96618.40480093693
12997,13498.551107372012
12998,38032.28664250825
12999,6660.366724262091
13000,24179.87564061908
13001,24510.77141160723
13002,121493.92628135058
13003,37768.97524533655
13004,1642.1642834360805
13005,5127.13996377981
13006,33618.51164963771
13007,177455.10060954816
13008,95905.45802869364
13009,105638.62383861702
13010,23585.23299796014
13011,85730.65452868608
13012,52597.47213007675
13013,43331.21004928728
13014,51568.838120878376
13015,42455.441148588514
13016,21388.81035589366
13017,40089.308119812355
13018,18014.96212088283
13019,253011.97723100323
13020,55904.129950678864
13021,146315.78644844927
13022,90775.57927733015
13023,48230.16694176151
13024,32532.517644127303
13025,207032.1419995875
13026,109734.73429207705
13027,104356.13599466745
13028,6872.159734408801
13029,117673.71378587715
13030,48671.80805234228
13031,42222.04502486623
13032,57245.352199210276
13033,87993.43264613539
13034,276880.15819824283
13035,28208.94213272945
13036,87743.85127251812
13037,64441.073610273095
13038,34459.68260093901
13039,34623.61845160428
13040,5495.813485012867
13041,92235.61023074953
13042,45997.006206300706
13043,183926.8069346472
13044,90685.2590806132
13045,37497.0775209685
13046,91516.88923276913
13047,46559.57725747861
13048,127877.43660322133
13049,46985.135946647075
13050,45125.89552303114
13051,32760.110907188875
13052,8127.067942350174
13053,48589.86195181323
13054,49609.168353580164
13055,4642.869336740478
13056,105121.51827407739
13057,50119.22334126977
13058,47499.76403541891
13059,26803.94605869641
13060,18547.427281557455
13061,10243.031763776244
13062,49859.76083182275
13063,77537.85223987164
13064,40063.797642086836
13065,136202.99550923536
13066,109610.2148630865
13067,133070.69521609743
13068,43610.80658694625
13069,42992.60372540689
13070,48444.6761367708
13071,63815.36721016179
13072,149256.82797061466
13073,89452.73758498649
13074,24359.898238465717
13075,20904.289115677875
13076,59606.071090560705
13077,157530.8855485686
13078,25379.548464936004
13079,45193.20618354437
13080,93471.14842900044
13081,106477.49574299504
13082,68680.18132903078
13083,26333.274709363326
13084,41439.31733581457
13085,40050.924833215606
13086,1554.9539026683258
13087,131650.84047652537
13088,93840.58270810625
13089,65905.43752961163
13090,171930.2344361354
13091,88851.71944951238
13092,40778.5021311541
13093,58967.028967253565
13094,56010.18109776023
13095,42509.36872390472
13096,62393.54931127822
13097,45583.22796704695
13098,21772.16544111198
13099,16542.796647688607
13100,25810.67245239751
13101,208886.61443540972
13102,59405.0491265446
13103,70829.35875211895
13104,41357.44194032524
13105,9646.278104384894
13106,198855.27821844217
13107,37520.88643895744
13108,72449.75208429672
13109,71739.10178798893
13110,30097.51003211966
13111,92112.40316107239
13112,22014.23951399476
13113,29307.158687118244
13114,4942.498636575186
13115,220185.3549643589
13116,37673.303589181174
13117,40563.22893745669
13118,39386.59001234858
13119,134053.78636062177
13120,62270.896743427766
13121,39935.019963398256
13122,116047.66303964274
13123,28376.680669603837
13124,44077.94684830835
13125,32402.138551651515
13126,50730.21819390226
13127,88915.93485304774
13128,12981.39364814553
13129,48439.86467449773
13130,45346.02999179417
13131,5782.624765936442
13132,6291.186148240975
13133,42779.12636652118
13134,1987.6270197276153
13135,96326.36065932078
13136,45729.12622942159
13137,193040.63452452337
13138,97372.41436184902
13139,111789.74035260914
13140,136097.7787304178
13141,47191.845677649224
13142,52320.29413995287
13143,191958.05174076348
13144,40458.13834882843
13145,22485.22199109655
13146,38252.34951615833
13147,52404.70841292901
13148,29893.681164607257
13149,4848.411204869045
13150,60537.89473877404
13151,44872.04669968098
13152,13374.812424277767
13153,39849.13851593355
13154,102055.6847856914
13155,17349.18015197352
13156,4116.672151679161
13157,38540.99102116806
13158,51781.642896708785
13159,53372.10807055244
13160,53530.50925427492
13161,183910.53948992712
13162,113005.00774098626
13163,72113.2156736265
13164,48225.0494898098
13165,99117.18723742351
13166,5940.354406970538
13167,65336.43382408592
13168,30110.8782266273
13169,48175.13223110861
13170,92267.86934521652
13171,222591.61817265057
13172,1474.005208242971
13173,35833.65425882212
13174,55989.60591101224
13175,16794.606038263337
13176,46301.2290820171
13177,11942.79591038736
13178,62666.79559895083
13179,43377.684786083955
13180,50736.68641417079
13181,150659.58682263363
13182,28519.44505092535
13183,26030.497119983156
13184,38089.11608058841
13185,38889.49832314217
13186,62982.11480440128
13187,5400.412970350291
13188,175196.5807168034
13189,2441.9422835801583
13190,71282.6526278271
13191,42547.65231763426
13192,40103.723797800434
13193,22835.475754588126
13194,34571.707799316195
13195,29380.58126995992
13196,34196.89975610388
13197,37563.02561893649
13198,37103.85150332447
13199,100947.88621203926
13200,7655.324426503832
13201,29454.39143117948
13202,67832.27690188959
13203,147971.97806735858
13204,74075.6257925881
13205,71021.60878421622
13206,78467.074857359
13207,63147.929818152865
13208,89934.94599810988
13209,49336.96743844945
13210,43788.72699021419
13211,151732.7502404337
13212,57065.35777857625
13213,218313.36068374905
13214,209495.24467316747
13215,9269.624521266787
13216,59397.58067648445
13217,60249.926550173026
13218,18391.691386492883
13219,35509.64337299917
13220,4347.432184016785
13221,41677.446240821635
13222,41898.779291821884
13223,61726.591412854854
13224,55187.415167279025
13225,2403.912545517467
13226,7174.432060511687
13227,33363.04019356298
13228,118858.47633004446
13229,138722.32119967748
13230,97923.33507261323
13231,69679.37954857665
13232,14207.01717859087
13233,4003.3316122890765
13234,49816.88380756472
13235,45648.44498572399
13236,7326.713463711346
13237,181802.8432357691
13238,72460.07840885104
13239,62263.57928789211
13240,7131.745498972306
13241,20766.73832817794
13242,8486.020009347918
13243,40659.60123484705
13244,31596.80606386573
13245,84599.7701362167
13246,52008.41123893215
13247,16978.092575252496
13248,42108.712431819986
13249,3281.691950833239
13250,54668.53513599529
13251,29909.60930042594
13252,64423.114059683816
13253,5691.730808819419
13254,41934.99032011624
13255,4444.244014663061
13256,51107.47436287234
13257,56479.471948746075
13258,48739.2214291794
13259,168503.74943097934
13260,19223.396078670994
13261,99047.82858051533
13262,196197.29643297012
13263,80721.31323499225
13264,98915.40333136666
13265,3061.661308929676
13266,197825.67562813824
13267,45827.39019047222
13268,100229.1186446975
13269,7116.677355748572
13270,109449.08456889116
13271,31315.953991859395
13272,9436.324859077384
13273,123043.71495198687
13274,3348.6313889826274
13275,92962.44374539601
13276,38657.82178729093
13277,4553.176392064288
13278,4200.287228912383
13279,80593.5499318999
13280,43329.71901756016
13281,49323.26608683307
13282,4627.551025034855
13283,45961.39765841992
13284,25537.86141388196
13285,75719.65686675993
13286,145455.72854890383
13287,137847.5140106656
13288,96917.06266206286
13289,127222.83963213005
13290,5692.814676649188
13291,45077.27000976496
13292,14069.198155261462
13293,42631.13346660653
13294,184482.45282245622
13295,59952.68343668009
13296,108314.73517115148
13297,73158.94528976751
13298,52758.874813563445
13299,47847.76292291512
13300,148970.6998961581
13301,136156.03633653262
13302,67128.29000348388
13303,188491.60179132465
13304,24558.01708578712
13305,3627.4231988560896
13306,45793.70340547326
13307,100352.8474314442
13308,47275.70270667469
13309,6530.278899784134
13310,49027.81287401525
13311,196803.06475671526
13312,158440.635647831
13313,3354.7351521922214
13314,41830.27825906425
13315,62978.48975868338
13316,42645.29459905764
13317,42068.25763777327
13318,37260.369485351286
13319,5584.169940299644
13320,33648.31274531319
13321,31288.716947246397
13322,10804.333129300692
13323,14126.881583326263
13324,33326.4072238155
13325,17004.103627492696
13326,126996.01665448018
13327,54771.52236387543
13328,50805.293855915
13329,40291.85508720763
13330,65303.40832309401
13331,20452.590275090977
13332,100472.82703653384
13333,52604.19854531173
13334,4436.1775231051515
13335,48190.83229018136
13336,51806.111421509806
13337,39467.92265193726
13338,28736.28040569557
13339,97889.69034388382
13340,147332.44976160998
13341,220025.63020620865
13342,24045.465067653025
13343,24720.760167556615
13344,2300.7992042654414
13345,154009.9733919393
13346,60063.399628696345
13347,87539.18626759222
13348,3105.7524964366144
13349,19232.88659118859
13350,124817.85579863688
13351,47439.1911659607
13352,49510.48009151828
13353,7734.857431425007
13354,27090.266815443043
13355,54757.0938273484
13356,4765.06405420755
13357,147832.1352709096
13358,59459.77032798691
13359,165129.8468547871
13360,150690.16680826963
13361,12946.790651737556
13362,39997.905035825854
13363,47370.948477608
13364,48996.81474268606
13365,42497.04600932533
13366,39159.90944630007
13367,195077.40845625463
13368,32204.638025079625
13369,107067.6933936425
13370,2498.4715218392407
13371,16251.869952618898
13372,56463.62834681533
13373,30458.9272676565
13374,40431.43984298157
13375,71257.34922628629
13376,66134.88023303995
13377,49255.49338817483
13378,58913.99876493605
13379,45132.01269716338
13380,7115.287823999381
13381,51172.69152501736
13382,23984.366042435067
13383,36181.83526140026
13384,53101.73226983485
13385,44081.19614034155
13386,200206.0138631181
13387,42883.84741291902
13388,43578.41777626029
13389,38493.40031985391
13390,180170.08237757924
13391,20729.0728906654
13392,50088.43644057008
13393,30132.22039310706
13394,69525.57003532336
13395,183550.63976662734
13396,67851.97657329902
13397,51400.58593265355
13398,53075.004275791296
13399,84965.59255293457
13400,65121.66115825062
13401,19288.11606869314
13402,62440.256072374235
13403,133784.4900162331
13404,86542.94748859311
13405,53853.35926018009
13406,23231.638988216862
13407,17270.298117308997
13408,52747.19443981176
13409,73711.27937644313
13410,195875.92572777852
13411,193932.1343434561
13412,94251.7753466032
13413,11582.888892197549
13414,98062.90685656754
13415,133832.24878947315
13416,3275.72373203738
13417,71357.21871378821
13418,38533.976590954284
13419,137554.4086331758
13420,84650.18271631132
13421,31931.149507607148
13422,32420.958420884344
13423,37932.39885503315
13424,56803.396569508855
13425,76778.18561788456
13426,12042.531449962044
13427,69297.51633185224
13428,63043.80561912805
13429,19261.25262648449
13430,46511.80052002304
13431,56864.615148786805
13432,57330.30009869146
13433,54667.36137591974
13434,67872.947371031
13435,64501.76295291802
13436,277823.52773745137
13437,48452.49620878445
13438,146895.2399313349
13439,7843.35034678535
13440,45204.47140805575
13441,57590.411270116114
13442,50720.07794564654
13443,44335.06344910831
13444,45033.246468645426
13445,33270.01144743765
13446,15942.376929565919
13447,173612.8556593831
13448,45221.967530916336
13449,78473.64648167806
13450,51471.56121695591
13451,252664.16949564678
13452,149905.1661173958
13453,53825.416455914055
13454,55746.049908189234
13455,210275.2976768649
13456,50362.995080482266
13457,41610.0800090946
13458,8646.779136715548
13459,6352.360916283827
13460,126575.09666170922
13461,20462.67486740524
13462,83774.37676904406
13463,62580.21357063199
13464,111637.73997907602
13465,58357.757660081756
13466,9403.917376004176
13467,82037.48824571453
13468,80960.22392186851
13469,34008.85970503987
13470,30601.695668615164
13471,1356.5418996295768
13472,1714.024646631628
13473,46081.298063350005
13474,41043.17993113919
13475,29510.055130757748
13476,30131.889447184774
13477,33313.02519258593
13478,7076.371794302436
13479,83988.87574347742
13480,39028.8637368993
13481,37433.68690750429
13482,36146.35251395184
13483,18487.312605812534
13484,12853.658377112852
13485,136615.98050980584
13486,66122.3189999498
13487,34243.84925595971
13488,36616.39921629115
13489,5613.539086862408
13490,5254.367965321691
13491,162360.83616068232
13492,103648.32597180063
13493,42979.19369307852
13494,65932.76966999572
13495,138954.98342033286
13496,56224.85379555643
13497,68144.33764789917
13498,37647.551707188206
13499,12829.206172670056
13500,41217.11725763277
13501,57772.438817639966
13502,3757.0589817384566
13503,1221.2091151370898
13504,16079.492997161204
13505,46214.267405571
13506,55954.87025321601
13507,47933.08274211944
13508,105348.05396114207
13509,23393.918181218978
13510,135639.12887887037
13511,95270.79958560817
13512,41533.772334052825
13513,10173.208797042707
13514,72451.87672542603
13515,23008.955915069553
13516,6216.688050892014
13517,58817.16989275242
13518,102157.90799910574
13519,22882.26715396729
13520,18110.56490865834
13521,99081.32556449037
13522,49701.739140557685
13523,31568.701309704917
13524,61830.906678151914
13525,3262.820334233675
13526,121030.36943370005
13527,53846.5202379669
13528,53996.681343073455
13529,62234.41339192674
13530,13404.182331331891
13531,4042.3080552829438
13532,75166.64956797131
13533,37233.17495639776
13534,13322.307124766668
13535,38879.702144712865
13536,197305.44650288462
13537,51948.037076960645
13538,41594.87100151016
13539,23869.06360614054
13540,37840.171960943066
13541,197914.26427675318
13542,6050.272932091808
13543,56906.01665666737
13544,16439.91701828875
13545,50403.25825751617
13546,34001.118398553226
13547,13340.875628980682
13548,30866.185293003884
13549,21066.729724799297
13550,38328.81308786465
13551,15008.494648819802
13552,61586.84560572262
13553,50179.360963438965
13554,46704.43356974858
13555,48169.70121139386
13556,143878.13172300888
13557,128862.05892571113
13558,96286.92478854035
13559,52560.18029136254
13560,12869.160225002011
13561,66704.11877239755
13562,54335.76436238854
13563,5024.756250525574
13564,216469.6353413181
13565,49969.68078732709
13566,140172.93718131332
13567,5930.75782218343
13568,126255.17930013801
13569,13914.410582840374
13570,26388.837441701955
13571,60001.515546452996
13572,91000.96306212721
13573,123325.13164307753
13574,44829.24479894533
13575,109921.68984042256
13576,926.3499528009248
13577,25798.710054660038
13578,16309.107838354208
13579,137082.03264999998
13580,48116.634341708654
13581,200206.0138631181
13582,61175.96382655302
13583,3841.9929005155295
13584,71293.9958414322
13585,79481.79040648082
13586,74800.44836426595
13587,72608.17189091742
13588,67430.19045878323
13589,30526.793597967488
13590,46995.37962775905
13591,163842.6363323531
13592,46149.030372446585
13593,81288.46583418323
13594,38427.98004710653
13595,57055.61901888082
13596,74146.49246915906
13597,23281.68700720615
13598,25061.742803333123
13599,54848.71999820497
13600,79489.65557675484
13601,64590.145826775806
13602,29842.000846540606
13603,83032.4034481763
13604,47809.96802456588
13605,37832.88400349077
13606,23982.076986790238
13607,73486.53857254879
13608,61581.17330700805
13609,9562.951203472137
13610,281963.2399111114
13611,50359.81380704845
13612,43548.47156247388
13613,191002.93943721364
13614,61101.751893531706
13615,4487.553571812158
13616,46683.965455934056
13617,127503.64045821979
13618,87999.37336123141
13619,68789.07358758927
13620,62288.54995709903
13621,16691.621088877633
13622,54725.27208786625
13623,20130.103365829393
13624,40141.50846286284
13625,42933.92659941525
13626,93413.78732947526
13627,60828.491600077374
13628,136277.19107658463
13629,126811.65752498766
13630,181214.7978431947
13631,5896.753442439454
13632,156094.12562073488
13633,134340.16952685584
13634,252555.29648713002
13635,62955.32949880832
13636,38906.557322528526
13637,6481.196770761247
13638,37329.38328175145
13639,40352.61597797652
13640,173205.08457954536
13641,30964.024923548324
13642,60379.96141743308
13643,24049.487419758414
13644,42077.57425556086
13645,188346.42936038531
13646,36195.0421456538
13647,47228.00623892647
13648,55604.497619977476
13649,49483.04604229627
13650,236611.03979763182
13651,160232.4536151808
13652,238555.9794842171
13653,277686.8299384006
13654,68109.60125765661
13655,70192.43537532192
13656,57316.47512841856
13657,22452.145628651604
13658,55858.312835093646
13659,44515.53398584008
13660,48865.91954739044
13661,13452.511265463383
13662,37743.011514435675
13663,30866.62733317731
13664,11569.753570332578
13665,136890.28287836252
13666,67586.40225329957
13667,76527.92922469479
13668,45814.376424870745
13669,36913.51755008112
13670,31651.734018695977
13671,176710.24791661778
13672,56735.01489613532
13673,62021.29290704369
13674,63756.37627704427
13675,13649.996526474113
13676,174808.73163532687
13677,134375.8134416555
13678,61962.1258518446
13679,170509.69483313584
13680,185137.54705687708
13681,7377.805109891534
13682,38975.51818898559
13683,198215.53516972915
13684,29253.810865809446
13685,11402.35626021643
13686,58378.917243451186
13687,7942.896762656473
13688,5993.642481282019
13689,60202.769207230915
13690,20680.424131365493
13691,50464.8378209012
13692,36794.019666141634
13693,53853.821893987595
13694,6737.848443617326
13695,46459.65872753144
13696,81350.99334642399
13697,26036.332800047698
13698,105077.66137911034
13699,27312.928991165016
13700,176170.67602135584
13701,101467.02405785596
13702,165196.12978748113
13703,33366.965011022454
13704,77188.59464798521
13705,30057.69580057052
13706,153417.75452227457
13707,17713.29405834442
13708,277274.1227340012
13709,40928.49643291684
13710,71959.73089716652
13711,62238.79010584468
13712,73596.54666483037
13713,27883.261343006827
13714,49377.35876927958
13715,107116.6909314803
13716,42632.35071020533
13717,75069.08303764182
13718,71052.77216846925
13719,34873.88503180153
13720,20820.05484632721
13721,36477.98670228408
13722,60454.24516762231
13723,238906.91953884464
13724,46928.88995927154
13725,6097.496993235775
13726,33601.16732891705
13727,9147.520236072483
13728,36856.329899954624
13729,40847.18050538985
13730,18793.610311667537
13731,33087.904403829365
13732,46155.979926207314
13733,132045.3848180971
13734,44545.66381836996
13735,47395.426098546566
13736,55615.77081132062
13737,68092.4771922198
13738,21530.810735513835
13739,73370.47694815983
13740,122579.7814782461
13741,105326.83196583873
13742,39862.13040088385
13743,41021.91712989263
13744,60073.1845461058
13745,50118.17854151419
13746,79272.16294949218
13747,61066.958350102264
13748,7313.811823986476
13749,33992.2032213655
13750,7494.975512310205
13751,81126.81254241295
13752,42172.00936449213
13753,135322.86820924137
13754,57936.47697244481
13755,6535.187985016106
13756,4293.745315537182
13757,17854.54288125304
13758,57231.24363690174
13759,64902.1055851119
13760,22353.0591664143
13761,39988.84746937338
13762,48278.355366835174
13763,33059.620448507325
13764,12760.388855110354
13765,18580.47149306685
13766,42375.974414137236
13767,145496.49394959194
13768,108857.87536022985
13769,183278.12810481398
13770,3578.9646303714912
13771,64215.644633672055
13772,3182.976038094327
13773,7307.503341056187
13774,11784.726178137264
13775,52641.30926628358
13776,141750.31319328537
13777,27225.535063782907
13778,59829.20935172028
13779,55586.81711975631
13780,73549.78452624918
13781,56258.425206609885
13782,125011.63845393514
13783,20561.02413901522
13784,14317.561015109639
13785,68964.99260341718
13786,37487.05313416622
13787,46516.797857683225
13788,139750.08057410087
13789,71252.85480492812
13790,7021.757185311754
13791,134546.0026227494
13792,33633.05436524478
13793,60879.98290672641
13794,8931.325769585043
13795,14167.629939718343
13796,73216.34194074784
13797,58386.0233052191
13798,1410.5980805376128
13799,48679.5583009706
13800,77232.04086123123
13801,88029.0049892966
13802,58367.71865190303
13803,217909.9140522392
13804,90558.87191567484
13805,1879.706134226098
13806,41804.21874252116
13807,23778.589818008262
13808,45097.66212515575
13809,48290.16720370785
13810,200739.67867002502
13811,16066.883489402773
13812,133319.36577048985
13813,118860.48575730991
13814,20231.875790678645
13815,134657.02189472457
13816,130360.79120470361
13817,61583.26442547269
13818,35535.73324023183
13819,67230.54947039037
13820,71696.21086833738
13821,30673.17510937755
13822,49596.07314450412
13823,3566.42663252847
13824,52846.99382441416
13825,11793.267599530665
13826,3226.809261476698
13827,118264.30094757375
13828,43570.856154028515
13829,44899.44601714597
13830,272094.68052265793
13831,163186.89616744645
13832,277411.2387169955
13833,36617.949588793104
13834,48471.03438411555
13835,49718.17484436178
13836,5020.978082680343
13837,9852.968613725508
13838,55976.67959760577
13839,31734.767929273363
13840,83523.56342625362
13841,16344.974880230131
13842,119389.8214846505
13843,169450.93808509104
13844,30958.358051576328
13845,25273.80253040114
13846,52932.11501252203
13847,13671.430931809562
13848,62632.34097483215
13849,27903.052335469187
13850,51289.14829494919
13851,50851.35448621869
13852,64377.26416539519
13853,35601.448742040266
13854,162852.3657193996
13855,37736.88332527095
13856,2728.895196855083
13857,18875.17097067487
13858,45049.821362426555
13859,48658.017101065256
13860,1658.4429892522728
13861,18941.528800202763
13862,41498.87311313943
13863,53674.23679443523
13864,127221.40935377477
13865,29548.280139273276
13866,33123.86876543567
13867,76879.77322423011
13868,7590.737250317683
13869,54274.363265671505
13870,17481.051411053446
13871,5568.133398028895
13872,72852.77648802666
13873,25674.25803264716
13874,175331.3576200119
13875,6047.530254669543
13876,121070.44308492042
13877,5027.902112358981
13878,6852.390743997457
13879,22127.205275337692
13880,60134.85745403096
13881,121517.07952319311
13882,70489.80790778038
13883,23866.08978166976
13884,32005.58416058402
13885,29882.432362062274
13886,60778.07755212766
13887,27552.083627319047
13888,26135.84993571158
13889,30489.99028230054
13890,42321.60196346255
13891,25197.425770888898
13892,48198.09862354803
13893,54596.45551566617
13894,108540.81779577257
13895,181009.266991014
13896,40471.97578524964
13897,59065.40304246466
13898,8162.111672740931
13899,39968.60900957151
13900,71284.9538982766
13901,97101.42478514367
13902,49120.94049238657
13903,18213.92229397842
13904,49539.13194630619
13905,139487.07991909797
13906,60218.638009362316
13907,42438.61373575915
13908,76204.24772472154
13909,108908.70316276602
13910,42798.01138118514
13911,53888.448294154536
13912,62443.77328811939
13913,75335.87108524663
13914,67616.57245803582
13915,72730.8984130085
13916,4576.962503953444
13917,58750.03577640783
13918,54595.02729340255
13919,14656.246988385645
13920,26488.559229361417
13921,54681.715212509276
13922,36216.60776408518
13923,128524.2379409074
13924,29028.32860152541
13925,148140.4794170554
13926,63315.869633950475
13927,70066.36930405046
13928,18185.90503947908
13929,110709.73908116519
13930,41827.607926160876
13931,217780.19129722024
13932,39418.183044384175
13933,90423.31996896639
13934,48520.799872089156
13935,199162.71959781842
13936,44020.59283115072
13937,47551.62967281258
13938,32200.173778587865
13939,75432.21218716148
13940,61564.65481178196
13941,122180.50061615388
13942,58243.67459078374
13943,53130.2193780594
13944,10895.981555078128
13945,106278.28055173773
13946,43067.258364114205
13947,36507.471836530734
13948,27024.578522200074
13949,99248.29253239596
13950,29428.147304552513
13951,14576.516454663497
13952,65958.7857988885
13953,10270.003420171728
13954,83389.94738155953
13955,81613.72849558892
13956,44154.82317658661
13957,147061.1354055522
13958,59302.78484207462
13959,40987.61357910725
13960,46769.30774372134
13961,89428.18175641536
13962,24235.219251704737
13963,19664.469345502894
13964,61764.76356567701
13965,90263.33881169297
13966,71806.79122936117
13967,83807.78375358411
13968,78569.26462244357
13969,33161.12983559561
13970,74514.75504488789
13971,33043.248444145385
13972,176419.06073008775
13973,83333.1965184474
13974,112227.81013855735
13975,3367.273865189145
13976,27607.58709543616
13977,137601.30690939538
13978,50039.66530684092
13979,49103.06963954349
13980,100941.71861258907
13981,52978.00761269682
13982,44891.30140914057
13983,153883.36319787515
13984,138420.52937554586
13985,48150.966525323274
13986,28756.554399802397
13987,40032.165939335726
13988,31570.364717857563
13989,76808.98624747893
13990,119697.33539466745
13991,4547.181731862362
13992,44972.08340713932
13993,91066.21137919727
13994,161928.789695254
13995,67344.49507763819
13996,41682.28107218353
13997,65258.78165681524
13998,1921.3071780586286
13999,36280.66187234534
14000,113194.07571476973
14001,48307.608872048215
14002,37930.53581885737
14003,103961.75775264643
14004,64293.13092145582
14005,71865.92091409546
14006,32352.491241465945
14007,52499.83293707432
14008,48597.23949125528
14009,1008.3977479646816
14010,61826.86175359312
14011,5936.7030082097235
14012,33976.94719350566
14013,47328.4848331973
14014,63073.16538149096
14015,54005.230394130165
14016,9376.86048853152
14017,172708.71588681522
14018,93680.94062365661
14019,138393.6387067189
14020,135410.63280568176
14021,3551.498745117266
14022,17824.004457306262
14023,57693.67903088629
14024,73068.263313544
14025,45669.53313327778
14026,207765.30632156396
14027,52150.60961335134
14028,52270.25408178802
14029,29069.12659875344
14030,10907.298937459489
14031,10293.139963344636
14032,97926.34869807049
14033,100112.11780644822
14034,100872.94967156091
14035,54524.94424423898
14036,4602.302631602468
14037,54431.5030158955
14038,5628.107421545099
14039,64998.530295009194
14040,46498.40515964591
14041,40795.65251770316
14042,23421.174946913066
14043,42302.503649588405
14044,44833.14115747192
14045,71708.26815957633
14046,13868.352499234501
14047,41742.11476318458
14048,172557.7040080496
14049,45529.97303507851
14050,74719.10442719386
14051,47447.16723096189
14052,33799.86042190466
14053,5239.204317828032
14054,24943.909383249968
14055,43821.12688598618
14056,4409.76649472696
14057,59147.97221949663
14058,58679.90289954406
14059,46142.8496327926
14060,64484.12198259404
14061,47346.03155136877
14062,47132.83001178954
14063,21844.454191028264
14064,59871.676236304746
14065,25981.542593564078
14066,45113.09067973929
14067,35819.84215713278
14068,5266.717127656345
14069,28730.786724304246
14070,39242.03834522225
14071,31103.71160130616
14072,61781.60229620525
14073,7527.046672129882
14074,39409.50172557239
14075,50523.29748910027
14076,3282.252566727124
14077,27475.37118355363
14078,110423.32579814825
14079,57294.814933722475
14080,15482.033620722012
14081,3780.86290401746
14082,47966.63935489632
14083,29684.32298348815
14084,53486.7562954914
14085,56966.88872221082
14086,1517.4878636377596
14087,88745.32584157876
14088,20394.358655146327
14089,43227.377233741376
14090,70793.9702452532
14091,39617.46322270124
14092,6642.524220576802
14093,44294.04549296525
14094,42837.8278004851
14095,25550.676235870724
14096,93823.65401433915
14097,31341.040836802415
14098,42761.00700900047
14099,12712.628404883406
14100,92212.59148479722
14101,25393.361055106485
14102,65028.30817650231
14103,39895.28438171268
14104,125546.09481623728
14105,62851.04411527807
14106,150795.81851805505
14107,3844.8371041105133
14108,86765.48360351157
14109,56912.02868567403
14110,45442.08747671665
14111,106684.55034912429
14112,24995.397909427185
14113,72300.23302085554
14114,228026.27706023701
14115,17507.551523952567
14116,55130.09109732169
14117,72936.03121362577
14118,77200.86936976222
14119,109952.40661378177
14120,126047.75607178004
14121,7322.657272248171
14122,65041.51388607963
14123,100101.43060756617
14124,4684.404688246409
14125,5174.04996958246
14126,11685.298343348519
14127,36824.039788353744
14128,2740.343093516376
14129,2565.9567585503396
14130,175326.26354020264
14131,51817.26179347799
14132,89554.97620418086
14133,112775.95035902636
14134,38863.29327869969
14135,42631.43577510348
14136,83408.8489554209
14137,12738.895048362
14138,61004.56501005578
14139,37358.18629655071
14140,48123.80153918762
14141,143625.44329201514
14142,6385.000061718594
14143,51551.30592604315
14144,244331.9975771399
14145,48064.03448593393
14146,90382.46241121163
14147,19526.56542059116
14148,29139.736853270224
14149,126948.98066180883
14150,42410.1428202868
14151,27832.502430977696
14152,57828.05609050062
14153,57279.24358216293
14154,49204.10087672244
14155,49321.02139601311
14156,47116.42420238189
14157,47888.71780536582
14158,41978.71679387017
14159,7576.142933158373
14160,22526.99009033935
14161,4421.981807220874
14162,6711.086887345914
14163,32704.576197179453
14164,43723.18690670361
14165,14177.806358460191
14166,82020.18865892681
14167,36842.95996790011
14168,274468.08565113775
14169,126585.55098934432
14170,63348.9030543242
14171,92923.86884334347
14172,40662.501837514
14173,23330.444279696552
14174,60060.69987700065
14175,47353.0642659484
14176,193617.95306028027
14177,104295.0905928276
14178,46350.104214585735
14179,45080.40652792505
14180,22127.442079100445
14181,54289.71059585216
14182,75256.99883346845
14183,165879.69940102895
14184,39110.82924590286
14185,35304.31482302384
14186,14707.064948859472
14187,23147.57298074865
14188,45016.443100477
14189,25058.131197529547
14190,19005.827368136714
14191,84104.96876934578
14192,39813.29541861617
14193,29567.965364885316
14194,58922.85502446543
14195,106808.07731158535
14196,188867.9239209814
14197,63434.65441474789
14198,46622.5653329164
14199,114393.21122961861
14200,45183.02214457243
14201,68535.43082596941
14202,237827.9839506171
14203,11571.560689573853
14204,8033.45227256234
14205,73774.57664697227
14206,138628.23921181844
14207,100482.65155857746
14208,58289.43540965173
14209,34479.174408913765
14210,44711.97529660436
14211,5457.840931535843
14212,45589.77332405684
14213,37742.20913548752
14214,215067.79955717231
14215,35743.55913816697
14216,49075.89508919112
14217,18151.328256697147
14218,4104.604680604406
14219,209864.99898399564
14220,86319.08859075392
14221,82997.85121236375
14222,77147.19939510927
14223,41497.53971025408
14224,32063.46441947286
14225,5221.933307782146
14226,13238.282635256259
14227,21086.89245123179
14228,1493.1940917906632
14229,19859.899533247186
14230,9458.43218446909
14231,33774.92312680546
14232,43066.17057744264
14233,45158.01298978275
14234,72743.25090828635
14235,13880.31262867747
14236,31871.42934421531
14237,49154.28476878514
14238,31026.905465808504
14239,1079.0501753572598
14240,47558.27385878819
14241,28762.75679928618
14242,43926.03433120578
14243,32604.32628217295
14244,91089.90444364285
14245,4847.058830786051
14246,35124.24417618512
14247,52692.78040923632
14248,45163.48933148089
14249,94325.34842030283
14250,16880.964928856607
14251,164003.77606890255
14252,154866.85622009743
14253,87894.7824939412
14254,78613.71895473
14255,32511.165224813507
14256,235407.95029145395
14257,54038.279217345276
14258,40028.733159876945
14259,75799.23570147222
14260,42752.38616956451
14261,13855.389490451757
14262,86911.61990523964
14263,51837.22219418802
14264,8546.577730718745
14265,35496.99378335301
14266,72809.85568572734
14267,12599.736580532419
14268,195854.69964209766
14269,281963.2399111114
14270,26780.919184219
14271,46963.2845055912
14272,15179.203302910462
14273,11822.819260487155
14274,46598.00179352689
14275,35258.06276038072
14276,64736.36069527254
14277,42639.07913111538
14278,16420.212089741854
14279,59201.135391680305
14280,79978.41123590295
14281,136794.67955931646
14282,89490.4872709323
14283,48096.95910691394
14284,196518.89994900033
14285,51168.59018434032
14286,20599.625442652057
14287,43835.159367988046
14288,86573.9755469117
14289,58961.386391183696
14290,41721.26464394694
14291,24053.84943882921
14292,30875.05086983751
14293,8414.565219475846
14294,78678.85240456846
14295,49649.75542287436
14296,67641.55755304676
14297,85686.80587407702
14298,73757.61427510592
14299,7559.396129686479
14300,39016.5988840229
14301,68611.29953277366
14302,125303.95933715334
14303,54971.510255018795
14304,39246.0265864401
14305,116647.90290874608
14306,18404.610456945644
14307,33654.216524829026
14308,16310.362299525874
14309,47654.5389066026
14310,122436.19501492883
14311,35904.12081334272
14312,41144.942800009514
14313,7374.930061948375
14314,42824.64544490273
14315,72292.0068861481
14316,58241.905650075154
14317,4591.66590567275
14318,218862.87437266496
14319,17394.23359890345
14320,11083.005384138236
14321,43316.89392839263
14322,185445.27263610286
14323,54919.05172348506
14324,48984.89397574193
14325,43438.20593143866
14326,112666.20001356698
14327,19202.502324768135
14328,76889.54712456359
14329,14224.177681860914
14330,128704.15415348535
14331,86200.76569442044
14332,57135.59993071953
14333,23717.040760313303
14334,68057.16826358788
14335,20979.846287141183
14336,43225.92961442571
14337,36066.095229979896
14338,45442.96940083452
14339,94003.41687778011
14340,94743.65088647322
14341,30693.10510444801
14342,8498.908039991065
14343,8488.164308611576
14344,53711.2812110543
14345,79113.86484021327
14346,11311.039535287997
14347,78505.58616220696
14348,47147.283080005
14349,7902.981488260745
14350,166697.1510810449
14351,40305.51243698576
14352,70384.12223161127
14353,55891.90264439881
14354,18735.227267502403
14355,90868.78441862289
14356,49123.72866082945
14357,176487.90897969672
14358,70528.04813084194
14359,14541.898873315398
14360,8788.5610049008
14361,125903.0286335755
14362,2731.6066563054455
14363,34411.5090918555
14364,41889.82090190124
14365,75336.11613446836
14366,172051.86240508308
14367,39358.33512971958
14368,112469.86752693121
14369,71643.60929707775
14370,104681.7466065878
14371,12110.84267334709
14372,5343.542609120338
14373,120269.31703976229
14374,78831.26555031659
14375,23322.632494173038
14376,50039.04802200781
14377,13244.69968852264
14378,34185.2554975101
14379,14362.3109552472
14380,38019.53250481519
14381,45940.27466793031
14382,55544.91412040588
14383,43499.71333513414
14384,43534.710424578516
14385,4881.829858440714
14386,6586.300556694107
14387,39915.4587401148
14388,35205.80045495515
14389,63550.82252203583
14390,72115.70594177318
14391,144187.4409768466
14392,28496.238128131805
14393,138564.67765818725
14394,31165.256589678476
14395,158625.38013762495
14396,38106.68542673021
14397,47657.354296492274
14398,68679.44514877199
14399,71832.94969931041
14400,34323.403143859425
14401,85703.32869347435
14402,10063.644485865967
14403,90549.62227084991
14404,50729.799100473436
14405,43058.90025210631
14406,36286.20562825372
14407,174907.7840217456
14408,45764.854660361045
14409,43920.00518036877
14410,38846.88513390047
14411,34228.76573399404
14412,67212.31813141891
14413,6321.094097171307
14414,9053.108842895736
14415,69251.46746460389
14416,121284.99883744381
14417,37286.74143208816
14418,133293.08735301907
14419,44959.09080764402
14420,84014.24852194588
14421,46899.336670573895
14422,148941.62386484316
14423,146407.8333881351
14424,25743.881696944947
14425,42833.79509658535
14426,86264.49821884322
14427,20817.76794247327
14428,147219.67155158368
14429,137552.58103414468
14430,14795.143853032325
14431,149253.5249442118
14432,38062.606090389454
14433,51831.07357717719
14434,65394.36820498327
14435,43797.63429275957
14436,14557.259910610292
14437,109889.01999746085
14438,49368.04588837441
14439,34604.49101501
14440,127412.89553682342
14441,84241.2767205517
14442,35384.326976137294
14443,67402.07991700705
14444,21852.355110594533
14445,66182.64182817942
14446,46709.64134772855
14447,37928.36395927597
14448,161868.52501190314
14449,80808.30102959492
14450,40633.09200959921
14451,111062.00231688168
14452,24019.48952047186
14453,10197.0062546199
14454,75685.96093748258
14455,109045.02032341424
14456,22830.764573093515
14457,42459.89123970234
14458,38553.311687106216
14459,10305.636126223544
14460,24297.162793206287
14461,91369.98305101067
14462,111613.870930927
14463,63145.69552926769
14464,59510.06515506358
14465,14694.189968315606
14466,236054.98526208516
14467,51615.33186237097
14468,53337.70181752671
14469,118262.58867389632
14470,57376.73152677275
14471,37865.587295097066
14472,11841.191523861045
14473,15111.32348327275
14474,37308.38290791744
14475,1562.705178098301
14476,31832.274288860408
14477,42791.94440051143
14478,39070.22166972818
14479,44207.82673023974
14480,5197.82082743253
14481,52465.184475715185
14482,14696.962031079494
14483,51238.23765549955
14484,100925.06459422452
14485,72124.07383383125
14486,59121.83849336105
14487,61142.396707296524
14488,192181.74987013335
14489,80328.03141406356
14490,51132.20205990999
14491,46482.87116009316
14492,51683.14454407432
14493,46158.21736922795
14494,36876.84073566355
14495,12631.841759268247
14496,47813.71224395936
14497,160871.4774955374
14498,39205.99986918632
14499,54121.812468350705
14500,35794.776428966434
14501,87194.35232727234
14502,54781.27021924108
14503,8723.138908967332
14504,1530.989742525098
14505,17739.38251127561
14506,56114.63380725736
14507,42398.95364215846
14508,9931.460178163543
14509,90835.45731946905
14510,18266.747408947624
14511,19138.120939253673
14512,37068.88406930384
14513,18812.645321034874
14514,52757.8794421488
14515,2196.594848650713
14516,84359.1129446789
14517,34148.34005790635
14518,55598.334205884465
14519,49100.86869573215
14520,40022.92258372004
14521,102189.99351894179
14522,56002.75302533605
14523,45375.723482854184
14524,174571.2843911363
14525,128459.8619508274
14526,7726.982330736941
14527,32822.5192161386
14528,118230.25757812327
14529,7173.237357160509
14530,5214.84632223404
14531,44294.43070605028
14532,24904.191775408202
14533,17411.19732375183
14534,78862.55188704254
14535,191857.20665983422
14536,186282.63595657697
14537,51361.80079824758
14538,48927.96407589104
14539,69462.30949592675
14540,47918.48995177256
14541,85235.05939707537
14542,82036.15514061869
14543,45006.40176522421
14544,52079.784924586515
14545,50615.57857738798
14546,51749.21406651942
14547,44526.9856038791
14548,41597.703680893705
14549,32000.15036975724
14550,14958.401196251472
14551,25146.249488947626
14552,100977.96707960949
14553,49507.72127087086
14554,31864.69834372059
14555,139433.85498279615
14556,87536.83500707793
14557,58257.31677819397
14558,71901.31612189324
14559,63685.85947124419
14560,61997.763304783446
14561,3765.234147042045
14562,100797.57400138013
14563,35871.73235120885
14564,23083.095425481588
14565,2984.7180494258264
14566,34330.33298350307
14567,15339.482860994769
14568,65593.37075347442
14569,47096.19474040157
14570,5209.592850370619
14571,69672.51829941927
14572,5581.418427652006
14573,44627.607981128975
14574,175482.30296347098
14575,194886.76380904237
14576,56976.08274436968
14577,66796.4801722298
14578,35332.41744099835
14579,30031.369039537683
14580,20365.9701669949
14581,148630.17365064475
14582,27174.16809621155
14583,44704.641879436036
14584,68564.83844177006
14585,226889.22747755292
14586,50693.565683469315
14587,18181.4603225046
14588,99340.22029745986
14589,45849.435314928895
14590,43809.23614979309
14591,10770.964962858712
14592,26328.519894415465
14593,52128.13832169284
14594,3631.729394065835
14595,47855.02989764132
14596,29981.512760586527
14597,43135.20765994064
14598,39986.23935908347
14599,13824.342252702643
14600,35134.60264776365
14601,4969.86760036775
14602,71120.43182986473
14603,38139.03247410956
14604,45730.374081291164
14605,43686.290741874094
14606,167711.90065329726
14607,39503.25209932683
14608,32660.849824004494
14609,28698.75997153219
14610,11318.18247067572
14611,46684.370022593444
14612,38222.67599024209
14613,48220.99493405016
14614,128595.33587237042
14615,62233.97178977737
14616,3497.7579211830644
14617,51265.986750571676
14618,50893.389785433894
14619,72924.23140013574
14620,157681.532208969
14621,29616.70506690788
14622,61503.37004544722
14623,85161.93012457123
14624,26461.48400848118
14625,38557.59513255741
14626,42402.911921494175
14627,61876.82635100693
14628,156413.01914421268
14629,170416.5501419187
14630,60599.4020510085
14631,29697.99096753663
14632,59601.43484328107
14633,25574.5902066995
14634,43719.73807288105
14635,38392.264718512924
14636,48935.63568554894
14637,46359.70815955191
14638,32587.282154736422
14639,44508.291927381135
14640,79775.45832421062
14641,46316.29273876543
14642,50639.693324292326
14643,17516.315657662086
14644,58268.480520040604
14645,12233.468949885975
14646,70116.0824915711
14647,21951.723461440313
14648,8616.15947538288
14649,84917.10157589577
14650,89410.57825489438
14651,14873.464987917036
14652,180159.5720056309
14653,3233.5064398463865
14654,58502.166260099075
14655,14362.473098516779
14656,111978.80737605742
14657,36424.246612703195
14658,61471.65012692665
14659,76097.04028870344
14660,58083.371332546325
14661,6272.962929868279
14662,18042.07642650372
14663,40661.15053992996
14664,55600.101322081864
14665,2208.5648333504373
14666,42348.18810851427
14667,44966.76924780995
14668,139639.5748612175
14669,33891.17112729698
14670,81033.72689617376
14671,68909.629179738
14672,162777.5059763049
14673,41033.09357953653
14674,44507.17679680458
14675,104424.40954390052
14676,29461.310847711007
14677,212939.7308012744
14678,88686.85447549232
14679,29666.921078113613
14680,3946.5725881516996
14681,2910.1988574581255
14682,81115.46527444967
14683,39135.067017061716
14684,16666.009197414707
14685,67283.96130527463
14686,75580.37662172735
14687,34907.50192260372
14688,15868.8283476996
14689,65674.02215154139
14690,162898.26525770346
14691,26730.036091990714
14692,238191.8312624279
14693,36984.783489224516
14694,51462.068698821626
14695,31878.107425552225
14696,62848.09747922395
14697,23568.044833646458
14698,90159.15308134674
14699,45639.03466074916
14700,116457.53430268852
14701,61090.0200721285
14702,54933.70413102265
14703,173741.24599516657
14704,40954.79019054356
14705,76934.84118030404
14706,4323.54505638075
14707,2579.0197738297834
14708,179115.94136568354
14709,36311.356933990646
14710,52333.9277682495
14711,4447.760015574482
14712,26168.13673552212
14713,47119.62747643934
14714,43703.969601610625
14715,30120.89066320245
14716,55873.156715277124
14717,60344.77380605863
14718,27169.243496440005
14719,37545.55025194427
14720,195885.39492253948
14721,73866.86796862405
14722,5131.9208258737735
14723,46434.047981696436
14724,99505.13868782218
14725,54098.967584694445
14726,42508.68718907814
14727,75412.99740184189
14728,41032.04394372909
14729,38566.670061551216
14730,141756.75099228055
14731,87189.18595841086
14732,154098.493759922
14733,1301.0841207958156
14734,37409.90275148235
14735,178876.3994179494
14736,66637.61636853451
14737,60771.69736216673
14738,16465.19278189722
14739,7051.986912923601
14740,41746.77831564427
14741,63021.631255005515
14742,6217.254707167684
14743,79837.34658531663
14744,131527.03126986604
14745,161740.80240436541
14746,11759.947486371888
14747,65202.627327744536
14748,37604.70770225163
14749,34761.9844598725
14750,55518.685296286225
14751,37581.888522694695
14752,53002.4552219153
14753,33725.10205729737
14754,101006.97930580807
14755,67402.54644765813
14756,13471.459763601217
14757,37431.86169376194
14758,40901.16373349469
14759,37704.4064274713
14760,10371.469072093843
14761,46446.63621289842
14762,38212.31622576215
14763,9805.048334989848
14764,51848.795078884774
14765,33396.48078837025
14766,1314.5162538787804
14767,19316.233051052022
14768,6717.808844345956
14769,42938.98849819783
14770,20123.082884181782
14771,60321.10814508813
14772,42360.51234485904
14773,210190.77075054214
14774,197360.8909094495
14775,47806.9934400313
14776,17444.773235737233
14777,49240.16832577996
14778,67709.24769120796
14779,42240.94758330097
14780,32764.506520967007
14781,92322.79025352854
14782,112675.00160542228
14783,42639.2296126937
14784,84376.55729269644
14785,47822.52726336505
14786,57042.88237064843
14787,165395.2226769128
14788,139248.88235903397
14789,74605.61591934379
14790,154581.52787270077
14791,27029.35005438344
14792,37578.67819108348
14793,77805.03537977359
14794,60441.42878166362
14795,6758.386354760159
14796,81746.56172100402
14797,30792.089898444458
14798,24742.30911024427
14799,26157.005565331438
14800,18881.491706419056
14801,54149.20183083138
14802,35355.78101845019
14803,40770.29709817145
14804,52232.5707990439
14805,65393.32911283527
14806,32060.856648769986
14807,96766.31898589153
14808,12759.76354704983
14809,9081.504303285501
14810,46256.60890266342
14811,40211.65357623819
14812,14100.817431352354
14813,120144.68525586258
14814,146369.91933585843
14815,103732.07923154345
14816,54727.614159934135
14817,170536.34182931122
14818,12399.21108787227
14819,48045.124160674764
14820,145530.02029643205
14821,66512.69500837826
14822,91790.67761221633
14823,44792.573779361956
14824,46661.174416223024
14825,8613.997241815858
14826,160427.87887505695
14827,11536.742594922549
14828,121733.02335893533
14829,45417.19523047924
14830,105832.86611126737
14831,85041.6863722257
14832,21689.1542962796
14833,5886.850155045384
14834,50706.218534803345
14835,72698.48555676585
14836,27205.47028059536
14837,4531.7998847322915
14838,187671.21040770266
14839,2973.1233208667336
14840,48780.76206417763
14841,35268.38978067413
14842,32437.649070114836
14843,32374.635017835848
14844,40852.928929573
14845,80281.03722755183
14846,98306.59305911197
14847,36714.69515294259
14848,39810.86944953175
14849,81225.58728957082
14850,17151.121562776214
14851,54974.86954632922
14852,79069.02091795176
14853,21951.667815049444
14854,43198.62932816977
14855,4548.473054028859
14856,58977.8056364126
14857,30170.726980764648
14858,89006.22539841385
14859,180944.48715054995
14860,37739.39016573454
14861,2308.1675064973288
14862,56951.11252884176
14863,75988.12144095975
14864,135255.6342887822
14865,42183.144517208966
14866,46121.8930216845
14867,70589.92310633804
14868,3417.912271373363
14869,86322.10693044384
14870,21577.066472271443
14871,65385.07499590983
14872,48386.626176830454
14873,2284.88144955375
14874,42452.21978888614
14875,65498.14656014281
14876,91961.93972133771
14877,21307.06259606933
14878,17158.80880861052
14879,13303.280850276522
14880,52769.380424912546
14881,76943.6210357
14882,50967.519022869776
14883,141431.27672013652
14884,32704.058144936986
14885,40812.00302525102
14886,37792.50731776013
14887,13976.30959405772
14888,15893.03144517485
14889,6541.555623235784
14890,6072.542201997896
14891,41691.8930442966
14892,47137.459221870726
14893,88967.8170077343
14894,53298.34633156756
14895,64646.250641964754
14896,39857.77341208061
14897,40984.00896430754
14898,150976.206094026
14899,41447.67323983586
14900,80246.61055037615
14901,32694.78052753757
14902,19142.09927652476
14903,52739.34031358093
14904,9828.350636389627
14905,58202.66291045111
14906,73460.57082965657
14907,27665.28614527154
14908,54190.08131238232
14909,122146.44241528893
14910,67990.31434640494
14911,16272.662102953234
14912,5875.792955622167
14913,45108.82827891999
14914,21040.801646251424
14915,41396.51595793421
14916,90060.33834769197
14917,155572.21967659114
14918,35493.845284146584
14919,124600.396233792
14920,3901.858230125792
14921,18147.043316252308
14922,67886.80130993164
14923,73996.75346861227
14924,238861.20085448184
14925,132362.48509996172
14926,38664.72062470868
14927,101256.8059073734
14928,11525.325262979126
14929,121499.26660017691
14930,23360.614775719707
14931,174345.12848281188
14932,127997.65383270726
14933,42622.67453549274
14934,3293.669343305815
14935,50284.21601612024
14936,47523.164384845906
14937,73455.73019023871
14938,21912.46428298401
14939,37526.18374288335
14940,146866.9027422051
14941,36661.80998592226
14942,109376.51039750087
14943,8928.733234339908
14944,20287.681860321867
14945,89878.58526482218
14946,78531.77103261204
14947,5255.986586968827
14948,30101.927757905458
14949,188728.508445036
14950,62392.928034237564
14951,36387.08714502544
14952,42530.20706724133
14953,66076.3115928702
14954,52524.30577049365
14955,82782.95100809445
14956,75768.31193955541
14957,3342.2320438012703
14958,58268.31025501295
14959,35313.258870916026
14960,63134.09584155735
14961,14203.19603057941
14962,38301.70387812045
14963,39976.312148370445
14964,103484.36137249961
14965,7606.873701224842
14966,33369.79875971865
14967,180718.04486271512
14968,13575.38802942003
14969,81004.14054584672
14970,78025.58740924936
14971,7470.347245915829
14972,98520.31941918204
14973,45695.22775786781
14974,59127.455512219836
14975,3788.0890727815145
14976,78096.99401580545
14977,36754.54833981331
14978,148345.01229340685
14979,32833.1055921562
14980,23277.725699374336
14981,58103.01851420666
14982,69695.60455533305
14983,24874.93143996067
14984,52907.432205478915
14985,3539.116595288296
14986,57945.13621050154
14987,36232.311363525034
14988,53800.85557974134
14989,83902.99282020787
14990,26679.610797375604
14991,213324.0108453857
14992,25158.54506919701
14993,35912.87141424392
14994,40457.99799335344
14995,76079.01933011397
14996,1192.0929260354883
14997,2182.745656131449
14998,11508.08349558872
14999,15623.855617750774
15000,27808.490389912502
15001,83021.30635495561
15002,148362.382152027
15003,2783.925415236748
15004,75773.95816228703
15005,57890.912550585315
15006,39277.72881144824
15007,17192.972132353403
15008,67172.09850989371
15009,12799.713626844887
15010,9651.587164032759
15011,41812.811719587655
15012,44857.226928734504
15013,193130.99295296668
15014,33319.04877817733
15015,102484.00262682194
15016,151720.73048152207
15017,61963.468797334695
15018,46753.16099510139
15019,30484.42510461372
15020,41405.10674880745
15021,60766.92440152069
15022,102886.25474507375
15023,176726.85823431352
15024,40907.6139915471
15025,138444.06956020088
15026,81799.08011549775
15027,37315.55599379982
15028,16338.271040342825
15029,61016.75667172115
15030,174860.13354324404
15031,62387.81840122134
15032,69022.64224376764
15033,43219.12954737753
15034,38026.47644133373
15035,82983.47217581626
15036,59431.86684118543
15037,38654.408527587504
15038,75729.11494484461
15039,2519.03466995009
15040,47783.55829697543
15041,201925.40240029528
15042,169987.17428379052
15043,5496.768728433335
15044,4228.10090221688
15045,27388.31423544095
15046,36999.108624762666
15047,1646.5792236711557
15048,236633.49898218177
15049,50714.045162552444
15050,2634.9384006360956
15051,57378.517505139025
15052,87869.36924070923
15053,42531.3103384025
15054,7585.759988741865
15055,37787.97708843205
15056,84300.11143856542
15057,176050.76021745935
15058,16719.543450580488
15059,4796.744243216919
15060,74258.57397480751
15061,42883.451129898174
15062,13931.462664235514
15063,14606.651418119905
15064,58030.7139749953
15065,44971.94115644668
15066,112785.43892258155
15067,65077.67175690049
15068,50389.791215529665
15069,46701.65844332819
15070,53653.97284150659
15071,27880.530382166446
15072,85823.55673961497
15073,40474.882174780665
15074,71448.64426944389
15075,55090.76368487431
15076,171399.30331292987
15077,222511.811633974
15078,30240.199302751433
15079,65462.53865528507
15080,3680.737100342244
15081,62791.22755893828
15082,146046.46342916889
15083,48496.07887331994
15084,5756.655503765603
15085,11920.153310965694
15086,9262.930665038686
15087,85583.56826118975
15088,7268.051021617004
15089,276648.99439302454
15090,43499.7673963344
15091,47013.588632596475
15092,96341.13383758665
15093,34274.724162694925
15094,103805.01622699502
15095,17555.352049029378
15096,34469.653581237464
15097,34594.80531142253
15098,219307.49708436313
15099,25054.125970141744
15100,5327.093389399434
15101,69720.20507111521
15102,82970.29425262257
15103,11085.722559248861
15104,182669.8781071844
15105,8137.342790168661
15106,50668.15896106399
15107,87848.38843602702
15108,98329.59885234215
15109,43123.855806968204
15110,60121.38265320823
15111,34207.806838421755
15112,27666.980078188586
15113,77180.48145509664
15114,10767.71653567967
15115,27005.204603214243
15116,46956.05042277234
15117,68486.95122918187
15118,4632.991104336634
15119,27775.408312668682
15120,104368.02900737239
15121,43490.12617081106
15122,52116.37135655719
15123,65097.69711886774
15124,62493.95178549584
15125,56579.854191135964
15126,40117.32320625323
15127,50929.153744436284
15128,18769.442305424487
15129,64989.45078738093
15130,46707.975777321655
15131,39924.02487916222
15132,34512.62711415647
15133,22841.781192712024
15134,238222.9528434718
15135,1774.2542232516614
15136,44899.25494683267
15137,100836.67890507904
15138,33511.033648012024
15139,61361.90688520503
15140,64528.50150985435
15141,57944.70175300417
15142,34110.73657699219
15143,18263.31667899621
15144,37586.9356452105
15145,11632.513097012748
15146,58326.6277193752
15147,29034.526868919762
15148,7212.31632859751
15149,47462.601676751554
15150,155536.71802336385
15151,50808.76048030502
15152,3705.682590195634
15153,50986.17924423189
15154,120255.74576846007
15155,41585.36486552958
15156,60632.91789682437
15157,61494.30428735533
15158,71723.60304472239
15159,5608.419665934644
15160,31529.86408032532
15161,71493.33664308232
15162,2468.655585062793
15163,61023.153783749956
15164,52516.22416082679
15165,43121.56621082313
15166,10079.82940009629
15167,46557.65144665815
15168,10729.357043257356
15169,31523.931722001842
15170,29673.906290806037
15171,69414.52903869316
15172,38562.11455689226
15173,34978.68059942047
15174,13808.748588119495
15175,77985.66966680613
15176,5044.453371278014
15177,141605.56051812047
15178,12514.77319165286
15179,48813.3372744509
15180,32123.57292317625
15181,60641.82734775953
15182,48530.350839481485
15183,133944.61181737922
15184,61478.019531004924
15185,108656.8497308353
15186,40964.72726140087
15187,26296.82869865387
15188,68744.35080098332
15189,49939.532624847154
15190,5719.249926686646
15191,6436.4870193973975
15192,39766.1447507633
15193,114133.57575151352
15194,44725.133208950734
15195,49824.7546247831
15196,39148.00728502413
15197,66276.65947877622
15198,86684.45696422902
15199,90638.674876552
15200,23620.154155700617
15201,140724.44267623682
15202,52398.063880650414
15203,73573.18523879135
15204,88172.35529753557
15205,49568.90581683057
15206,39932.15029548864
15207,6095.963482438043
15208,64419.122485190266
15209,81258.41186621622
15210,55206.864200087926
15211,61628.9939100324
15212,14801.988178016945
15213,45672.832810406006
15214,57930.00435719791
15215,40298.33628713353
15216,34982.86755472979
15217,25243.51853132288
15218,35471.11350276679
15219,222099.3232472151
15220,201413.50765730624
15221,39431.17898870432
15222,6782.539261752071
15223,58556.122239316435
15224,46679.49587174038
15225,43482.68783961443
15226,27033.901579940008
15227,76587.34138316949
15228,193544.90289185854
15229,9026.720415867623
15230,64863.34522686039
15231,49214.14799190261
15232,96125.58806818769
15233,40720.93139318825
15234,43989.71305536044
15235,75357.8582397797
15236,86981.07741482338
15237,101579.76878296776
15238,39405.63469162456
15239,8597.722923621739
15240,34577.774749083044
15241,101562.21503527342
15242,10286.270661370048
15243,22497.19214640094
15244,41257.94503387433
15245,45310.05068166597
15246,99604.94141075916
15247,4828.611945091357
15248,42030.002597638406
15249,44248.816679601616
15250,35201.87817775926
15251,29072.788100248134
15252,41422.0524182575
15253,55734.83457629326
15254,51741.98163595834
15255,4509.49166954128
15256,10355.040416951802
15257,40547.89672624606
15258,2316.6808927916436
15259,3734.8007434571455
15260,5138.473768885559
15261,23728.532354129824
15262,43809.914940462106
15263,67903.75630433341
15264,55238.39773952907
15265,63257.91011786278
15266,40857.98122700772
15267,6170.729315190967
15268,30706.843470992175
15269,51476.25606912105
15270,127514.56614552593
15271,50902.81962060198
15272,34800.89707950436
15273,90936.64203087095
15274,40907.73369140165
15275,50754.81674083766
15276,44009.92426001331
15277,41734.4947242019
15278,4713.879081954273
15279,122107.13196083289
15280,7345.087811375635
15281,106044.68454088156
15282,57121.049469597914
15283,97183.58864122623
15284,136810.12798177576
15285,7578.74495116455
15286,49696.98279178233
15287,217938.16735847914
15288,8077.849610284667
15289,87709.22241719133
15290,135822.19578941682
15291,44786.96600181144
15292,110244.58937084598
15293,78433.4854171265
15294,1199.8230697494835
15295,7535.643987314079
15296,65631.86619782905
15297,56589.60077082476
15298,13705.600444600293
15299,52158.036113833856
15300,41624.71784788619
15301,3795.3019242539135
15302,186467.18191648618
15303,123358.02306865744
15304,45761.2967821398
15305,24295.280166202047
15306,48246.99829293006
15307,71457.94236145783
15308,41301.56184955459
15309,24839.80875085521
15310,57359.43492623234
15311,34810.90083418444
15312,49292.50585557187
15313,32262.242948330717
15314,129631.52798245162
15315,100730.76586796228
15316,214897.11283568112
15317,81302.78868378441
15318,18538.44146191245
15319,99878.12495510501
15320,4829.5094040462245
15321,51958.44435342414
15322,24585.007707750956
15323,34637.56710855487
15324,59716.90621781399
15325,53895.33678953435
15326,100203.05191027049
15327,52278.516782855055
15328,96943.7013966932
15329,85574.07812580564
15330,23791.549155701512
15331,33625.15623660513
15332,40632.08624878678
15333,27280.349612253547
15334,116652.32005367345
15335,85719.56040718018
15336,47697.37059115194
15337,33320.41112034985
15338,44641.49322881716
15339,51712.16367457636
15340,89332.24520621383
15341,51456.255599487435
15342,36194.940033547085
15343,4875.935415072784
15344,51007.12169846301
15345,6175.953400249457
15346,32233.95506076308
15347,55900.66957848079
15348,21655.58828532657
15349,66029.10613956285
15350,14270.256789654435
15351,165519.3999757284
15352,59444.10504219046
15353,37349.56581890424
15354,3783.941014290936
15355,112362.49012401335
15356,2739.991248456929
15357,33279.11991156934
15358,31907.0588076132
15359,49826.7879229418
15360,41816.506369271796
15361,14497.995031239756
15362,38718.70845006406
15363,39864.82242412991
15364,4129.097173094333
15365,42273.19474111636
15366,65545.89856798164
15367,53316.74083684436
15368,22395.189923786667
15369,67742.98424255392
15370,16260.894039064779
15371,2201.417880726903
15372,2249.684054451101
15373,103705.24628483468
15374,8466.40364747811
15375,50412.51480955513
15376,31456.260255955494
15377,2296.3129253968464
15378,127497.176845605
15379,219468.43071905323
15380,53470.71018565067
15381,44624.365187607924
15382,16677.914940624618
15383,61261.15320316879
15384,43522.96074900173
15385,30349.021683146435
15386,75454.17530155357
15387,68077.58432959933
15388,65488.60310220233
15389,200725.14791678055
15390,51021.787707430216
15391,149066.90455851768
15392,94190.4666695802
15393,49064.31112635735
15394,186385.65408685745
15395,73054.57159997686
15396,36773.38724352652
15397,183454.1671544144
15398,99492.41430616404
15399,2964.511127859477
15400,79247.00680602563
15401,35381.79605088414
15402,125554.17146610098
15403,14480.10260922578
15404,43978.085076153664
15405,19122.57017154189
15406,128726.55488055143
15407,14405.927435611973
15408,48709.09919113107
15409,60133.266337348214
15410,31516.41499232502
15411,33768.891781869155
15412,79482.62985286285
15413,1224.5509610777926
15414,40601.073189030605
15415,67241.7874690172
15416,28316.971865665113
15417,11798.063036808575
15418,10981.29405510241
15419,216690.02434160645
15420,13129.13902153478
15421,48158.29992155569
15422,11013.527648337036
15423,32893.545218994375
15424,34504.634245107576
15425,187081.34262933882
15426,55153.0363288776
15427,25393.363291578797
15428,53514.80707259454
15429,75855.40226339009
15430,60903.32710430555
15431,51825.49523730542
15432,11244.223076252189
15433,42302.21731200226
15434,42232.131606706265
15435,28639.653746052347
15436,120330.59825866696
15437,52522.5721402816
15438,47837.389128291354
15439,14765.805655519227
15440,5165.55526006347
15441,10214.344851066327
15442,4847.5546775960765
15443,3285.196350944131
15444,63178.875855767925
15445,30314.993858676808
15446,148746.67833019467
15447,46108.34871875839
15448,104949.34650371858
15449,51266.66210707438
15450,56096.048755671276
15451,22584.028405396344
15452,106843.67224132117
15453,36099.366450059795
15454,10004.022022885367
15455,68549.81824477474
15456,11521.24297858292
15457,23260.747180668594
15458,45223.60477824785
15459,100349.74974941512
15460,122595.3417224231
15461,128446.76005383817
15462,7452.488070098445
15463,68453.94958049535
15464,48987.634645573744
15465,11580.998679436381
15466,156833.38978930053
15467,1404.4388650743017
15468,20213.039654091528
15469,56826.44262933221
15470,4290.178489738001
15471,59465.96384947579
15472,37572.543866202934
15473,176148.83146359154
15474,3939.158270853954
15475,5740.992992235231
15476,10121.413604124873
15477,183983.22333774154
15478,24125.637341790978
15479,64282.01823769224
15480,31358.60028134287
15481,61024.37547393968
15482,112135.77618336568
15483,73060.00694041954
15484,19997.48825587079
15485,126851.47786136389
15486,38041.688679162515
15487,34206.52143602447
15488,50795.25273179642
15489,45393.09191573021
15490,152576.64716975737
15491,74282.03264119028
15492,45464.652019980356
15493,63513.13051457685
15494,110360.04595284179
15495,195014.07228984567
15496,40544.711399769076
15497,5269.800989131636
15498,34949.80138488234
15499,46968.689971880485
15500,128676.28414381918
15501,160550.21144963134
15502,55550.11693718896
15503,123817.31632668682
15504,10025.652620159724
15505,71060.41685928337
15506,70960.04497494469
15507,4819.957887267194
15508,81959.2033864909
15509,107396.59048056391
15510,164348.16906827543
15511,122042.34988118334
15512,182148.4048507392
15513,137999.1551937255
15514,6676.481625375829
15515,5538.445396676456
15516,32362.68821018864
15517,63325.09885336592
15518,67249.04612927642
15519,8504.627782981855
15520,2893.484952418103
15521,42734.40298296817
15522,110001.59694261583
15523,43581.192719701925
15524,52865.845598318054
15525,68710.07640184216
15526,180693.3085396353
15527,98817.57308463051
15528,31222.1731206897
15529,64465.02965081141
15530,36509.658313024185
15531,25819.657674162187
15532,133693.64165517408
15533,48486.14200612031
15534,31277.085454996643
15535,38468.72494550749
15536,62786.15281001685
15537,58953.42487766859
15538,42155.73333980896
15539,145131.64537861093
15540,65253.786147000515
15541,100550.86195961821
15542,40951.30314002135
15543,42372.234786331515
15544,52773.78115801054
15545,28010.963644613123
15546,110372.49767330842
15547,53374.59458709588
15548,30660.49105946752
15549,51972.1409603099
15550,116326.27364904573
15551,92480.40731792855
15552,43963.8374386047
15553,42605.60004006158
15554,99878.99208547032
15555,37267.44184083845
15556,54292.045609775065
15557,65854.13252575681
15558,72773.68642654498
15559,7970.174399769504
15560,18176.90701313351
15561,30245.680423887192
15562,62474.15546955798
15563,57051.315881798684
15564,38424.09579851273
15565,8065.286624470492
15566,49495.84779214512
15567,11787.726563712378
15568,63813.93540502162
15569,35661.14629047281
15570,43632.615244949186
15571,42410.234364719974
15572,41399.61340082153
15573,43579.99754873502
15574,9730.999389464534
15575,76874.88569387862
15576,22715.392038202546
15577,72735.47253531133
15578,83569.10204568654
15579,60315.73443239662
15580,99356.50019977587
15581,24053.272193719946
15582,12860.563049508275
15583,87006.93217326756
15584,3773.089282912731
15585,6171.389616553639
15586,44205.3127321354
15587,28569.833731230556
15588,115406.58764652927
15589,77511.43282688461
15590,55889.80093350057
15591,114471.09988934408
15592,20044.543773354817
15593,77163.82926975448
15594,17938.860020206903
15595,7516.466097846602
15596,63725.428652353155
15597,65547.97739447694
15598,106832.55341936885
15599,148710.4949276272
15600,29988.356054229003
15601,63098.02432331549
15602,46236.85201396615
15603,46691.209124802925
15604,50159.212523243325
15605,9613.868554410637
15606,70353.10776213763
15607,126846.7399505276
15608,17655.833020728245
15609,189073.32629770314
15610,30082.098029751047
15611,26693.537367277513
15612,37633.74973983835
15613,32654.873829686574
15614,68321.31428565565
15615,84872.59705220173
15616,12543.48868483842
15617,6145.537075841828
15618,127044.66089691482
15619,84447.70223016328
15620,21344.78206633839
15621,5054.620791983344
15622,124592.43951941574
15623,35793.38554785149
15624,36643.567665826246
15625,19795.44383086666
15626,59237.67474307625
15627,32619.988735905186
15628,54036.34066833965
15629,135555.0033509142
15630,53694.11290527716
15631,21445.96466196749
15632,21365.2807893344
15633,53980.48659261573
15634,38636.905359346674
15635,49966.0278942814
15636,13571.717047279011
15637,123903.34446656816
15638,5388.999845543285
15639,7929.151945503398
15640,103388.37196709383
15641,92591.05478248157
15642,44723.89841150405
15643,40264.290231253806
15644,37266.25468733887
15645,100394.16348903728
15646,41140.070742332144
15647,11705.642980317547
15648,17110.66874669575
15649,125024.88079837199
15650,31281.435423692274
15651,39812.274252690564
15652,59260.17840164767
15653,31547.792592787013
15654,12691.042394789825
15655,120698.83563441876
15656,133758.71799251772
15657,93168.96955110252
15658,54600.27159734526
15659,23491.27452693189
15660,89264.95716124254
15661,72831.982943687
15662,2420.5618887140945
15663,3278.3877994050035
15664,40412.79635076204
15665,133777.06539578518
15666,244546.65321483105
15667,3788.701528355494
15668,29293.894216521876
15669,102607.84529697595
15670,62131.21139980415
15671,30129.72140479624
15672,183323.63085754096
15673,59888.9019417787
15674,57730.003804253065
15675,37878.41263438718
15676,43406.485309161486
15677,110894.91749315539
15678,66775.67366158745
15679,69978.94632769117
15680,60139.36935743577
15681,58943.89613919547
15682,95002.10340341371
15683,85805.99780151529
15684,132173.7641761281
15685,46987.79026092409
15686,35398.92880151649
15687,170375.44002312748
15688,129587.66165558035
15689,105854.05924465398
15690,90566.89044993988
15691,27528.456669729632
15692,20357.377453131023
15693,10249.606790798221
15694,73812.28782131511
15695,102769.99595945918
15696,9721.153531215738
15697,125822.13812461194
15698,54712.39842644385
15699,164513.37948633407
15700,42952.04142959464
15701,74507.3631057809
15702,1196.1784234711379
15703,47420.99225414453
15704,70578.7061782834
15705,71400.41210751164
15706,51265.94819880555
15707,45748.0871999111
15708,46696.12390623753
15709,4733.39244985539
15710,11598.449063568529
15711,62295.23936350386
15712,165328.52377372622
15713,2209.589643640365
15714,35795.45907068137
15715,43475.4793808486
15716,56243.680172964865
15717,39195.50501707341
15718,103824.76728607366
15719,46050.43179725858
15720,46473.571555528804
15721,35690.88421456853
15722,67483.71937447212
15723,275240.53051913856
15724,88657.83678677204
15725,217659.08452578736
15726,39093.548556101174
15727,42823.94424062746
15728,155272.92583696984
15729,35889.00898501415
15730,51693.39474348559
15731,127927.73376245848
15732,54118.93657352482
15733,31745.182717055482
15734,5923.177703517751
15735,35957.541118511355
15736,25204.39034628974
15737,43188.60224950598
15738,31159.699093823783
15739,60031.63103593943
15740,38215.28602346434
15741,3544.3975113597066
15742,8481.61820398678
15743,42840.45697556013
15744,70876.77594458626
15745,60943.28918024713
15746,52091.75434145794
15747,94174.55937230162
15748,99934.28859102319
15749,55713.76280077981
15750,92823.9595490375
15751,42338.75576741059
15752,59274.30314699578
15753,69119.85048155148
15754,94239.36052414677
15755,31404.68780262531
15756,9278.942345658095
15757,119229.47667491263
15758,38917.72541453003
15759,5101.288320753182
15760,69800.65248667815
15761,15664.395584844953
15762,15886.440593958388
15763,95026.00724759053
15764,35639.609904988356
15765,50224.60630412131
15766,18329.15984571556
15767,42213.824561093956
15768,164040.1556722642
15769,53815.501285816805
15770,34413.6625521925
15771,1478.3034360770296
15772,52456.368874007385
15773,1440.3197341382727
15774,68322.85785722049
15775,16633.171146833003
15776,64486.034197840454
15777,4651.163716724201
15778,7696.163559775088
15779,162230.42597408607
15780,36969.23440391754
15781,7042.9987514114755
15782,73602.17635494177
15783,52258.87016807892
15784,73493.80965819776
15785,46957.16095438965
15786,50331.325085970275
15787,28342.48367034771
15788,42074.02196220659
15789,84801.82122852952
15790,152968.4895668037
15791,6480.23403534496
15792,2870.9599021850286
15793,75033.72931895363
15794,41276.32030665708
15795,177444.82710374353
15796,170736.41899290818
15797,77109.48428004337
15798,2039.8750188321076
15799,132424.34463424957
15800,55681.92762123749
15801,43986.35708416874
15802,4269.429539055112
15803,122043.38480128226
15804,30968.76137677685
15805,16673.05179555261
15806,100998.3058508577
15807,13497.264724714358
15808,110998.96644875729
15809,25610.8519892907
15810,49797.236790735675
15811,60575.055224463365
15812,65153.67879469099
15813,5360.313643992615
15814,7710.444869721789
15815,43147.056096928056
15816,55277.626344417185
15817,69924.43884281811
15818,44790.023254696855
15819,42136.96747084218
15820,2220.5380928704662
15821,221160.53085216577
15822,27550.85141237283
15823,12726.9533741182
15824,16320.575456173505
15825,3804.4993185269054
15826,36707.82594730011
15827,134677.9307668002
15828,5020.728740531551
15829,80969.25181276107
15830,23759.157894308202
15831,58511.153465688614
15832,37683.42231706393
15833,34706.033316301175
15834,17239.809522673662
15835,106992.40035228783
15836,11191.476982364378
15837,4658.189642652517
15838,81152.8315880657
15839,70586.60189688379
15840,161554.16786233435
15841,82804.8044597429
15842,9468.112801297286
15843,51738.71627553153
15844,6011.325666837038
15845,39838.66356082274
15846,68618.20441615602
15847,11058.974605468391
15848,96511.56861238717
15849,105549.57030139047
15850,101765.25829259251
15851,145458.22728772846
15852,47342.94370428049
15853,3950.1270793417884
15854,70588.13239557252
15855,33442.39182769376
15856,47451.140670352266
15857,72391.98422702364
15858,57778.50552908036
15859,160832.6017744146
15860,114686.63571164757
15861,26875.58947303673
15862,67186.92058276289
15863,228569.34170223237
15864,73891.443273787
15865,187590.72058373532
15866,44031.90613947793
15867,112404.1467266381
15868,4738.119555487791
15869,106584.33857470241
15870,47530.78613868497
15871,994.35252047841
15872,56420.96765631107
15873,46664.10265540091
15874,7921.576530762043
15875,59247.58637963559
15876,42739.735316768325
15877,42553.86480555967
15878,83537.35792331697
15879,136354.01320607975
15880,9904.611137049074
15881,29529.243216815496
15882,4506.965685519484
15883,80915.82508245205
15884,46047.234979292116
15885,4133.69327962856
15886,76242.94474645906
15887,4170.782994221032
15888,7317.023888953775
15889,37558.41577236008
15890,47719.471441064445
15891,843.7476824243038
15892,85409.72108885866
15893,70846.08470831777
15894,84182.53887530511
15895,42117.11962232216
15896,33367.55567055746
15897,37324.25211880846
15898,216739.96262324965
15899,23312.09994708656
15900,13138.46560024108
15901,20602.238274008894
15902,71839.3356045454
15903,10154.908208791012
15904,141967.66599366383
15905,36271.14585388774
15906,44109.86118496787
15907,10558.30004721119
15908,35600.36970807904
15909,68945.73578557558
15910,29704.94234491969
15911,107781.95283064146
15912,34569.36777750302
15913,35579.36023187302
15914,36973.20253889198
15915,52657.04067170697
15916,79067.83855209849
15917,40926.61243074468
15918,40495.858964130035
15919,161599.1947641153
15920,53397.9754021526
15921,77244.20382585059
15922,14178.686537480882
15923,29130.24646124096
15924,3759.151605747425
15925,6240.963908804947
15926,22429.127955724965
15927,234394.45383858183
15928,22929.834675718113
15929,44138.483743398836
15930,23774.465649435944
15931,36589.638701284195
15932,64261.70756475494
15933,32111.38568886035
15934,112440.69216643822
15935,45181.37551379817
15936,69392.25783118159
15937,2435.0050025258333
15938,132881.7615327014
15939,60685.569951911646
15940,20339.282057053693
15941,53153.08789166003
15942,56492.21894619337
15943,85627.74136149569
15944,42112.422730626284
15945,49621.38365723049
15946,36235.36620269889
15947,37927.153265809255
15948,2338.7185137425854
15949,90309.97497746118
15950,48134.998913613774
15951,93841.19231214034
15952,51474.135223783094
15953,54593.21041038632
15954,68629.56418229817
15955,54933.05315758721
15956,36071.939690415056
15957,11542.203824921862
15958,14144.504221173438
15959,20932.055905089943
15960,5543.319157915098
15961,47264.4127488833
15962,147061.1573544229
15963,54448.81868856138
15964,10620.159821688849
15965,38725.71396984364
15966,43740.86144238258
15967,38150.45412269529
15968,30785.39959822813
15969,63548.210142091586
15970,44173.35361739533
15971,79440.14661211855
15972,16934.307663704665
15973,89078.52430601565
15974,61885.60047576856
15975,182594.7859703695
15976,20040.626679575184
15977,30727.849167433844
15978,42030.86683597156
15979,70291.58312185446
15980,54141.43135343147
15981,84050.50841850035
15982,118372.01171190517
15983,18799.31585332337
15984,7164.387905478081
15985,29718.325789636725
15986,66994.86329018693
15987,162981.45446368665
15988,39726.58786296484
15989,32307.369069301607
15990,29330.258575144253
15991,20366.53398150736
15992,2050.722255707278
15993,45531.267382658865
15994,40139.95139213593
15995,55682.74889218358
15996,71164.1772314578
15997,57409.25772739806
15998,34139.543474740334
15999,134682.55300478634
16000,10465.734981622922
16001,67086.95053163251
16002,29223.296710306906
16003,64204.50152004593
16004,36504.42694552301
16005,59940.908981272565
16006,238784.66768943943
16007,5589.2087071300575
16008,41866.066485914744
16009,25476.32195580476
16010,29581.87776701284
16011,14612.151541421417
16012,40021.910106063
16013,10768.024825101314
16014,41469.4255747817
16015,76208.7786218999
16016,58495.84101558882
16017,21483.925319760296
16018,163602.67961928053
16019,17166.599926924016
16020,46377.84007573174
16021,42046.45400127172
16022,56997.114057375984
16023,83222.25837765094
16024,43004.11923181081
16025,26470.403995955166
16026,11988.212655314212
16027,88779.05283671714
16028,54073.01138381534
16029,52718.04145931595
16030,38032.56945458711
16031,43655.9288372389
16032,17515.46582760757
16033,30418.615297353273
16034,37727.92084423171
16035,44294.70501622009
16036,138541.86189809922
16037,29577.081892758175
16038,154674.61263632265
16039,113782.61325463973
16040,30836.587435534046
16041,173954.62587060986
16042,8659.714155148975
16043,77538.36835312014
16044,37340.22464856784
16045,40782.94865429958
16046,33706.65371630965
16047,69236.09389447159
16048,78477.28005184027
16049,6699.822574781804
16050,41225.61704908571
16051,106061.5360248484
16052,52870.20103236664
16053,151419.92499089963
16054,2400.8484627810576
16055,96316.55886148433
16056,96786.44908317344
16057,42862.774741134956
16058,56471.26644769728
16059,61564.58045891106
16060,70196.35578414422
16061,30536.84244642624
16062,40965.6477065541
16063,3286.74415494375
16064,25263.09021469144
16065,41199.999373462364
16066,67343.47382660801
16067,10627.639097719579
16068,24052.005233185733
16069,36115.271318812964
16070,54502.33318520413
16071,72120.70208945204
16072,12261.976606223236
16073,200984.3384965379
16074,72288.00422161531
16075,3904.7325728949536
16076,53548.781909189325
16077,76703.06922718053
16078,52227.66186385668
16079,62817.0544284294
16080,950.3235581790932
16081,68183.31103175122
16082,58058.695096444906
16083,19343.197158587893
16084,42241.11108292692
16085,39892.196699625565
16086,28616.084861654854
16087,13610.95809532291
16088,121938.00875206702
16089,34523.88584693631
16090,10469.750161601156
16091,112968.04022012887
16092,15266.52961894297
16093,36061.75997877593
16094,48224.492502548244
16095,46785.83543131581
16096,21499.73987077646
16097,11921.25432216393
16098,4276.911329632328
16099,23067.869703630215
16100,45420.13483793188
16101,5582.24443559199
16102,45576.5978052177
16103,12009.886751460243
16104,44218.03260652052
16105,36189.00469362527
16106,42792.36119980538
16107,181621.27398503473
16108,7845.616894023797
16109,6371.379928644878
16110,126837.97930357464
16111,7187.574306712385
16112,107526.65815924908
16113,253476.6574644277
16114,81808.92656591005
16115,4518.617876111068
16116,49540.224286102915
16117,3270.9930019400513
16118,3212.918031779316
16119,74070.72635880514
16120,196462.45290028106
16121,193010.84557678222
16122,134302.5686440819
16123,200352.5858073602
16124,127982.60933475339
16125,49000.47526337823
16126,27682.30646903581
16127,97927.7783747248
16128,46127.86526580596
16129,112010.82695448492
16130,16425.440159177317
16131,9338.881397003302
16132,27245.15276777168
16133,32551.913067836627
16134,51029.486823253836
16135,52920.423194989715
16136,162628.13296102828
16137,92342.1100510447
16138,71625.13038807837
16139,14028.66300061802
16140,45052.65303675187
16141,43861.51187795591
16142,101966.97128206397
16143,33548.53173596513
16144,103491.64389369953
16145,22656.966330980784
16146,14931.63685510187
16147,172047.32387965758
16148,37995.710461696566
16149,60754.05449117058
16150,245449.83628878597
16151,46270.83884694919
16152,12074.903223898496
16153,157249.4144449045
16154,49872.421749932495
16155,25015.57489480234
16156,13817.539637858503
16157,114943.81461255779
16158,57633.24293679728
16159,5131.158230784995
16160,13500.777391649382
16161,109757.30761863192
16162,84380.24745607362
16163,17111.404771383466
16164,91294.08860804437
16165,42144.84098774433
16166,50815.670397764385
16167,34461.45101239055
16168,38253.525927080766
16169,57064.94509099643
16170,15790.547245974387
16171,95917.20069057528
16172,59865.960118910305
16173,46798.08219786794
16174,33194.98054473132
16175,88947.86381809312
16176,174573.7945658376
16177,73904.93733431381
16178,13288.297630587873
16179,163646.90821314525
16180,43795.6011498677
16181,35037.54600530976
16182,125303.30370032704
16183,3616.165868654311
16184,67766.60746808589
16185,13823.14914099584
16186,1491.4428206274436
16187,103314.62625154162
16188,35026.66858792364
16189,32783.33842195419
16190,59788.56690546926
16191,3493.135989016186
16192,78143.95958347552
16193,17897.510518459305
16194,75357.18652555223
16195,27877.501034158522
16196,84083.7574488264
16197,51715.158112574405
16198,89067.64499549769
16199,100290.44090753468
16200,36828.89158307575
16201,140038.80014736633
16202,45105.29278873798
16203,93672.78809702574
16204,113998.19768292026
16205,29489.341205789748
16206,50554.655854597106
16207,132116.35301602582
16208,52415.232718838095
16209,7133.001340755678
16210,17307.745878133766
16211,43391.59877790855
16212,6377.295831351952
16213,49499.39952397977
16214,65579.08462466515
16215,8090.690879114713
16216,98643.05788705629
16217,44805.60717499548
16218,35023.97696092779
16219,104835.22793381194
16220,51752.08479923336
16221,33906.966788006146
16222,3849.731969117603
16223,159500.9164588962
16224,47508.36716727705
16225,84072.8082457122
16226,164635.87603938437
16227,95203.28532898486
16228,65798.47741687426
16229,111311.89339762325
16230,11985.397441071522
16231,1169.2203234225465
16232,40628.274210397656
16233,94115.76795343142
16234,20731.68405190551
16235,94578.77203780474
16236,44271.75947875893
16237,61622.83960937311
16238,23889.972758846026
16239,40275.281498526056
16240,94510.02775467766
16241,20461.349491392448
16242,31761.08829905568
16243,38111.70096206313
16244,4282.198786156249
16245,73510.96256079833
16246,49184.12291973553
16247,110471.22105662817
16248,41408.39419448041
16249,148905.78610030052
16250,84324.57616578847
16251,55107.45177990332
16252,87853.67245719703
16253,40807.20018891754
16254,176233.7018036218
16255,64641.96514488852
16256,37704.66726169413
16257,36233.92172478455
16258,47108.25386342024
16259,60869.11772436406
16260,58608.912252243645
16261,13965.308950732175
16262,8827.808526120201
16263,12317.073093844765
16264,1994.801387909526
16265,12229.724162866414
16266,66494.86171937271
16267,56895.04840396754
16268,45698.80871570637
16269,63963.57113274709
16270,56319.6775768413
16271,22047.0471051058
16272,55567.60566871954
16273,10480.78395939805
16274,214563.96828342942
16275,57636.72824682592
16276,122906.02519817642
16277,17510.218840636862
16278,177144.1446573885
16279,40341.189110033105
16280,59422.95234230505
16281,102752.80403539108
16282,11993.86489014929
16283,20434.057337865357
16284,7968.02342774624
16285,31011.179462931414
16286,5627.454219812713
16287,28563.390415046997
16288,48382.47766896589
16289,33828.876258122626
16290,3066.766066885971
16291,52197.71051630797
16292,42440.10812412193
16293,45129.11446098663
16294,97400.08192194033
16295,60394.88929605418
16296,34183.18195543069
16297,42652.41768125726
16298,13122.495280708845
16299,27436.487516550467
16300,99984.31102859559
16301,26899.386686164493
16302,65313.58218704379
16303,40125.42633111863
16304,48278.417402055755
16305,21673.56770367837
16306,26310.623140429645
16307,184696.08059705433
16308,140589.90117993407
16309,163444.44691647583
16310,55761.09264350389
16311,43206.89592740327
16312,94323.23787020291
16313,45469.283811876274
16314,222997.77866430758
16315,53677.20915825049
16316,68493.89437705158
16317,130425.13349097992
16318,51963.00827667918
16319,5216.395659509966
16320,6222.552794303213
16321,42507.538418806456
16322,35126.06039914121
16323,54930.43883209978
16324,49249.18121922922
16325,58230.7852197459
16326,141936.5832547357
16327,66983.38445537737
16328,254106.50478209782
16329,33527.09824543906
16330,105444.73708960817
16331,142749.26819469593
16332,49005.256413421645
16333,42917.38704226105
16334,32589.15129912526
16335,45240.39470851834
16336,40673.18443389119
16337,27842.161418993484
16338,31521.397804232325
16339,100738.83838644967
16340,110422.30979340553
16341,167259.764546304
16342,24034.558556844793
16343,87048.23443731287
16344,46615.96627568365
16345,53636.255850741705
16346,153974.99797929352
16347,61333.087642089595
16348,111216.89074061597
16349,44248.75054703689
16350,59567.098015465774
16351,64200.31355544426
16352,44359.68260109457
16353,10417.573717235571
16354,76427.83565609567
16355,21425.330011618484
16356,46781.96256146769
16357,27218.049121223703
16358,57829.68738546423
16359,63253.37366766735
16360,56486.45974364121
16361,87802.36516551116
16362,33087.87572993984
16363,23452.630388835027
16364,9342.985861435836
16365,8327.555320017678
16366,95282.20098712003
16367,51469.72586698771
16368,40265.29422526434
16369,67890.93106838815
16370,43953.70690583603
16371,72568.41115432949
16372,33554.49623489171
16373,42864.66697849094
16374,40702.53134142074
16375,108825.93512235428
16376,39622.95201950512
16377,43087.48872791418
16378,40108.50744831347
16379,24316.310003529277
16380,46104.2686463055
16381,77326.15709971236
16382,131496.78767088824
16383,15161.184248512169
16384,45149.07735537456
16385,88866.27927397516
16386,31888.915960292205
16387,106988.01715405246
16388,31915.82921790418
16389,17549.71280732611
16390,42814.69746701701
16391,64906.099408394446
16392,10246.995136719506
16393,32672.144239759356
16394,18459.55025392262
16395,106278.50427875925
16396,74696.53780601324
16397,159776.77666870094
16398,78584.68895627517
16399,88478.90612842143
16400,100018.36808187209
16401,42659.37854255165
16402,45376.38746677739
16403,23353.7667782449
16404,83049.3235444918
16405,20254.04069818218
16406,108391.69603100463
16407,16878.8060613456
16408,52471.82719705924
16409,48621.8054315291
16410,38415.39238231328
16411,18838.107352435323
16412,32170.25232454044
16413,168583.98006961463
16414,120008.05891488318
16415,10022.053069345726
16416,117494.7335446771
16417,43443.33639729659
16418,37156.560916252965
16419,44704.33846714291
16420,54142.1507906649
16421,152730.22072049807
16422,5806.715764844524
16423,4645.198000464947
16424,44786.36016394365
16425,80298.71767762308
16426,5057.627583711975
16427,144291.41429114097
16428,7900.180104659354
16429,59958.025075922495
16430,34326.754171612294
16431,21643.38171039749
16432,95669.50648143071
16433,148846.33912389228
16434,52696.6898783198
16435,189451.0043494512
16436,28337.323798604208
16437,52574.82300772253
16438,39166.06377256169
16439,49375.307448980544
16440,46201.60333899614
16441,85654.38851598115
16442,152082.43828886628
16443,57711.74449360444
16444,28533.014287031685
16445,45377.30032510347
16446,100812.93084182634
16447,49846.87972678529
16448,4509.224551497086
16449,33798.43165195158
16450,17611.145167550185
16451,95927.68295017187
16452,81829.2300370953
16453,51555.943478678106
16454,98644.82090600731
16455,95981.83498235031
16456,53660.92819731179
16457,48576.11228311378
16458,5411.30531978701
16459,110076.48841514497
16460,31146.428189776994
16461,122273.88924572231
16462,47782.85528549641
16463,18787.49658996796
16464,92463.6757677822
16465,46754.532552461686
16466,29819.379927176647
16467,69463.38487095392
16468,50477.763808201686
16469,81139.30457234965
16470,156909.66325440243
16471,82464.74192737298
16472,4357.909730164216
16473,38812.82819496393
16474,32924.27285642892
16475,5788.840012276811
16476,28602.82466203188
16477,51670.85059410136
16478,60334.73415485038
16479,41974.138894118485
16480,110079.61564886481
16481,7314.0940248909155
16482,41601.33497639275
16483,65854.22837189857
16484,63223.0065226531
16485,9965.476650112414
16486,121791.59610413082
16487,21396.98825140056
16488,30027.63442126711
16489,38600.63567082509
16490,53740.888679800024
16491,46434.059321741566
16492,42927.17588532829
16493,40749.31131426855
16494,72643.31163301747
16495,55541.82949024739
16496,34135.86453257239
16497,129058.3087464509
16498,32666.460184882864
16499,18070.27187999661
16500,98849.36275380572
16501,11512.094324109688
16502,61124.15475665448
16503,35335.3092541298
16504,43141.05944201659
16505,7164.189403879968
16506,69588.7496595597
16507,96360.9758731303
16508,144517.58685627196
16509,25451.014835187467
16510,65316.542182720026
16511,72858.78021341021
16512,46722.700473284676
16513,57741.97895813328
16514,48092.25464049027
16515,65714.52117621335
16516,4028.8966961415053
16517,9287.06454223854
16518,36392.81157082238
16519,79936.8749702337
16520,45171.63138278035
16521,155403.5241751274
16522,83072.16332897815
16523,61700.74289343806
16524,28090.7508815621
16525,48978.979363820894
16526,68934.46286445284
16527,15288.219250990353
16528,121278.89881422573
16529,74176.74814889552
16530,131408.97719405405
16531,32864.534276781174
16532,38627.19030121224
16533,95832.71585179139
16534,1901.7611374885425
16535,120056.23049545486
16536,78394.1564171327
16537,38776.845279588524
16538,3913.426343917258
16539,3178.114458768601
16540,101757.65982945514
16541,19848.394604746307
16542,44926.61726285634
16543,26472.016675665654
16544,61020.38704779487
16545,37818.482177229125
16546,40148.81644988302
16547,48055.431482393244
16548,55069.38176058031
16549,43761.04117660786
16550,75938.84111435578
16551,42266.124184713975
16552,89160.20815580146
16553,9077.72562092818
16554,29227.279316961358
16555,63416.92484798469
16556,11257.012435563945
16557,54869.61924099868
16558,45271.87044768043
16559,39221.97332720536
16560,141978.780556503
16561,56993.621754293286
16562,17718.80245516561
16563,25079.082659291977
16564,70698.2551904896
16565,197460.99761189768
16566,195215.4478784515
16567,74526.49841964731
16568,98994.25592613034
16569,29109.278828859726
16570,131291.72016732456
16571,44190.37802114417
16572,75560.48538469296
16573,69675.21490693132
16574,33224.606355055344
16575,41570.8803007629
16576,10245.26603693655
16577,91521.07081845755
16578,197490.8418289141
16579,59697.13077363554
16580,63173.431700188674
16581,91647.25835320947
16582,42587.68776738901
16583,42985.56900515812
16584,22450.50846808261
16585,34651.97566190327
16586,68771.37980699068
16587,170991.896270315
16588,78760.43559342175
16589,3579.9005526961664
16590,53978.03242959428
16591,51928.802415801816
16592,52803.08318463506
16593,223746.2887238309
16594,74798.31691431721
16595,43600.46613252416
16596,18607.278403396795
16597,89518.2772410923
16598,52528.859169693955
16599,20956.29334054705
16600,7205.0866366431
16601,76799.61262217567
16602,136674.51445602145
16603,33133.14019445946
16604,39116.67098214688
16605,55511.91945794694
16606,16537.578823758715
16607,37296.65888885202
16608,79098.94369481744
16609,40609.10159901316
16610,2372.524448731116
16611,40057.12202322287
16612,57129.57686942852
16613,30717.953186178474
16614,16694.454963948003
16615,42629.23453999784
16616,36271.13669343942
16617,47139.8960644348
16618,67776.08218996794
16619,30625.520833803814
16620,52608.692484419225
16621,32715.206492363468
16622,26837.531672565587
16623,9230.597924750797
16624,14048.204551094777
16625,60737.9868822547
16626,71499.91758124571
16627,50678.621842338325
16628,66439.52549600459
16629,47759.64001990325
16630,178415.541547325
16631,49338.4552669891
16632,15998.598667527953
16633,59594.39044630893
16634,925.2835229671363
16635,56199.20950635674
16636,65168.71358761364
16637,88955.2743853471
16638,36613.5116532122
16639,60986.4638308333
16640,54459.523190232016
16641,39264.643554535745
16642,28641.923536721857
16643,120780.37852808727
16644,48876.68944677655
16645,173113.9040351193
16646,53420.521494596636
16647,72115.73582948052
16648,173149.30881579296
16649,6981.425915021681
16650,51878.82812555776
16651,67015.73513591762
16652,156592.36994315207
16653,85552.34906503784
16654,44919.387043847506
16655,37371.828341434055
16656,41329.21553046759
16657,85750.1657566187
16658,65698.14753647693
16659,5050.1946906317135
16660,32699.70827375286
16661,73001.62212614258
16662,40953.67403433875
16663,203731.32766590297
16664,146373.15151740288
16665,44983.64288430268
16666,30154.00234802968
16667,15374.76978722525
16668,155124.2918372641
16669,3321.0578480213844
16670,44625.542541143484
16671,34688.510705463654
16672,28191.245349052148
16673,121512.99366633465
16674,112340.09031463761
16675,25950.298712664564
16676,38370.35239652136
16677,81124.29232710076
16678,62173.71123891625
16679,44809.28802816939
16680,49177.98900254563
16681,98262.44492527968
16682,86886.46082257794
16683,2612.6967749634064
16684,45387.848474124774
16685,224400.3060074111
16686,73455.43226459439
16687,61986.9141574854
16688,81477.17203381781
16689,38105.60937727918
16690,44902.601633458005
16691,130429.17508114318
16692,101426.06383744704
16693,36687.503719754124
16694,51478.50797938809
16695,65709.2846266644
16696,25771.839094395
16697,74145.25056941164
16698,72255.40093719593
16699,25403.991687816007
16700,55140.928594730845
16701,63761.5074041247
16702,51753.080350244316
16703,32626.235210663355
16704,45952.525144222345
16705,13073.281121901662
16706,14121.988981027618
16707,35750.192791754125
16708,43538.058136221145
16709,80099.5929152408
16710,82600.49342424603
16711,151239.97856878123
16712,41185.734801317885
16713,88267.72477820332
16714,5199.2553189064865
16715,40532.26610840896
16716,36462.40985316199
16717,1291.812367281255
16718,107415.07758119589
16719,124170.51157745675
16720,49796.32619587294
16721,35233.81432988736
16722,126829.84980464462
16723,40600.177697151936
16724,129734.47188340826
16725,23820.79861113991
16726,126822.94731101127
16727,38084.22742085357
16728,78536.0915811528
16729,41679.155982729375
16730,46377.67899867766
16731,13240.4423638139
16732,52098.194036503395
16733,58924.32307831663
16734,144164.75381062043
16735,32627.84851348957
16736,120432.69186125926
16737,17944.159068890545
16738,48889.259123535245
16739,37854.494953028196
16740,85232.51457113518
16741,91156.69006148064
16742,54029.69858708918
16743,105039.05602335163
16744,125850.70464576496
16745,47213.67774421965
16746,30005.986994818675
16747,28795.62651037328
16748,8144.055720352796
16749,21338.058203864875
16750,174278.6508733752
16751,58263.27006420531
16752,273019.98973195336
16753,41015.05184503499
16754,10224.00724430772
16755,136796.39799789086
16756,17175.805786449542
16757,35271.98658931774
16758,111384.47063575173
16759,137241.25693263736
16760,43268.214960345234
16761,110372.772115645
16762,49836.82202604478
16763,57107.10634931556
16764,47052.84273449189
16765,21678.10651928113
16766,38725.83133034338
16767,23524.30668191455
16768,10132.089417732297
16769,122463.16299268843
16770,38925.65581938793
16771,137751.68897860087
16772,105198.77719098069
16773,40879.364720894686
16774,28529.88925492735
16775,38722.498618828795
16776,50215.90512518578
16777,18391.164958116377
16778,12603.752525143382
16779,94562.30579810959
16780,62341.669068549316
16781,61797.922160977985
16782,37445.938915534134
16783,5814.732615121981
16784,10371.455201632456
16785,43693.31177545873
16786,178367.38976728616
16787,127976.34416271877
16788,115861.35463979912
16789,160032.71358558582
16790,879.5841369973183
16791,59824.009793699515
16792,38309.84306575966
16793,146430.67314924323
16794,274991.25673899346
16795,20238.87608331742
16796,13257.213935811855
16797,69411.19891445326
16798,80132.37237172491
16799,30426.705302851522
16800,136882.11756481224
16801,53784.90610977699
16802,11055.528102381168
16803,7321.610597946016
16804,190006.11391335746
16805,35601.33766259385
16806,6498.720455898352
16807,49089.094121237446
16808,98912.97757615456
16809,74133.19777329729
16810,8456.720922898541
16811,16722.529421398598
16812,67227.84711265888
16813,60570.041969169084
16814,29994.166086399935
16815,237324.2011931725
16816,51165.63630740178
16817,98881.67444352512
16818,32502.95947709409
16819,26474.52272693614
16820,175684.79738237284
16821,52625.401103369484
16822,35863.794529412095
16823,44710.22235562391
16824,5747.812439525133
16825,134730.83434307328
16826,25755.02092476017
16827,69621.47217443996
16828,29655.631584504015
16829,70933.71620947092
16830,75289.40373572984
16831,54286.95777696
16832,79390.33863238497
16833,37166.075368469945
16834,49619.28811369041
16835,28953.57217359075
16836,18037.392283125188
16837,164550.39278083362
16838,48392.897973406325
16839,49959.01018730584
16840,40977.137192332826
16841,68475.30258225506
16842,188096.6111306152
16843,85129.09771807506
16844,192809.44226732844
16845,117346.55208154194
16846,70801.73549012137
16847,40019.14379703982
16848,4411.090327444439
16849,4116.796448858013
16850,12602.714923431968
16851,138078.870402071
16852,79700.3397782759
16853,9635.567799478682
16854,116173.9083411844
16855,67613.89627345274
16856,42777.54919279778
16857,52767.06012134473
16858,52901.79714200714
16859,273990.05003185465
16860,11195.735198404225
16861,20339.61468186868
16862,7077.1340198112275
16863,34064.8028665025
16864,109447.12894356104
16865,55413.2208414189
16866,9873.79179605482
16867,78799.4647742283
16868,60577.51219468093
16869,62794.770399679204
16870,942.156761587347
16871,46622.883214382266
16872,183686.9156283691
16873,69617.06835614087
16874,54195.45927684632
16875,112296.77409138872
16876,34063.65525225864
16877,68235.80753463352
16878,113503.9542183706
16879,27006.094753658184
16880,36861.740976499845
16881,6395.407293922213
16882,54218.9369917871
16883,11396.827602114938
16884,35166.88617523124
16885,56286.51442265932
16886,67816.19728268633
16887,30194.92241170427
16888,128505.45992924705
16889,275369.7253173522
16890,2554.2411003440056
16891,10823.205062394618
16892,31205.437970614286
16893,79066.52746006874
16894,36416.202515847755
16895,28868.65837452815
16896,33401.64328247477
16897,77444.46505027659
16898,49166.50579050443
16899,39597.26896227342
16900,46714.26658803124
16901,34517.91900071547
16902,9917.982293431594
16903,69599.32936445915
16904,79242.86309361704
16905,42955.059309790406
16906,25285.784101893958
16907,55965.721394240194
16908,137791.20078114016
16909,178818.3805395971
16910,60676.33305653354
16911,55623.00001450266
16912,50938.24208549941
16913,35288.74591120628
16914,63820.819041299284
16915,18022.52724475212
16916,58803.97885553675
16917,41900.966028666815
16918,63854.69695269667
16919,61169.436649210795
16920,60885.62824284341
16921,2048.8814192997097
16922,115329.45405430117
16923,51993.916867923785
16924,63528.5437726913
16925,110237.04266798506
16926,38813.42156592147
16927,2210.050520115344
16928,75485.52676266163
16929,4704.321330727049
16930,47135.963935101296
16931,22737.977515004513
16932,28743.70713635404
16933,71897.76104448653
16934,48914.37334016899
16935,6340.964800180591
16936,78513.16580636747
16937,61245.596742108304
16938,22771.396864515293
16939,143374.5867650008
16940,153094.99187038324
16941,46205.14840946054
16942,29520.56035086753
16943,56551.576029063246
16944,38339.39216948339
16945,67827.68362182127
16946,38295.63769141448
16947,14139.355809946635
16948,74082.78853594659
16949,4969.887958593975
16950,215977.6719515329
16951,174463.39687787235
16952,26848.269139101736
16953,21054.62428475892
16954,50548.87222714187
16955,40194.8195014377
16956,46318.12964159048
16957,66438.51880405901
16958,73078.46945877849
16959,56724.82202670137
16960,202040.17422905692
16961,109925.5355073263
16962,3384.5314708362844
16963,176224.95909871973
16964,82019.09619771615
16965,118350.06752848365
16966,23081.234007224994
16967,37612.03900645686
16968,6953.627900071162
16969,15233.197521377058
16970,13037.057270263362
16971,25525.80459685578
16972,95821.01590406754
16973,96642.36015216942
16974,136423.23894420476
16975,48466.20405005295
16976,48952.711922050206
16977,274810.6013930134
16978,1040.9265233290769
16979,101202.27074620684
16980,2340.483820615152
16981,92389.69929233662
16982,29717.05600625742
16983,153409.2813224942
16984,2028.3161892496623
16985,131863.31246417333
16986,42361.43179336966
16987,52600.74717253891
16988,108335.86574886373
16989,19755.337600432526
16990,38019.786111959016
16991,34381.85133161099
16992,12273.487209837824
16993,27166.762563023887
16994,172075.18757954138
16995,27505.859994300095
16996,44455.31030342249
16997,46870.31941045373
16998,9491.435409190788
16999,47124.79179983124
17000,195246.0025310723
17001,78767.99604060396
17002,50118.64580045807
17003,220809.55113034885
17004,45534.0040995325
17005,3905.292421122383
17006,33795.39357425819
17007,27441.062199459644
17008,49010.76433068761
17009,174580.06547518165
17010,8894.184455181845
17011,35076.76038391733
17012,133551.02580802023
17013,80619.47111860306
17014,57154.10871174147
17015,189863.93164022762
17016,147277.523967776
17017,118981.27503119584
17018,45570.176229379205
17019,17059.26776083129
17020,37688.29945014331
17021,277543.3485741651
17022,205460.71160808415
17023,37757.252153554866
17024,38901.7533155348
17025,11083.016746722686
17026,41860.6503756004
17027,46435.68648420563
17028,30460.45482344654
17029,121412.98437291471
17030,113318.24854596621
17031,39892.2187488956
17032,99268.6013061214
17033,46751.02546809768
17034,38206.747685640774
17035,49887.16171474764
17036,105149.37212723865
17037,83543.60057333314
17038,166209.22088907246
17039,13075.542049654074
17040,19469.86745412863
17041,33971.40941424581
17042,9522.832212538959
17043,42020.00216260838
17044,38871.97458197769
17045,22661.431552707312
17046,45133.58001290088
17047,31319.32764276406
17048,27273.66854567954
17049,4416.304412070898
17050,167325.71104122853
17051,34533.26447561251
17052,50137.6683358187
17053,98762.41386919796
17054,16376.780906213991
17055,60473.33113704777
17056,201717.65398930188
17057,277206.80971739284
17058,52254.220761618664
17059,52890.02740776427
17060,65312.6874804689
17061,133611.92216453698
17062,68349.78523557592
17063,115674.36129198702
17064,147650.22153246493
17065,81171.82997468911
17066,15444.04787171203
17067,55436.97710138631
17068,43195.41068249549
17069,97904.58822184602
17070,17592.920846666966
17071,44724.904590370075
17072,36327.26525904494
17073,4382.552157815519
17074,84170.55786556948
17075,9913.418923417561
17076,132522.42741356973
17077,26548.28925818282
17078,145929.72651599688
17079,84875.39923522736
17080,8028.162389171166
17081,103977.52864431532
17082,12941.44997379576
17083,63165.754008114796
17084,158351.80515255802
17085,44757.10993529156
17086,76254.19508088849
17087,58445.79502813885
17088,116530.24339555179
17089,48299.76302690644
17090,5243.68625045407
17091,90303.60638695434
17092,94157.02835405365
17093,29878.220780724198
17094,29926.292395679742
17095,5619.095852757135
17096,88944.67872237977
17097,29585.939446887587
17098,57180.58010658224
17099,96071.54397380029
17100,43615.179289703534
17101,50031.65304649605
17102,46080.55468938228
17103,49484.39311065351
17104,95224.80871121453
17105,65561.08939450057
17106,65008.24869548592
17107,45443.36678725531
17108,49415.401464435934
17109,44074.15973500355
17110,48263.86769659418
17111,34945.49063123812
17112,67444.87976419105
17113,35816.16010595155
17114,11984.24252637151
17115,48915.11215544475
17116,19417.990023592047
17117,239660.48860935896
17118,7982.293487724928
17119,42738.473445233765
17120,86919.55683434926
17121,32551.67904577311
17122,75918.4773652661
17123,52149.99633280329
17124,59847.11877204201
17125,26310.960949732184
17126,40382.01131119557
17127,74631.07380439174
17128,11486.399074003895
17129,40695.36698223822
17130,21343.99829790911
17131,56201.61941261092
17132,112433.43382393433
17133,24094.535604564888
17134,42153.016792439426
17135,35087.489209287254
17136,32734.800682179488
17137,33440.12102133638
17138,74278.84180966268
17139,35364.92079701948
17140,149946.1939943089
17141,83593.09564247564
17142,65063.74126939971
17143,46835.094273724775
17144,27761.874567528623
17145,39829.25252089345
17146,32803.91011373559
17147,29427.231064717478
17148,122453.8252516892
17149,122024.81503439952
17150,84370.10700717493
17151,32381.318086457726
17152,66934.97699769074
17153,1403.546931912075
17154,63408.73515203374
17155,64582.920741309405
17156,86440.5440798996
17157,58698.04017065608
17158,69729.97378617384
17159,14613.788608096642
17160,134272.37617089768
17161,9809.304143974563
17162,31886.731275034323
17163,2898.1624902800995
17164,34741.28838035457
17165,41158.54687344177
17166,41876.75015966871
17167,26256.364986672408
17168,20444.424878028753
17169,45896.73347125019
17170,145014.98810674576
17171,165699.54204099154
17172,35420.34802880474
17173,113740.30687507268
17174,164731.16069008145
17175,58259.144670166774
17176,145131.86376886765
17177,128941.5120174582
17178,2310.6534921020652
17179,8956.986916987882
17180,33622.5928453383
17181,53767.99451091367
17182,59465.116579032205
17183,17432.97302968474
17184,51578.29445615965
17185,50472.71743556928
17186,18623.123239813056
17187,19079.85383139396
17188,5931.408677908645
17189,43132.109148152405
17190,176670.18667552015
17191,37335.37977799759
17192,66388.2887012058
17193,4706.608948065845
17194,30759.154069443815
17195,114041.20260610407
17196,48001.417989150366
17197,53025.35731880011
17198,92202.66511701098
17199,9741.151933358906
17200,29969.257140290174
17201,28014.705728982575
17202,7897.764959377844
17203,46279.22541826003
17204,44145.69340535357
17205,104977.45682139636
17206,52801.52434194522
17207,223879.56369844338
17208,37522.11859078118
17209,173735.18825942796
17210,34891.72483728388
17211,76467.03702706967
17212,125742.97003200345
17213,13413.307976584148
17214,69451.92852867591
17215,80393.74152127762
17216,44723.82719151302
17217,46662.292873097416
17218,216865.18904530737
17219,3066.9582640722665
17220,32939.25543470883
17221,17063.426242702357
17222,56667.4116981942
17223,11670.542843837791
17224,15417.839770786795
17225,82145.67866903437
17226,61732.42714877785
17227,46205.57917990298
17228,41280.66077706075
17229,69140.38214445638
17230,9350.625188475682
17231,5483.297780074356
17232,64511.573158303676
17233,19467.909748123813
17234,41772.04637550485
17235,9004.848139314956
17236,137775.86201365295
17237,159052.68269862985
17238,79698.3505692177
17239,77187.19735905073
17240,47389.08648820383
17241,42385.10530047152
17242,38871.98245552978
17243,67792.18647060878
17244,34821.94189530021
17245,80894.5336799236
17246,47697.66493434953
17247,35021.3040091824
17248,144651.39550539854
17249,79800.27387909661
17250,54858.87755944973
17251,53828.2528633336
17252,49287.2063106211
17253,44835.41034145043
17254,8127.877165138537
17255,46467.548803882986
17256,2497.9514993045873
17257,8479.46587661976
17258,86776.14808487975
17259,47880.4362887916
17260,64688.703489256324
17261,54494.37114114303
17262,7775.845066872017
17263,104886.65441490157
17264,35817.627281316454
17265,27161.948175095116
17266,18209.08751108606
17267,37602.02393463992
17268,167382.0430477713
17269,97476.78983061781
17270,49184.88843381473
17271,53863.8348847192
17272,35506.93220782521
17273,80521.91628000326
17274,84310.08703265508
17275,46930.11222307869
17276,23171.983960647285
17277,41769.583235758844
17278,61228.2031704714
17279,85779.46835626384
17280,38669.67907626045
17281,65405.420510129115
17282,41272.82652983884
17283,39270.0518834108
17284,17469.08266263093
17285,18008.173900721024
17286,60599.67050796212
17287,50515.71314059866
17288,35544.92309813708
17289,50621.54293765748
17290,54007.133810036095
17291,40141.30124239916
17292,7713.536197823486
17293,9542.413408182785
17294,33464.68293018841
17295,36522.93427299156
17296,49253.54098070744
17297,104124.14232531904
17298,45516.448603154444
17299,18609.8835031141
17300,21890.152830004685
17301,28789.283072255028
17302,56867.25608043879
17303,104289.65268363334
17304,39293.21697737493
17305,11425.80663502293
17306,56440.150114583405
17307,36150.85635847361
17308,184701.22397651715
17309,54382.63101104971
17310,78971.95859489872
17311,13797.549774899158
17312,77913.36491985677
17313,41436.47840229391
17314,42927.55545179997
17315,62388.1654372037
17316,50597.803179296505
17317,34695.73697370051
17318,56266.707696895675
17319,11313.604063977895
17320,30521.626323692235
17321,69513.38525072139
17322,38140.52596414826
17323,55902.45712253461
17324,38155.56041836385
17325,19211.750729914347
17326,26917.789107619687
17327,62159.44776591758
17328,35940.73063997488
17329,83378.90594662103
17330,92412.75090323269
17331,57260.417182207566
17332,49464.48228973772
17333,24044.658512981998
17334,36842.27403865737
17335,27073.771899438336
17336,86940.83739681175
17337,41039.64188402041
17338,20326.70702408141
17339,6960.909033866166
17340,60880.79858344032
17341,125764.32161539566
17342,46844.285666353295
17343,21357.884286610406
17344,14924.958645130215
17345,98830.84418017231
17346,31122.222395257897
17347,38284.31615233595
17348,23657.631355666526
17349,46563.88311294029
17350,65060.43264290326
17351,177903.62819592198
17352,24449.128076411762
17353,78166.73853264273
17354,193608.25510981804
17355,81397.5549089928
17356,4125.070775045674
17357,61197.23752535324
17358,72307.00020516617
17359,2213.6967568055497
17360,43531.989660991916
17361,142777.97195659918
17362,55697.39072288133
17363,93101.20052698659
17364,6156.090694148458
17365,43907.42550161921
17366,114574.94242561286
17367,5357.366177725704
17368,43369.10227445725
17369,33204.607466432244
17370,126523.12647592963
17371,32549.308326828035
17372,55162.60523991708
17373,114733.5905775789
17374,108936.60601383823
17375,45214.51322400562
17376,60723.91411570698
17377,10816.883626992445
17378,40835.72662230528
17379,44788.45593464948
17380,12434.40250549684
17381,46973.77764739629
17382,126444.45227136725
17383,28881.962129569903
17384,32652.439340591067
17385,73782.15424278476
17386,133686.97332839866
17387,24915.926493642062
17388,101918.09288349
17389,29254.504814771444
17390,32114.274606051633
17391,54585.0554775093
17392,109897.02240730864
17393,90978.72192653695
17394,120793.62092334249
17395,60115.62711586057
17396,33884.454162911934
17397,113341.61780746195
17398,62450.17296582349
17399,6299.385425739845
17400,69782.90337752635
17401,34044.978300286624
17402,191678.4210772619
17403,21901.181762236327
17404,2307.35554819439
17405,93123.63332639913
17406,5167.619722740147
17407,102394.7636866775
17408,24229.318470166778
17409,49678.85023497823
17410,47885.3722011878
17411,56444.04299523903
17412,63520.945226815056
17413,111167.47321697227
17414,48752.31072275541
17415,78061.66859020325
17416,1768.0185281854735
17417,16749.731766365905
17418,6226.833808671485
17419,61841.949653976095
17420,52716.64522800789
17421,62909.81234592265
17422,43920.0956419476
17423,47046.689173543244
17424,84562.42911678132
17425,8930.234061533392
17426,82947.52836252195
17427,40516.37687235066
17428,20839.55330928129
17429,108576.1353246252
17430,173394.02492703978
17431,62114.57826855024
17432,28856.84413642581
17433,88149.80600420912
17434,40664.14460684289
17435,44982.34873169962
17436,5360.584168583614
17437,49286.02685254824
17438,60564.35840381313
17439,58325.72010467739
17440,60715.39918956259
17441,59691.954295232055
17442,29772.913275128467
17443,70042.56932791535
17444,162923.1643357304
17445,109207.52239125647
17446,61209.83904603956
17447,56141.468459136006
17448,48022.45767746629
17449,178415.974291826
17450,65866.92716074003
17451,141294.845266044
17452,26922.832711852123
17453,206690.275990647
17454,29786.93672274034
17455,74379.0584992504
17456,27534.335691146804
17457,87443.36185022494
17458,26144.055153164758
17459,44449.41900900448
17460,17830.99508743379
17461,96209.55877006467
17462,24976.549534207574
17463,58789.79100261939
17464,10283.020960164597
17465,66132.7952587759
17466,19637.072946854332
17467,66251.26372663796
17468,79841.95309202556
17469,125158.71092537837
17470,36063.69911736752
17471,33938.855074809646
17472,43227.265521940295
17473,11850.704650977452
17474,10125.899196467584
17475,17469.53077790647
17476,36830.64277079943
17477,144086.75621529235
17478,50653.41105514761
17479,50014.850628340944
17480,8257.401638165758
17481,53634.259134612
17482,13216.523916992877
17483,38544.26047668545
17484,49108.99287002036
17485,23760.24224028798
17486,1611.3433202660271
17487,77759.76510783285
17488,56493.98873773611
17489,40234.50769480947
17490,49290.15155658309
17491,108985.09786931911
17492,15613.374188434154
17493,73842.28753133748
17494,51261.72642655544
17495,29694.37114659838
17496,40721.15307881675
17497,23539.545539127605
17498,275577.074950641
17499,100670.990124756
17500,23442.38481952527
17501,41447.248137086586
17502,26167.61192634226
17503,21232.56866534175
17504,50135.329168408585
17505,102024.71061793284
17506,46714.9509411718
17507,143006.05996472543
17508,90568.19218164889
17509,65326.03471529365
17510,32678.771917778988
17511,102911.38182874101
17512,1223.1474561738094
17513,12453.340515597678
17514,57072.69248112643
17515,10617.137335822667
17516,20558.693077656935
17517,6625.592207159892
17518,3639.2383003418877
17519,9198.336489892345
17520,209387.1363152009
17521,39410.96565271467
17522,119178.18923664819
17523,15444.42480785319
17524,53203.9081416028
17525,140839.26686303932
17526,99795.9768743956
17527,73085.52319245231
17528,9714.073721311039
17529,2804.031806295969
17530,62449.51888486825
17531,35437.33355880091
17532,18517.3256257941
17533,26149.643873781133
17534,8289.858322342057
17535,65074.32684334969
17536,41091.006237637754
17537,34083.10092231691
17538,77110.3863344702
17539,6171.590780887754
17540,103290.44715593387
17541,53542.6648658232
17542,63450.684597478416
17543,63552.74452215956
17544,37503.888880460545
17545,196450.73838416475
17546,63093.10405797929
17547,27923.469515615732
17548,116048.17011129657
17549,155910.44319420576
17550,40680.257151641
17551,6728.1568738073765
17552,25448.533482094233
17553,88489.0549898907
17554,40044.34045933905
17555,211484.30202511433
17556,6810.335524306692
17557,54203.96312412886
17558,42761.9938537426
17559,43287.74275487559
17560,25168.98111634305
17561,78314.2149567104
17562,173036.7923787735
17563,104684.38813275815
17564,51930.08495417449
17565,26941.438886273034
17566,44492.88906198279
17567,2536.400101286128
17568,85894.9501558722
17569,184008.44473255513
17570,91747.3615282175
17571,58738.00011056977
17572,93138.70892352403
17573,65424.73308930189
17574,9210.389872515545
17575,51193.80393301606
17576,10651.753261981641
17577,5323.60755269835
17578,24251.355126160266
17579,48491.724737274206
17580,96850.45372089813
17581,50817.948991972895
17582,40550.814776254374
17583,98798.66440740212
17584,39988.413020272215
17585,39220.683862426165
17586,35897.04432030296
17587,45712.29677631302
17588,14239.770359626064
17589,40378.43309732503
17590,12531.804622015576
17591,71170.56255706391
17592,24016.92822428815
17593,110213.20050032862
17594,62342.48310275567
17595,53879.70869378384
17596,92319.25157549666
17597,40878.86221801589
17598,67306.34884963348
17599,41140.993685460766
17600,53547.19598243669
17601,112819.88528242533
17602,134873.1125548465
17603,8735.011106315467
17604,78609.30914571632
17605,169004.76348484054
17606,44946.640598612175
17607,41264.84343931583
17608,33602.34291953468
17609,47093.74859926205
17610,43808.65948099083
17611,70797.0316153299
17612,218381.33346303392
17613,46234.1786959739
17614,2134.413090126036
17615,11774.095436924008
17616,83394.56407563484
17617,100705.6189096937
17618,29186.05694448713
17619,38133.71443763298
17620,38992.21679110417
17621,43657.98445925633
17622,29903.97588162118
17623,182604.41925607572
17624,23076.514370367677
17625,5702.828656992105
17626,120840.57709065736
17627,63571.707165963104
17628,51018.499802652404
17629,69899.49090819723
17630,45152.43881019054
17631,53326.514132865
17632,7851.972607469376
17633,3590.7953055890016
17634,60744.4568670431
17635,62429.5601125313
17636,49555.86060595847
17637,7643.579201129866
17638,61717.13603512355
17639,128550.77773536109
17640,112877.21988793762
17641,38782.254878667765
17642,112243.2161838987
17643,25417.921109567134
17644,46664.56632800075
17645,8009.175968974366
17646,42437.46218612401
17647,54827.93071235082
17648,89546.45397961634
17649,75521.16165432853
17650,40316.97191600686
17651,67072.85724796538
17652,69483.31016642982
17653,59132.90223516024
17654,10918.20263172329
17655,187905.56969592412
17656,173288.354935125
17657,4583.546175906375
17658,37242.325190540694
17659,89121.7746779507
17660,80801.84896800749
17661,95076.2358649537
17662,73266.69675211531
17663,91871.87259927146
17664,39069.81237493493
17665,43029.98720941541
17666,59065.5494096118
17667,6283.782254513837
17668,40388.234215038014
17669,4548.429277696211
17670,23785.689725749176
17671,2400.7828442640844
17672,159163.84549249592
17673,4697.079832751343
17674,40178.961047170436
17675,48706.0259143051
17676,51647.25645303866
17677,53678.76664158081
17678,69054.32128166055
17679,10425.695671397241
17680,67930.5074884016
17681,67752.23337027658
17682,56615.85905549331
17683,60991.81915484954
17684,76896.22350087819
17685,84121.61954741522
17686,37286.66548781599
17687,55143.32990115839
17688,41889.58782024916
17689,13900.042317824184
17690,53278.84174896681
17691,31290.60112848657
17692,144498.83910004844
17693,10312.278540909994
17694,45233.02523231421
17695,173926.74683178798
17696,28756.785717520743
17697,132696.61242014958
17698,148900.37944732307
17699,54316.60922529649
17700,65050.399573736504
17701,71636.68714761209
17702,39634.380038070114
17703,41322.74093773893
17704,215059.6576882791
17705,169059.93276159908
17706,157648.3291832576
17707,15217.438581616128
17708,136870.5759219183
17709,63537.85583942122
17710,101581.46549109872
17711,88997.83954147538
17712,125163.36520025315
17713,80431.11573743749
17714,5438.7638840447535
17715,92926.45278728177
17716,70006.31246272473
17717,39058.018261542384
17718,52491.605835131166
17719,34799.93633209978
17720,17450.249540348017
17721,50640.72173851337
17722,16546.781703199125
17723,43692.29163415936
17724,67227.27644853306
17725,28683.425663399288
17726,121199.9450386266
17727,80798.65233210937
17728,59232.15296120314
17729,9028.177569877906
17730,23655.420306992302
17731,7577.172530598201
17732,67163.7896865289
17733,48852.459457189165
17734,72759.8590937309
17735,45304.09165994154
17736,24405.452345264617
17737,275686.03555184405
17738,149183.45828858795
17739,87278.61931573438
17740,173792.42382304042
17741,53948.24313634743
17742,5084.466285952607
17743,64530.4046859957
17744,10819.963293419562
17745,103873.98533453759
17746,54497.15113208895
17747,71003.68774935593
17748,13848.395964704205
17749,134571.84139006882
17750,35043.69988050937
17751,72076.34924801848
17752,36800.870692274824
17753,55877.592170720025
17754,87215.87317098281
17755,23019.360101064958
17756,6648.8243891268285
17757,96715.64039818424
17758,46008.242546761445
17759,108528.00703195682
17760,29073.927201881128
17761,105824.31817877883
17762,45129.318661526006
17763,144250.98669119237
17764,32392.72768143894
17765,36233.6974958403
17766,43850.88045507029
17767,42628.78711994284
17768,73298.10170660258
17769,55567.1419361789
17770,45562.32638271798
17771,126599.83036262442
17772,18490.500334032757
17773,51592.61056132499
17774,14592.917351310049
17775,67276.3090715447
17776,53792.27950622305
17777,28358.41699009433
17778,28892.95798868841
17779,59512.17770064418
17780,107829.48447299778
17781,82539.69635248443
17782,67632.17119471014
17783,55396.256822949545
17784,6096.455389295106
17785,43124.95905817381
17786,62156.62054049057
17787,78199.48672570554
17788,26470.506014664235
17789,50365.20448990497
17790,70693.93689892975
17791,50825.81586990399
17792,108039.39596312755
17793,27144.192292197058
17794,35653.7785006921
17795,54159.58152984729
17796,7943.42692544612
17797,95306.79187274315
17798,2550.5884616296885
17799,34583.74680175127
17800,6355.1916711108925
17801,26640.483834429484
17802,187207.42578065902
17803,25776.308483471363
17804,34250.82140135479
17805,21690.669309410667
17806,57666.604350476904
17807,5050.6485067535805
17808,5340.347692942715
17809,46669.10068920769
17810,182576.62607264597
17811,84094.38991847978
17812,32053.932656910747
17813,61413.182520640206
17814,62805.01296076846
17815,28546.156776312415
17816,10789.761929181499
17817,79188.16853604872
17818,54859.613352305154
17819,37827.338223231374
17820,55811.32874792553
17821,46610.917922944725
17822,72015.50912601029
17823,23914.957208363838
17824,13818.23361020546
17825,30869.62399851793
17826,101984.2098263468
17827,30709.01852984408
17828,40149.11015983784
17829,6461.445039408689
17830,49923.22295427528
17831,7903.63116271568
17832,25308.561090768235
17833,138034.36518973197
17834,42747.78013926489
17835,90829.84106998744
17836,37731.08972439103
17837,88935.8835453536
17838,47629.988840034704
17839,102187.17796421183
17840,79089.6626148949
17841,46775.98471984987
17842,3158.728435389593
17843,38557.47482182548
17844,72890.93008486423
17845,131177.75699091883
17846,45959.48820322053
17847,12278.439860539955
17848,26035.624207540084
17849,42069.11365697536
17850,21429.52197205932
17851,156622.96334496452
17852,40162.01620382916
17853,89355.61050618642
17854,20937.844669850503
17855,71663.42307463582
17856,10784.621990772264
17857,58862.35423795765
17858,51089.800481028826
17859,275743.25862534926
17860,132823.4724030571
17861,213267.0902140674
17862,45216.27860042816
17863,15092.094413616811
17864,64507.905425467856
17865,98032.09342426831
17866,82755.28808278074
17867,12542.193544969909
17868,26950.745276300015
17869,60259.0654066789
17870,19816.98620670606
17871,28631.422390142576
17872,56590.58908341352
17873,83158.45226673261
17874,71082.6269072763
17875,24797.325788952185
17876,49751.71382270596
17877,87115.17983054463
17878,174195.29956246036
17879,17390.84027800954
17880,72183.1029604395
17881,81971.13686096891
17882,101441.5012656389
17883,57392.92879346606
17884,3410.7821850661667
17885,17402.191720121282
17886,77513.5056055037
17887,16069.631531201756
17888,99792.57930926424
17889,192855.2780787486
17890,48897.371753687425
17891,45949.409463819815
17892,13680.730755463954
17893,180954.6237315668
17894,8545.422211027986
17895,24290.14266625925
17896,40121.07407828499
17897,52589.44508670092
17898,16373.953609994252
17899,74751.31279855876
17900,45631.36606960919
17901,28928.68125931438
17902,47852.94409565598
17903,50231.32341098063
17904,30894.127707914777
17905,148217.18276942393
17906,168447.89892854364
17907,38204.778143172196
17908,4986.628928023619
17909,53224.757316770774
17910,45072.21691564883
17911,104654.41266613097
17912,195178.37896395446
17913,46930.048839145136
17914,65811.25973018928
17915,37238.721060371114
17916,40932.55208701297
17917,8434.981369053063
17918,6198.074557536845
17919,8571.071683828151
17920,54346.453351102864
17921,107003.87661932831
17922,41830.05275653971
17923,65414.44064777742
17924,51258.329330850276
17925,53669.753834692965
17926,124250.65720018507
17927,128295.6517289838
17928,6241.841144022464
17929,57970.990797523555
17930,131446.2679593131
17931,31186.67905163504
17932,5784.554721164925
17933,23378.24610332978
17934,88834.57475376081
17935,48154.20326143597
17936,124258.5915944363
17937,54290.98581300298
17938,33732.93235157065
17939,21657.168056827068
17940,103747.32470483314
17941,44744.2458718022
17942,218669.18466591244
17943,76326.83209756008
17944,33890.81390843486
17945,1615.5482503884875
17946,17647.030923293827
17947,43872.24730691102
17948,5097.5482272887775
17949,91269.90174645875
17950,164666.36812351004
17951,88660.47214049834
17952,49630.5364335357
17953,43977.18021179277
17954,30975.08019820775
17955,11555.26823409238
17956,116743.37943465188
17957,37190.81044968847
17958,60608.19892888794
17959,7788.311305523575
17960,207969.8437187906
17961,68989.77592459775
17962,40577.83117457991
17963,2377.949278776092
17964,46316.06412778402
17965,203113.64259925327
17966,37707.07066702431
17967,165676.0434891932
17968,32568.94657508246
17969,6772.72426679194
17970,63459.31254795352
17971,97193.94204228024
17972,30978.638552585064
17973,38843.791132323706
17974,84478.65327053862
17975,105931.0344034627
17976,45180.161042853906
17977,181987.2773425083
17978,197274.61055297175
17979,46187.17693629115
17980,177734.50220166607
17981,3250.533450286266
17982,21422.058528719266
17983,143780.5422257815
17984,122605.38397360317
17985,6390.636773902236
17986,113971.58081538025
17987,103987.38287841911
17988,61177.859137572355
17989,34033.15246240653
17990,4530.8309236413015
17991,2162.96984888742
17992,29858.599264559714
17993,115641.60629531552
17994,2235.0746846028132
17995,47296.44426830246
17996,63138.80838947607
17997,27171.709425226767
17998,30605.51736783461
17999,275545.4927587976
18000,49328.5347566605
18001,127898.55499083796
18002,51791.86737049457
18003,64585.95629466497
18004,110603.01024930266
18005,45974.57289728785
18006,71745.02121897374
18007,39446.15310571021
18008,147734.02972335267
18009,78285.14179305045
18010,46051.453576942375
18011,108205.72652018655
18012,32726.23206061179
18013,51790.328885791976
18014,91286.97306134552
18015,62283.16968698135
18016,51869.68955228233
18017,25900.98927642077
18018,38263.818703030796
18019,132730.9798873073
18020,5489.141125129594
18021,52084.27622047986
18022,43114.91861859173
18023,38025.63081320045
18024,225970.54669192212
18025,100192.08080472001
18026,89882.81923755059
18027,93323.48216807081
18028,33857.57608445679
18029,63996.12278641592
18030,46661.44523187553
18031,69160.03149266692
18032,46095.42833926898
18033,44609.49207742683
18034,35110.03216499785
18035,42972.15394048758
18036,52552.042878567125
18037,18567.236322052
18038,25370.90281869024
18039,119248.49268633158
18040,63040.0537532652
18041,41608.63568291883
18042,147226.51096539685
18043,54277.46549928237
18044,6375.260912804323
18045,7005.101006503307
18046,41414.020979562105
18047,16819.859779523682
18048,198992.0654983473
18049,44241.6662843814
18050,141251.98746659028
18051,46068.40665275997
18052,17083.785407417276
18053,53400.533036804045
18054,274140.86457983736
18055,35270.62794344368
18056,22619.4230390744
18057,64129.88899959708
18058,48767.22481007252
18059,43762.973314004696
18060,30994.519858692158
18061,74406.70231066537
18062,85003.45886732792
18063,143827.26155362278
18064,76858.68558307979
18065,121521.50581717287
18066,158966.3647360899
18067,55506.55319598622
18068,39806.982142182846
18069,12818.322589157597
18070,58468.89130247581
18071,63037.943671610396
18072,4374.136475071704
18073,2633.127766187084
18074,121095.60819894412
18075,46574.06958771798
18076,53785.55315682893
18077,34752.43797221116
18078,147958.4160288305
18079,52093.66733222742
18080,118534.56048211113
18081,37836.40633436023
18082,94604.3454823863
18083,5188.8053592922515
18084,53785.24305412532
18085,136557.36931986077
18086,40623.165975029515
18087,26006.120814005713
18088,35368.432348908456
18089,48134.79295101703
18090,111651.86505514622
18091,8060.740612501516
18092,53051.721997008
18093,35680.47835136721
18094,97951.93867479156
18095,42303.557640212486
18096,82626.36431488299
18097,2861.2735873048823
18098,77787.4764046908
18099,143242.97485346254
18100,132807.89741748545
18101,42901.48103407059
18102,23341.467319831147
18103,77094.06243180382
18104,16127.872962839707
18105,18302.795478618376
18106,31661.93625139514
18107,84126.81347375909
18108,47821.361493801094
18109,28948.843837207165
18110,47938.89803650407
18111,51231.08363160665
18112,40590.57462023994
18113,48485.866593667844
18114,40504.34114006818
18115,30774.284102581118
18116,23364.513296517216
18117,6310.778732489087
18118,75633.04216602258
18119,142759.3469336042
18120,42576.018060438815
18121,71681.41580308143
18122,48167.90973499778
18123,58031.49567510657
18124,53132.542879678884
18125,178708.27442468304
18126,56484.59793629394
18127,85840.78092019822
18128,41991.29603097797
18129,63311.718514830725
18130,6666.083410853283
18131,61448.45236213169
18132,111059.80339254088
18133,63320.88375199661
18134,95577.89610160221
18135,53378.34091675107
18136,59483.493361389934
18137,54195.51211025069
18138,57659.84251889414
18139,49878.79463637274
18140,94429.40382109884
18141,13529.915350666139
18142,52789.94711285545
18143,30166.250610148138
18144,120376.9396923834
18145,23344.188601297294
18146,42361.4124094837
18147,43066.863385474935
18148,68025.34763477447
18149,25793.312212205758
18150,27888.726108592502
18151,44331.10716790056
18152,44000.33328848876
18153,51158.68836956892
18154,32231.08434187798
18155,76290.43706356332
18156,39672.8691421194
18157,13564.2138510441
18158,84060.54253362714
18159,16115.485404585224
18160,91421.80241456522
18161,21431.90521377412
18162,49138.24120993463
18163,1298.4942704979765
18164,29536.59162590858
18165,62019.64719597585
18166,43296.6753035861
18167,54373.02536195575
18168,3598.9017068454823
18169,13966.879205968567
18170,23717.51174851266
18171,37812.65796382584
18172,35267.79276691506
18173,54494.358028612296
18174,62067.31303302543
18175,58480.45953978962
18176,38059.87627854833
18177,92573.11316645324
18178,30219.101865880122
18179,75741.42947227902
18180,54364.436210712025
18181,78418.6714683627
18182,21972.48739610456
18183,16001.09714364144
18184,100265.67245850721
18185,40189.013468222984
18186,20773.073702198137
18187,54935.825477496066
18188,276000.3599167829
18189,275127.3790513228
18190,40225.72580902435
18191,91423.70675411745
18192,67082.7217310513
18193,101584.09812301806
18194,158987.98042158695
18195,88342.63030857373
18196,139510.82337487047
18197,4379.046638103112
18198,20334.958985346926
18199,11426.955426925477
18200,19810.07389987629
18201,38465.22351461611
18202,44048.74934817267
18203,41868.16300624714
18204,27442.008261206298
18205,56134.36480411019
18206,76893.46067640475
18207,53686.01684951319
18208,45327.884643953825
18209,4466.824209406086
18210,155891.53537490222
18211,8383.61502391103
18212,129609.60464325546
18213,9401.422930005705
18214,90659.77863928089
18215,56860.404835229165
18216,85122.62043409675
18217,62028.72175851164
18218,3177.698541568977
18219,33339.67217170498
18220,29076.403697507016
18221,53329.62507002048
18222,191912.26620038893
18223,74001.41353037456
18224,53456.509165999756
18225,9103.371923971985
18226,64758.4593823319
18227,70673.12051076307
18228,30493.03458756431
18229,5240.296776663459
18230,71605.35484245024
18231,5442.670884540296
18232,31823.898112932
18233,10193.267456719777
18234,33834.16068014802
18235,246960.6232666848
18236,150814.8029981609
18237,124037.90387007727
18238,35695.010731205184
18239,233250.07179079516
18240,67162.49275487274
18241,81593.97037928403
18242,48434.640556761835
18243,50307.651263297776
18244,4056.571591037136
18245,46913.17581509807
18246,9760.557700181238
18247,42581.89665283037
18248,140282.27250370683
18249,45096.47573444462
18250,48728.97683125047
18251,49855.07057979896
18252,34763.37803300163
18253,121885.27860793113
18254,51529.66700768971
18255,156335.537824442
18256,156148.810376852
18257,21502.277940107404
18258,50336.45769565573
18259,28663.30436887982
18260,78344.23118005748
18261,2605.1553691556473
18262,60641.286626253954
18263,93374.64266130891
18264,186160.0712189953
18265,93485.07930599802
18266,18245.140689001302
18267,62122.34508825292
18268,14065.036337751253
18269,56264.49489404655
18270,18671.54464149957
18271,43121.8015993359
18272,9235.612919641078
18273,38204.1095865163
18274,16725.001653660318
18275,49908.20460960193
18276,52176.24666025149
18277,100702.83659212764
18278,47255.590503016436
18279,10518.9973009221
18280,45634.25076562452
18281,5430.557380880623
18282,81145.62895777819
18283,22372.635932418634
18284,18236.427677748703
18285,87653.88489646523
18286,66688.15917764555
18287,68755.3206397264
18288,16893.611770843305
18289,46040.91517130126
18290,33008.73004591173
18291,46096.74067440695
18292,47790.0641998032
18293,48497.59827318696
18294,91289.09104469746
18295,82803.91160208474
18296,47075.17372234164
18297,4893.896847148367
18298,85671.74627299525
18299,40441.44465960539
18300,191492.4851586155
18301,16550.78750159509
18302,167598.51955365448
18303,2901.8482420099053
18304,15975.466795812119
18305,49480.5414389552
18306,25805.346872242622
18307,106536.20411813568
18308,75030.13389428417
18309,74460.72187263789
18310,62363.281836602655
18311,15968.087975329598
18312,95483.1182093185
18313,83150.69246756112
18314,55972.461701114626
18315,204020.80387463918
18316,6975.169180041603
18317,8216.18887975118
18318,4483.554194227795
18319,102974.12877282267
18320,62541.13839669449
18321,1768.7597316597376
18322,8692.970799569566
18323,110195.00228704645
18324,130243.10565215316
18325,71719.99122533815
18326,36790.56579919262
18327,23833.43650216332
18328,51503.15376088389
18329,37327.58630347604
18330,35815.352191187754
18331,47758.4387495284
18332,53094.39692262268
18333,171924.94548374665
18334,10824.172352108837
18335,1102.2357803374757
18336,41684.998696608876
18337,199853.21407811483
18338,37148.66027955369
18339,60210.568845927046
18340,43309.15675899642
18341,74918.75892100898
18342,239109.5420054392
18343,36382.169197991876
18344,192849.94803751056
18345,133894.79096827185
18346,62114.18845074026
18347,43811.625799237234
18348,39170.01929718285
18349,28483.28000040416
18350,174734.36937252607
18351,136512.4770515055
18352,87645.75951122347
18353,80698.68988642991
18354,12291.620891021654
18355,6791.437866406437
18356,221275.75958797013
18357,33635.16874936735
18358,15388.12802783803
18359,50493.29087876165
18360,44408.8424469709
18361,2758.701548216339
18362,146982.97893095735
18363,65316.911339214865
18364,182294.95424410395
18365,49550.00095989589
18366,6904.909386154935
18367,6728.577284445808
18368,50193.55280880699
18369,36855.349929941716
18370,3522.097857012304
18371,63460.244548299306
18372,86970.35492068024
18373,54603.73084985023
18374,71373.36187640643
18375,48389.038561139176
18376,3407.156428587718
18377,44734.39429444672
18378,41055.23273084381
18379,83669.54243938561
18380,70435.40753658419
18381,40363.57889161601
18382,87331.60410948012
18383,82385.00940043428
18384,73262.59541794221
18385,70182.99119287454
18386,12536.456510364951
18387,44937.345831488434
18388,74972.66093712715
18389,54844.50120172494
18390,26457.262983510955
18391,7167.890096789453
18392,174259.0105905735
18393,41959.65764623534
18394,36956.20594697322
18395,53624.94249552138
18396,38686.37677136818
18397,50406.29655574273
18398,52705.46166943954
18399,42917.18964601892
18400,49781.13337561518
18401,46585.24306752426
18402,72677.25330580628
18403,19319.241359204287
18404,57724.91844719502
18405,26777.00420208539
18406,42419.59991729402
18407,10059.325528663507
18408,148926.52155615
18409,165218.9269131251
18410,9179.632797142587
18411,6020.050516768956
18412,46720.57169806381
18413,50917.2378915266
18414,122467.75576189697
18415,9676.246094446858
18416,103694.28220514162
18417,34230.63598907414
18418,51854.23160079468
18419,12325.985694594718
18420,37455.375084506726
18421,13101.29409241086
18422,71624.79033934386
18423,39383.17666134669
18424,53738.766003904886
18425,5422.733670203545
18426,35662.61586622814
18427,29990.861464980502
18428,27221.311383331617
18429,67790.1751760476
18430,39454.195372502785
18431,11958.902952515811
18432,57408.28575302936
18433,63038.261439410126
18434,45411.79159531591
18435,22228.61591667972
18436,34119.91163642948
18437,169532.57734124645
18438,146637.93837650245
18439,43219.55472202625
18440,26703.13871167526
18441,30905.35716674337
18442,38846.45708385874
18443,3337.5614804445445
18444,43377.11057627391
18445,3432.7293630663457
18446,66474.81115757822
18447,12116.201294799133
18448,4156.441786483686
18449,23052.02663976787
18450,6131.041378993384
18451,63622.460249680495
18452,38166.92181512846
18453,100442.86039099803
18454,10649.865413599213
18455,77602.82428610802
18456,212632.60173270994
18457,38145.27889367758
18458,146385.14154458724
18459,36308.920233559584
18460,3365.9564200833106
18461,29686.533226741798
18462,25246.305526747103
18463,31436.565576556535
18464,48277.934891738136
18465,39176.11411198532
18466,24588.61340229777
18467,5993.230333604967
18468,39504.29360018601
18469,47371.71829321509
18470,8756.435848134306
18471,51567.70858137408
18472,112678.61487966526
18473,105597.41902464915
18474,49339.88849018418
18475,56121.376008603336
18476,6087.304614010122
18477,202271.85987045648
18478,28991.59621089459
18479,142622.1409809006
18480,50277.27138078354
18481,11665.718334604298
18482,12823.593286805688
18483,74631.33760804677
18484,17149.557666604807
18485,44330.93001998219
18486,72976.92252735997
18487,10951.669206704415
18488,67528.85568594305
18489,45585.842863339676
18490,40707.57808560867
18491,51206.00495372564
18492,1769.3777520476224
18493,162989.9742662424
18494,82516.03185110282
18495,132158.01965059104
18496,8109.437995046339
18497,45865.71040065168
18498,78818.71231844008
18499,20510.28298361726
18500,78416.36571177164
18501,60363.641361584014
18502,70477.66370113693
18503,62267.206297805344
18504,51824.9262762518
18505,46498.97618188897
18506,12139.552030187413
18507,6127.87306729546
18508,127875.45566779333
18509,41823.68387919153
18510,51146.040630599695
18511,17808.960024564927
18512,73541.35886259253
18513,63655.25418560214
18514,213674.6113282462
18515,166707.33656558505
18516,6812.818868347521
18517,75591.10564362285
18518,9834.167202674273
18519,29662.794963732696
18520,34497.9978546371
18521,16031.725174221932
18522,130218.32364902348
18523,35959.668459150926
18524,19073.843620264463
18525,74312.43256966781
18526,28987.489885942752
18527,35611.97565028858
18528,45034.950123848066
18529,213912.12099306093
18530,101192.63054957804
18531,25700.592517263256
18532,54971.75019188648
18533,138264.67890425073
18534,42808.17316682108
18535,50948.7774399747
18536,14604.349930235887
18537,125249.86590029391
18538,4666.107282108345
18539,47736.78015078227
18540,115527.6622224849
18541,23735.099916664487
18542,180213.36081969715
18543,43684.22415292462
18544,1569.378344274577
18545,54133.75796669725
18546,65631.25610435054
18547,12591.169827578493
18548,80133.47230311649
18549,34090.61122460746
18550,35068.3945986815
18551,142815.09626506193
18552,131352.87831898718
18553,75421.04022735765
18554,6334.892648792263
18555,3454.114396734228
18556,8025.408597346198
18557,56135.066640340876
18558,104907.5545373227
18559,123518.59742638384
18560,40965.97946482395
18561,48969.06848019162
18562,63068.92640156543
18563,88988.7715955091
18564,85008.62822981995
18565,40099.89116768325
18566,15357.113228644417
18567,161381.1953270392
18568,66605.2621243174
18569,44750.00216003383
18570,87722.6377336672
18571,4223.055471433765
18572,13259.05828067166
18573,32429.354174548775
18574,29656.64052338459
18575,83733.95633925346
18576,51869.963813530085
18577,8279.559460161967
18578,43387.79150173369
18579,38002.334817119205
18580,81427.13409199454
18581,145380.9614760469
18582,108725.47748609872
18583,42663.82688848533
18584,8058.752519665451
18585,143962.81864634028
18586,277858.2559746832
18587,173357.1904270193
18588,37409.45238754894
18589,11689.47400842261
18590,57213.46350832944
18591,45465.36014002368
18592,40321.62418773905
18593,28759.44784481137
18594,33712.44090868927
18595,48876.521469827494
18596,45407.36068331855
18597,52579.28530709612
18598,13350.374645227124
18599,38722.39457253211
18600,9853.888928437094
18601,7480.257537687052
18602,79768.54586959883
18603,44646.2191400956
18604,39807.70823574717
18605,60228.974404854336
18606,104140.76157800105
18607,104241.21461596769
18608,38054.73591773546
18609,9778.455454101675
18610,50295.205360924076
18611,99458.50307488212
18612,5944.587177154292
18613,28414.56469333142
18614,66579.71125519408
18615,60593.19101294984
18616,37335.34517363506
18617,6512.075098015
18618,37967.75357911241
18619,18405.32422705425
18620,30808.194199061756
18621,35814.525580282454
18622,48807.51270494995
18623,65794.99578916225
18624,42579.32894104901
18625,20123.828689907597
18626,106282.79738241444
18627,50392.42998225641
18628,47128.22356676489
18629,13909.086986437449
18630,21555.58195396104
18631,29224.540645021225
18632,32982.6915376708
18633,21141.858026502043
18634,83601.63383373093
18635,61717.441336291275
18636,4803.195130301935
18637,37716.450856938856
18638,81834.65728922638
18639,50823.90486008152
18640,47537.97548663923
18641,52696.82490572229
18642,24316.472702132767
18643,40143.26886526063
18644,72254.10405793243
18645,45414.85607793012
18646,76473.18878921923
18647,1789.3784802839139
18648,39624.60702177228
18649,46078.17586428046
18650,91289.10374330636
18651,48725.99122438152
18652,176356.64459962255
18653,73650.0664163601
18654,122560.47730817912
18655,12873.972794978568
18656,51675.80124504813
18657,1932.6124973966444
18658,182501.7847675038
18659,81213.89753227046
18660,5569.610942836424
18661,14081.86542105665
18662,72523.15910436028
18663,92656.27183989073
18664,45388.86868140366
18665,112802.59585708124
18666,41177.69712962347
18667,122146.96090592141
18668,134021.4050426192
18669,8450.072607963619
18670,85844.29898716167
18671,47709.86582692871
18672,207703.06574054016
18673,34636.060863327366
18674,50493.72354250188
18675,14851.778313485083
18676,70537.68294744178
18677,148917.33217150817
18678,28265.411615718014
18679,110741.18943603517
18680,70769.56082550167
18681,57768.7543795789
18682,33800.34538283578
18683,217964.0314237012
18684,49821.17555953046
18685,156567.0450271037
18686,76743.27687655548
18687,69954.72279919885
18688,17370.95560929542
18689,43091.75782309401
18690,32056.7589271313
18691,65405.00953742088
18692,38398.55796045165
18693,86997.87921864551
18694,53346.09036011851
18695,2214.01792823256
18696,134816.48397684813
18697,168191.0744609826
18698,123631.3071278889
18699,1838.9251509991318
18700,23642.769059010014
18701,69888.12983069579
18702,11330.881007644413
18703,31146.001565401755
18704,42798.3618329413
18705,133164.8617029145
18706,31713.11003993158
18707,4734.025743480485
18708,44208.682629116454
18709,54661.74365553788
18710,36569.06230218515
18711,79871.75793361115
18712,40396.65594142464
18713,17614.93285638571
18714,32521.577052279037
18715,55725.08822080479
18716,209053.19138291726
18717,116229.43581244578
18718,44173.72347484082
18719,103700.10731106738
18720,31108.78803761028
18721,139453.49947756168
18722,55166.89743838096
18723,5515.762033125652
18724,43211.58810419995
18725,155398.1407304371
18726,38914.75300603481
18727,20991.2648424166
18728,98986.22040234067
18729,41462.5238070701
18730,61846.717701897105
18731,45587.449382494764
18732,47138.08387394131
18733,75007.62032612423
18734,42714.33435857442
18735,72386.56100772618
18736,252257.7434109325
18737,13760.892606902848
18738,67924.11860102737
18739,50558.029672591925
18740,2613.906142017307
18741,43835.213767264046
18742,44237.51234725415
18743,47622.55964835942
18744,53627.61084030513
18745,130130.1963271378
18746,9331.130366435884
18747,45497.34928494553
18748,2959.044433947265
18749,23654.66207108629
18750,29977.03858558507
18751,26155.73752682269
18752,39530.32704812527
18753,71575.08249360892
18754,68491.57487008772
18755,56118.183234877775
18756,50981.47522705118
18757,46057.98659518212
18758,85127.42058547169
18759,72676.13824718815
18760,31662.25141049551
18761,22481.201337511746
18762,109471.9530136811
18763,25432.024805628702
18764,51298.70764130455
18765,55677.875329548195
18766,151516.44309283956
18767,85548.26530906686
18768,57217.14013545904
18769,6262.270664457988
18770,64366.32374773503
18771,123110.00711218044
18772,2170.889577344124
18773,12045.477736631234
18774,51109.397265141
18775,127754.14542245396
18776,10656.406410928677
18777,60577.938564146774
18778,4956.853367192368
18779,46810.10593156726
18780,37382.396693595765
18781,62382.84925473489
18782,16014.345364817234
18783,20754.754209656323
18784,39077.35081928431
18785,49818.51998430608
18786,3488.150301090723
18787,32640.161413554593
18788,125924.90335476387
18789,272366.75499176903
18790,14212.948995874553
18791,56107.238030285254
18792,39219.3063305022
18793,98897.36383069705
18794,67333.40066511364
18795,62077.624716885904
18796,43400.94210708382
18797,129363.80139960315
18798,59796.635951835975
18799,60783.730314138695
18800,2371.0970517756036
18801,34898.51413201428
18802,93012.33345123973
18803,100984.40442874862
18804,48045.852124069694
18805,41781.35260762293
18806,210798.19873501462
18807,36587.29439330713
18808,50076.915359739476
18809,54684.22268272257
18810,49835.66723150468
18811,18295.51615771853
18812,36645.11117279512
18813,8669.148182351837
18814,151952.035096829
18815,21145.77641132864
18816,102534.92563361667
18817,132960.80801330466
18818,44458.94744952063
18819,48896.941742019415
18820,67834.54523050928
18821,152388.40506996203
18822,34118.4168085374
18823,6975.990917444153
18824,3122.787617386878
18825,8010.599959039276
18826,146700.0991796463
18827,68243.18177180036
18828,9312.10042993032
18829,7467.85980887479
18830,34702.20925898957
18831,1273.1386565294476
18832,7875.835290147396
18833,44661.58697860781
18834,42532.419036088584
18835,115923.7460663594
18836,100068.44850832851
18837,44709.08691746237
18838,122705.96350615815
18839,153432.0452096229
18840,35627.01173996459
18841,56731.67873402956
18842,49222.617926272185
18843,42612.076739978715
18844,62835.367472742815
18845,52104.91368030096
18846,14236.904191573372
18847,26073.819289818635
18848,71089.2580622468
18849,250730.24275439637
18850,29533.78744658353
18851,81688.11541715109
18852,7560.124811300646
18853,56301.58551705981
18854,57857.26267586818
18855,58474.544614014216
18856,50667.18178611689
18857,59750.59587420789
18858,55573.14761298542
18859,82776.78013904871
18860,41308.0308637121
18861,69512.59953381965
18862,44463.93009421648
18863,40848.39963009631
18864,113398.90463494454
18865,41117.29959869575
18866,118981.95697388789
18867,17594.49826050744
18868,2818.421350373473
18869,13557.471291127547
18870,83057.0268770651
18871,23617.29814246802
18872,22080.667924744565
18873,4889.151440554344
18874,26179.97469198279
18875,173076.63544576563
18876,43940.0281717894
18877,84206.91484488611
18878,76883.8297408853
18879,12976.270710582545
18880,10178.265918821904
18881,59142.686399889244
18882,16857.72352077062
18883,4089.8624280597846
18884,147587.83845435426
18885,58522.17059201728
18886,48308.93539681943
18887,49777.051852744116
18888,56138.56230027846
18889,183822.39600418566
18890,69120.73537653673
18891,10973.234936909592
18892,32493.494333982413
18893,69000.48310935977
18894,166356.05024096952
18895,54786.11422352497
18896,45886.233028591996
18897,76562.30067793756
18898,125136.58372418187
18899,3855.6567183261222
18900,44323.65312931626
18901,11210.34413364035
18902,59294.68225489236
18903,17552.199894602552
18904,67408.45976556712
18905,49626.83173395202
18906,8775.336204844003
18907,64895.339035978395
18908,40954.97219630072
18909,52415.064882088045
18910,37614.77574641437
18911,212155.38199032965
18912,45033.093244050906
18913,13014.315193676593
18914,7755.304416490662
18915,33165.86576641257
18916,28821.395717089174
18917,65084.448184259796
18918,33418.16776991899
18919,5076.570467126097
18920,97443.11555320976
18921,54761.34349158352
18922,59598.54421796536
18923,84566.6966593051
18924,180215.77325030815
18925,120887.74662308377
18926,49250.511387624196
18927,44366.303742881326
18928,162045.10986086202
18929,3698.003230312545
18930,9915.869680490436
18931,43068.88406509305
18932,1742.1646738253155
18933,55388.71545106343
18934,1055.2127494602773
18935,21998.578840870676
18936,38284.807560387584
18937,26112.07628582376
18938,54439.427015818816
18939,44711.48418991461
18940,7772.244149424237
18941,167402.10527709717
18942,4367.771468218019
18943,107220.28717518799
18944,176843.4890358332
18945,124684.8358722463
18946,64821.83470092801
18947,32305.625960596866
18948,103777.7605569282
18949,43245.958747612814
18950,6774.400144105217
18951,11338.553271952587
18952,42530.83906933779
18953,43872.09785839652
18954,109526.62364839409
18955,82351.72836940846
18956,20446.174135891808
18957,275409.6874695265
18958,37520.216935218006
18959,106946.63571904266
18960,47236.5233679126
18961,116677.07182956295
18962,7398.241314160443
18963,47845.24171256838
18964,113435.44881638336
18965,60887.68394684995
18966,51334.94405853993
18967,57036.18433989731
18968,49496.990473118356
18969,30436.82305226456
18970,51053.54008553201
18971,6653.92469273659
18972,80517.91623734015
18973,4228.8221945951145
18974,188465.30272084306
18975,133055.76439678468
18976,737.9682886539077
18977,15774.268764449693
18978,62083.13738028495
18979,33775.89470010337
18980,55033.61680335236
18981,39748.441137888614
18982,29404.9964643074
18983,32244.38597556035
18984,55584.975172960774
18985,118770.85401613149
18986,125562.39331974072
18987,62872.110345954134
18988,72085.18202128857
18989,8632.792834433056
18990,4993.669952163767
18991,196647.57050555552
18992,94231.91939886742
18993,27087.162586029957
18994,9769.185989317612
18995,50761.81843372649
18996,121012.76651530569
18997,56748.10881610121
18998,3461.3546282808643
18999,140564.27526065215
19000,77314.38174163617
19001,51605.54585568672
19002,46683.88565137775
19003,26962.415100816426
19004,45721.56194178867
19005,122990.07181458197
19006,15040.34621070199
19007,128760.9713150475
19008,18631.911510994796
19009,49484.67116528106
19010,68953.3527207051
19011,6205.602141964462
19012,9336.651081907616
19013,70328.56050179437
19014,39471.786241961694
19015,69439.53998395689
19016,35013.65576504482
19017,59924.73577478366
19018,14847.428144215839
19019,63580.553719804935
19020,133101.2418124884
19021,55811.18759053478
19022,37794.13450596002
19023,58755.10462014137
19024,115900.28171570755
19025,40330.8925117325
19026,33247.97772330567
19027,129547.94314581121
19028,20414.044900703557
19029,50598.10558295784
19030,45170.57197219169
19031,178876.97028000825
19032,59782.458403399374
19033,163710.6060264663
19034,42422.92761897847
19035,68089.72255612163
19036,69983.84732073927
19037,44609.04980544555
19038,32416.661301631222
19039,88690.11235784995
19040,42152.311819099064
19041,12289.717897670116
19042,5742.041013383345
19043,1820.396113181052
19044,5431.529534367063
19045,131739.77561851445
19046,40514.8226733365
19047,41224.135007954406
19048,111655.37736845961
19049,29621.84047283905
19050,27775.757046780862
19051,96262.66188230901
19052,50640.1086975837
19053,133745.57320416695
19054,6365.978533738067
19055,39087.2519358555
19056,111279.17332986128
19057,32456.5121883591
19058,33393.64066592895
19059,65575.24780873967
19060,89361.65022735814
19061,29091.498021827527
19062,175808.88091612826
19063,44460.94523379766
19064,103387.17901925319
19065,56389.99555776707
19066,39371.25168622447
19067,80696.06768009804
19068,2445.026030990331
19069,45050.770244195875
19070,72148.17712101743
19071,69246.99258434605
19072,9574.285211758684
19073,38631.18491009879
19074,190878.3620206533
19075,50822.85527968627
19076,80561.88692386415
19077,57363.96345870512
19078,211595.15047244902
19079,47026.39574889378
19080,47234.40213817735
19081,60086.26171731876
19082,13189.927341172204
19083,28450.77310514976
19084,32519.137975982645
19085,40524.210290865194
19086,64583.77808199557
19087,5832.011415065883
19088,62749.13878342786
19089,62509.434607948504
19090,212470.12893648708
19091,5893.5768056691195
19092,40885.69193836172
19093,22644.64207381209
19094,3447.564817951396
19095,124156.3906218253
19096,131867.26396310225
19097,42334.07252879675
19098,53068.56957395554
19099,50522.48592734412
19100,77286.46493302786
19101,28849.255754971284
19102,93220.8282447752
19103,76071.48220753812
19104,36129.75068951985
19105,66120.02626234286
19106,138797.77645404136
19107,31275.527984344397
19108,2808.3753054073827
19109,82456.53995439074
19110,40400.63105274179
19111,38524.16311273475
19112,192375.08942007986
19113,78211.07133228368
19114,38208.40414764001
19115,46488.47793326718
19116,26762.64691304436
19117,38861.437564877146
19118,37804.38993717835
19119,207844.52858517552
19120,96265.34945536137
19121,7108.630629194752
19122,78655.47349836343
19123,43413.70326123733
19124,14199.40912384715
19125,114527.8774914824
19126,13306.32061454219
19127,132123.90333119142
19128,39034.5873215379
19129,39389.80812982452
19130,130012.29938113602
19131,65231.23951535804
19132,90957.96047336877
19133,63663.70088163161
19134,53224.78555687892
19135,72478.70848073826
19136,14510.76359146385
19137,194032.72284869046
19138,42275.98157114273
19139,74337.33885142887
19140,63127.082986644884
19141,70580.58436580392
19142,46344.48509347371
19143,75919.8668380979
19144,46426.050174131866
19145,101927.7171591206
19146,26572.872726406826
19147,9614.366257025966
19148,65122.79000518199
19149,102177.81056279293
19150,109833.1212851551
19151,46695.64475997477
19152,34647.81949241793
19153,113464.21096748377
19154,44135.17706357821
19155,29682.260710147024
19156,49450.052965711424
19157,74074.31302504003
19158,15575.168668814133
19159,60159.7473286359
19160,4467.218104975198
19161,7589.440707324065
19162,99824.66690367537
19163,87052.6032993295
19164,10626.06599457467
19165,108901.16368500117
19166,5234.143688457425
19167,42293.08096312582
19168,13677.783612936673
19169,45805.15603484425
19170,29751.94479944134
19171,4507.205112422514
19172,55225.32720142618
19173,83947.0820809875
19174,22345.897884246955
19175,76875.15062545158
19176,32356.89092743142
19177,101626.72407381063
19178,35609.42194211126
19179,42437.06889968398
19180,73375.4747053893
19181,2797.4639976268463
19182,74761.98334855551
19183,43453.09482640162
19184,106186.28170116823
19185,72631.54226253057
19186,139653.4828151796
19187,43736.695661769554
19188,31390.527218588293
19189,41677.833931144894
19190,80725.5777820714
19191,92006.83262082019
19192,34510.44854804357
19193,15168.002469336161
19194,47286.16931958354
19195,33142.866011894046
19196,163481.0554073674
19197,37275.388866663554
19198,25108.34719958134
19199,62276.6707557467
19200,37547.40189365567
19201,131930.24408588445
19202,56146.01570430827
19203,110321.40531920306
19204,70981.80219898919
19205,66569.54759869682
19206,42743.95488285956
19207,12437.900502787214
19208,2495.9556134863465
19209,41810.71958731908
19210,104600.36871705555
19211,122610.70486410202
19212,38643.30153514837
19213,129550.10177399767
19214,2337.167716718945
19215,38880.5889284711
19216,66530.4137465923
19217,5588.046514237526
19218,3227.562904810852
19219,11505.06470202287
19220,93236.67867760731
19221,19160.415345074474
19222,63591.789328095
19223,4403.80668556645
19224,13037.161366772
19225,59980.302316520065
19226,11414.875907600792
19227,60797.88835463853
19228,59960.99518646765
19229,39859.915722688515
19230,56765.407509559394
19231,132150.43384782667
19232,63448.67465292064
19233,3525.4507902515365
19234,44538.177629384816
19235,58827.096434375126
19236,43391.405101877346
19237,275561.26420326065
19238,96891.4163160034
19239,57127.39286088917
19240,129135.1124097303
19241,52482.82345083219
19242,5278.152971656791
19243,51333.34574571886
19244,12043.971705310865
19245,51881.167276021195
19246,254747.21613963236
19247,24414.725069317305
19248,5862.596048882291
19249,50092.6804503864
19250,113258.8491253747
19251,38959.516904876116
19252,6018.444173692035
19253,64549.30018674613
19254,149517.99114196983
19255,149365.0780115097
19256,127627.91858797535
19257,6084.166271284425
19258,52900.561335934595
19259,21518.631909507065
19260,116389.88065727585
19261,70132.79123656533
19262,9601.979611200528
19263,116916.72493790803
19264,17445.397032313995
19265,131590.33501094973
19266,121918.62535157944
19267,75419.69873290273
19268,36461.84513080764
19269,149055.90527159558
19270,139862.2760740325
19271,130993.42512101201
19272,55763.45066535751
19273,72890.30466565647
19274,41685.14031972395
19275,84887.55161964892
19276,127990.87994241297
19277,128960.81324258962
19278,34742.369739955684
19279,112456.01907292931
19280,12703.137268772023
19281,16922.02164252948
19282,79206.33746525292
19283,43225.994711405074
19284,47907.40694932151
19285,5520.120277156982
19286,23062.42661859388
19287,26505.817787278636
19288,50416.60672246511
19289,88358.90928976565
19290,52223.480115930775
19291,53356.03708350773
19292,61955.94137981166
19293,73689.28578835943
19294,60332.68201800146
19295,61008.089539754896
19296,14869.62118081051
19297,78766.47470092725
19298,9995.066848697954
19299,61753.66963665024
19300,68929.93328844605
19301,7274.439131455767
19302,29085.988803146334
19303,4512.108009036295
19304,239543.4814294761
19305,55342.15565006046
19306,39185.01335227695
19307,51004.70815946298
19308,89103.82098046092
19309,47201.32242259816
19310,64850.35416539911
19311,35085.223568476606
19312,133047.3206410568
19313,72326.87307070065
19314,184696.08059705433
19315,89741.35234932127
19316,82022.71354352731
19317,106002.74914399635
19318,2985.655603338604
19319,51933.05768763836
19320,111717.48532038722
19321,99719.96469289727
19322,40289.56183081267
19323,54330.6521914968
19324,57530.9436521275
19325,48094.88356270752
19326,136560.9322054249
19327,28110.18267188319
19328,42548.940480012105
19329,79526.47373580807
19330,59603.1314132593
19331,113663.06036423979
19332,19639.13564639788
19333,160207.7580953718
19334,6189.456195508754
19335,43362.79101142731
19336,58163.50314726948
19337,157032.06958041372
19338,55414.41243402142
19339,46362.83113181462
19340,2202.3325826842292
19341,190400.09691771766
19342,30573.97148962177
19343,47857.13555659079
19344,17771.478950636545
19345,6569.527048838322
19346,71041.88483265968
19347,54740.34929898975
19348,39238.2273940869
19349,38587.82108766641
19350,135040.95975303612
19351,42375.28691517905
19352,24479.502256012453
19353,21487.869794785627
19354,37813.86250240742
19355,15711.407614747937
19356,77759.60064818073
19357,8518.611198239636
19358,32039.022019038952
19359,23460.624736780923
19360,7342.268611017074
19361,46918.610546526856
19362,153392.31758874172
19363,26597.66617502769
19364,10243.416938032307
19365,44679.83719445766
19366,75927.4352730568
19367,84943.99641052814
19368,69243.64523841892
19369,46524.122928992554
19370,70033.03363692046
19371,72416.41358932076
19372,40183.56350958866
19373,2759.6383864959016
19374,30046.390321943083
19375,152162.7918731391
19376,40243.63221071341
19377,101214.32097142034
19378,203191.93139368045
19379,31145.1035256608
19380,25239.533095826057
19381,10879.994226155737
19382,13833.002908903249
19383,40620.55476576139
19384,6997.964832207865
19385,96091.25152500335
19386,5342.1876837535065
19387,53346.580055928105
19388,210052.11360052848
19389,73924.76024760213
19390,111951.48281020056
19391,57849.75619056495
19392,32527.689861963856
19393,55034.58634971133
19394,103348.77276471777
19395,109194.5677544938
19396,26189.67040077181
19397,211312.18812987997
19398,4193.734369144272
19399,58777.869785317445
19400,18948.62912112513
19401,83668.98640351083
19402,7420.433182767853
19403,5026.490373406258
19404,207233.55806343764
19405,57412.795192665464
19406,11398.38800655161
19407,74885.82957182793
19408,56710.02145143414
19409,53027.89174356861
19410,84324.06938495235
19411,138924.60722853453
19412,23756.250214472333
19413,67637.15848877342
19414,39078.91448742833
19415,64258.19416614
19416,42224.74021362815
19417,47085.095633908735
19418,59461.236928992366
19419,13332.175833566633
19420,38789.36934694419
19421,11855.510547292766
19422,43907.921791859364
19423,236243.667169917
19424,80393.54369709163
19425,2572.4116884229975
19426,66281.42086912667
19427,87441.25654113782
19428,59623.367930736815
19429,124583.18966002087
19430,15880.054278052776
19431,37800.44818621516
19432,22581.521951783125
19433,46832.10263730319
19434,89486.2055490903
19435,133069.17583525798
19436,80209.63629369457
19437,64084.70066632641
19438,11198.06893279036
19439,47109.12749237393
19440,54622.43514281364
19441,207658.06623998494
19442,155393.99610258132
19443,31728.501396457836
19444,71340.38323613218
19445,34677.65946714193
19446,36606.37857383306
19447,42834.44299438121
19448,38413.512010199054
19449,34720.046648351636
19450,33190.030789551776
19451,46819.70174161444
19452,10113.936976356428
19453,19157.221423215862
19454,3208.672206667046
19455,88339.84043581873
19456,186865.4187657175
19457,43463.879859935616
19458,69368.41190683088
19459,78802.86272142646
19460,56785.55392200269
19461,12815.98473296833
19462,63396.794993100695
19463,29877.902005487293
19464,35868.29723350294
19465,86368.98492110631
19466,36689.76522432254
19467,30712.76516170322
19468,65617.61937543181
19469,35798.70094362174
19470,58961.84191208832
19471,236921.19793661629
19472,108206.16245043318
19473,60589.80377948332
19474,64736.174074067116
19475,49869.02084939889
19476,82652.97337243453
19477,51460.49144421752
19478,103358.23841805321
19479,3534.1923063134786
19480,81200.04927193212
19481,8088.481272808133
19482,44257.3211534223
19483,179420.50651011462
19484,133578.85169777437
19485,55883.42188133309
19486,32201.309064944824
19487,58411.229758351576
19488,2620.6833445732486
19489,149478.43224746006
19490,36699.26893155598
19491,102674.3149619579
19492,66342.16370389149
19493,47516.76742529262
19494,80604.9932658169
19495,180894.42696799472
19496,133562.5390038599
19497,4318.552304729201
19498,173917.6974278857
19499,51535.679171590135
19500,106930.26277156927
19501,13733.983214061445
19502,37934.42275813485
19503,47688.09165342702
19504,67698.83173927496
19505,34655.05910883634
19506,58693.08863982945
19507,14569.921384510213
19508,88476.04995537362
19509,18771.80737079933
19510,8204.959292998768
19511,14723.49020965424
19512,58170.01163330199
19513,95171.34114699226
19514,25840.11354984164
19515,131068.1272103203
19516,59240.41274284808
19517,38023.160336807035
19518,66278.00527658158
19519,38848.507995783126
19520,40752.104144309465
19521,162182.9243307112
19522,12663.939797750672
19523,83467.2292863795
19524,3197.230299428362
19525,44225.13778432022
19526,41916.752867913754
19527,31025.641824228485
19528,50794.03706902587
19529,32520.71952071076
19530,48768.04636631438
19531,65571.03663299874
19532,55449.53545978419
19533,60794.51198922875
19534,47780.14467723261
19535,199660.77595170858
19536,33434.83888499716
19537,53529.89611497043
19538,50908.59606406811
19539,14851.581638130569
19540,92906.02692722833
19541,41295.40954381746
19542,57168.96145631852
19543,27695.95827771328
19544,42063.36275085412
19545,65965.57317112344
19546,68991.17049790897
19547,85623.90520814498
19548,35494.95842484435
19549,24247.77157861157
19550,12216.599543968965
19551,47556.108472095424
19552,4941.0297488578435
19553,60752.59153616537
19554,97848.38266108705
19555,35307.929671353995
19556,90293.73108710216
19557,74621.28452331867
19558,57609.8669243181
19559,63378.89953067699
19560,66527.26234934176
19561,43020.73552176237
19562,7795.598525615123
19563,757.6519672041981
19564,51422.574161738645
19565,37980.428454825014
19566,148261.42081393074
19567,70727.21529251819
19568,120992.66887956318
19569,135556.12783278077
19570,42723.38280717199
19571,120762.30861535178
19572,150875.13268063316
19573,52354.46445673638
19574,121739.30562260318
19575,55042.9112845727
19576,64083.27026408123
19577,47241.746336085394
19578,61250.35598251055
19579,21998.951820671162
19580,36786.814467269374
19581,65762.05040434837
19582,18902.466447632505
19583,42892.68693854974
19584,51483.88758625037
19585,4619.755857440025
19586,3822.197484255714
19587,85604.61921175278
19588,29179.597533943266
19589,74961.91617612222
19590,63704.26945870236
19591,40228.809846217686
19592,28161.002800004622
19593,62929.46113659855
19594,48016.107391913705
19595,34272.528206143375
19596,70393.82686272405
19597,44997.730538405536
19598,59840.57315636755
19599,66197.01170958286
19600,47877.643777231926
19601,74442.6422307491
19602,159460.93997192415
19603,169805.56330103384
19604,23801.334414480578
19605,130077.67948292819
19606,58429.68686282323
19607,63652.987818118214
19608,151413.57912945852
19609,24401.739316217496
19610,33935.214871826705
19611,2940.198124435359
19612,22465.50064266987
19613,7720.329774772247
19614,26878.16027322356
19615,44070.61614730939
19616,18851.30249538984
19617,69469.96844601927
19618,76910.6345909473
19619,6902.967145517912
19620,7819.929835387419
19621,24054.45241669575
19622,38916.25582481665
19623,22244.421304184856
19624,60680.90748666036
19625,19691.94886351398
19626,36986.679690452904
19627,27559.893133586396
19628,37896.58320932487
19629,34242.79349109532
19630,87406.12053347584
19631,88402.2212857829
19632,201422.7134863626
19633,39490.55342497587
19634,239942.34240899264
19635,147628.35106048916
19636,140185.56679247963
19637,49158.68437032844
19638,33734.806342882664
19639,16791.406856714526
19640,43560.97831403922
19641,3028.776599884753
19642,55662.80905657249
19643,64959.84037852601
19644,120652.7416029844
19645,165072.83468051464
19646,10687.77235343271
19647,44860.58326959533
19648,156572.6159391766
19649,194015.27485983798
19650,7259.114104283365
19651,13600.979648757064
19652,36213.10823346379
19653,32747.56002275735
19654,22953.213609689345
19655,29427.948068741374
19656,86576.471728361
19657,53021.355390662364
19658,52290.502006042225
19659,4946.197014630917
19660,30114.184800642517
19661,46764.4130022359
19662,6003.74710119269
19663,153458.28136652536
19664,38458.38651662157
19665,32412.000312297394
19666,105359.00419563835
19667,48846.32830496253
19668,22596.476340811347
19669,46759.229281608095
19670,138286.04890019292
19671,5918.9561394146685
19672,33861.45873162496
19673,52216.45541472457
19674,50494.80128293677
19675,29947.389170376642
19676,51079.224662624234
19677,35181.79101248808
19678,47675.08255181667
19679,39604.17770832493
19680,9598.265025789144
19681,90302.59167166559
19682,70039.627836333
19683,44152.603481547594
19684,18036.477020055536
19685,45243.387090832395
19686,5506.037502344758
19687,15066.601976095697
19688,75535.07975085262
19689,25283.408059999747
19690,4573.20033969415
19691,147813.72608881927
19692,70824.26621280341
19693,91275.4869985384
19694,103889.25968620346
19695,86808.57126127307
19696,87830.25751416858
19697,44112.83367517989
19698,75193.80170163172
19699,15797.685948306618
19700,57961.03848571972
19701,2534.3035972797247
19702,9265.083517784331
19703,22421.42350643143
19704,56796.84008824196
19705,33577.165526722696
19706,50825.116748728564
19707,64401.18042396387
19708,99829.96588136797
19709,47772.923937379135
19710,171382.10320477872
19711,37479.07906459833
19712,42967.39083217107
19713,26927.882357565555
19714,13584.45442432908
19715,48596.67696774225
19716,63145.68403322857
19717,13512.530526585591
19718,50892.45991845695
19719,42022.061784595906
19720,49175.76543898465
19721,52242.433476598555
19722,75791.33124388893
19723,97776.25140831624
19724,45273.4640333217
19725,66350.72206023741
19726,36414.136950504886
19727,19736.1463596208
19728,38560.50437439476
19729,90743.20881665658
19730,27827.9978327385
19731,216425.3752424239
19732,41993.477984732286
19733,30187.86506219518
19734,28781.484450576936
19735,3697.191007234388
19736,88887.83723099092
19737,105207.29966012145
19738,7611.242654898364
19739,63937.17064087715
19740,40190.78221022469
19741,100130.12509280145
19742,150150.28307308105
19743,21205.144164493733
19744,45562.047506975214
19745,44193.566966036655
19746,27485.702067174003
19747,8726.325754238283
19748,57045.30453306488
19749,173609.70539135978
19750,108606.91217836243
19751,58919.9575317596
19752,69431.27074419153
19753,81777.20441270417
19754,104960.38122411972
19755,44777.27418043865
19756,51135.203095880745
19757,60343.70249963767
19758,70776.0382126893
19759,46562.40984056731
19760,17424.98942217539
19761,46004.8355394859
19762,8884.901200598206
19763,2051.995690234978
19764,31801.080804239744
19765,34323.8790857355
19766,65411.31468360379
19767,38993.96027185238
19768,56444.72965230775
19769,27655.72512009802
19770,38367.12022580367
19771,112913.03275448369
19772,32160.095019718014
19773,37098.417966468194
19774,17502.528591415365
19775,45925.385729089285
19776,4960.809824429345
19777,34782.01648213682
19778,147608.84415017522
19779,15926.3126186957
19780,36398.854790618316
19781,173665.56013233826
19782,55853.08056258739
19783,39201.12176847425
19784,47327.437462342066
19785,56221.34329589491
19786,32206.24502694591
19787,48925.91445342415
19788,39362.49480550695
19789,55596.39126581974
19790,29778.877067341928
19791,5366.116443042544
19792,108698.95331980384
19793,135096.10085442144
19794,51044.90584675321
19795,62802.708852994365
19796,45521.95389459858
19797,42143.019943429645
19798,70927.45356743317
19799,34576.83406433428
19800,17009.16564132555
19801,64154.357259786615
19802,230279.20316110685
19803,43208.48304374117
19804,143126.89574436203
19805,102236.45658594134
19806,53488.650282145354
19807,30737.639771645278
19808,2578.154316172345
19809,43377.341412448506
19810,57025.65744638408
19811,56230.15364487242
19812,30410.27692726779
19813,194261.96902643057
19814,42973.106028020164
19815,119188.49513757796
19816,44102.37085379384
19817,48864.332606468364
19818,40028.67659373493
19819,38588.02618311011
19820,50030.8405815224
19821,28750.24922897834
19822,95418.80469368228
19823,39981.42510562106
19824,15311.947821982343
19825,52159.66543882659
19826,44672.12218115303
19827,149186.17106418798
19828,16585.845967392626
19829,44669.14755747012
19830,86660.68031719075
19831,197266.51223732554
19832,208997.20825344432
19833,74479.39899014219
19834,15330.051689205793
19835,16263.396215840576
19836,39379.080020109046
19837,31854.44347716008
19838,62091.04137928901
19839,10848.506584058337
19840,74235.48103737876
19841,41710.06807893258
19842,27719.868794776532
19843,13898.72594690788
19844,12949.99142754018
19845,168908.37113770953
19846,19552.710271133667
19847,86417.06053853751
19848,58269.3873479368
19849,7137.208037722533
19850,38050.20019193386
19851,17005.58436640613
19852,36943.206576909615
19853,40792.88270809122
19854,45695.98512772004
19855,121988.26979697835
19856,7539.93788139391
19857,58610.42495002354
19858,74922.67479536326
19859,39816.829517522834
19860,108856.55867977598
19861,174167.8231037535
19862,156548.69501439412
19863,40571.05599310672
19864,55821.54296874582
19865,18132.973436800723
19866,169135.9140060745
19867,42240.04321975174
19868,53664.6417264132
19869,60189.191529331816
19870,17780.008429185542
19871,44599.5847659287
19872,15308.945520716936
19873,42132.06850013779
19874,147286.9521750066
19875,35223.61797291644
19876,49103.05239467945
19877,140557.59077054434
19878,101152.31592310658
19879,56386.96016008806
19880,122408.79007102612
19881,1019.4312071398563
19882,54873.06145121741
19883,49211.2103787468
19884,71454.81659178344
19885,45120.37943146061
19886,34026.377103970524
19887,48406.6028726804
19888,10033.746739379216
19889,136415.17295170794
19890,42841.68089825168
19891,48699.582674154946
19892,22208.093479880157
19893,42980.7113431343
19894,38934.81176424226
19895,59708.781346810916
19896,32736.623728628918
19897,31523.49979059718
19898,84763.70713850629
19899,5230.456217880188
19900,48424.90464459667
19901,68925.92334718484
19902,5886.207481796656
19903,43897.80880949715
19904,24535.429833384725
19905,6499.578207402292
19906,13133.623068616966
19907,117211.51045022385
19908,9858.457928922513
19909,50913.43383810684
19910,83669.41050243584
19911,36272.17359374652
19912,45853.02635162903
19913,12215.91327083438
19914,9036.870524211947
19915,33372.697525479954
19916,58547.012166432134
19917,76844.45856655894
19918,49771.519746534716
19919,79054.71554998033
19920,69194.04277383596
19921,29957.137630771966
19922,48314.653334017654
19923,47594.767898558435
19924,36622.79689213344
19925,40385.84002695075
19926,50435.654611279846
19927,5679.275215825846
19928,98266.67505224462
19929,148936.71390907295
19930,144475.49428351203
19931,67981.09424443248
19932,49224.190148311594
19933,60107.87141069544
19934,62346.90494341271
19935,61428.91243993781
19936,37168.347157734
19937,59067.34198135969
19938,2881.770077102376
19939,115081.56583790565
19940,31672.501065888326
19941,1763.1553272875785
19942,25952.04913527642
19943,60314.13131602645
19944,46876.7927703054
19945,96660.27230386293
19946,16040.564061499064
19947,80981.43040370657
19948,1857.6345338728129
19949,125874.11476457371
19950,29463.800435056764
19951,61292.77579958093
19952,249495.84875562857
19953,252962.50028682465
19954,129288.77751017248
19955,5324.44512034303
19956,8185.844047208003
19957,30527.272287015207
19958,58377.463113931044
19959,95525.60716743633
19960,40403.6136640142
19961,56256.25892862124
19962,62636.8257436208
19963,48910.07390844213
19964,135442.70338991797
19965,42000.867795508646
19966,2967.9377879526382
19967,46883.4582601294
19968,66294.51939068368
19969,41344.74690882784
19970,54484.02247368232
19971,27629.100192495644
19972,4401.698432870603
19973,41509.3885977588
19974,69771.19164704753
19975,149983.35107348376
19976,36812.214256315885
19977,80791.86805888578
19978,44538.29627174741
19979,50505.950973948115
19980,47510.66763501655
19981,38430.342965794756
19982,39163.55964235342
19983,23408.532390268123
19984,46395.30344056985
19985,75422.15431155448
19986,5138.795030495499
19987,40912.927924987824
19988,21994.19569822915
19989,19383.241830477393
19990,34748.6143258445
19991,27718.00152200544
19992,46050.87173194538
19993,81035.97542679035
19994,60385.297339578385
19995,54467.60227553919
19996,10155.942076297822
19997,38606.1246777208
19998,181860.11319033883
19999,48456.08687043483
20000,23549.016860000247
20001,96616.80300467154
20002,16825.899455850904
20003,54346.997996752
20004,109802.26339647417
20005,20151.74419961637
20006,206858.91222312552
20007,125608.99231571965
20008,56891.930271865655
20009,49212.067360157685
20010,133126.14316546114
20011,274840.6736698908
20012,69402.75864551758
20013,100857.99309168337
20014,32744.80104770113
20015,58321.82103648982
20016,54446.33069542627
20017,20505.95178042444
20018,138679.20953256628
20019,92744.02612554857
20020,39048.631219120296
20021,156663.56183041332
20022,6623.123420394884
20023,134352.30860924727
20024,47053.285894380024
20025,33075.173866470795
20026,55092.45044418437
20027,170075.06438866022
20028,72138.20410179158
20029,56146.393188694645
20030,24306.948936411147
20031,252574.14099196217
20032,48539.12767994183
20033,24561.634816282156
20034,10514.477196189591
20035,47694.585950872846
20036,7158.600321428706
20037,64064.699399414
20038,37931.999162127024
20039,78142.86172429062
20040,65767.07469723588
20041,31961.906679711617
20042,89695.23036846898
20043,64774.6007730892
20044,40415.35522182754
20045,36356.54054975833
20046,45630.93987875566
20047,25013.592857336338
20048,12079.585893690753
20049,38664.43554098818
20050,75448.04653632647
20051,42529.37239631543
20052,48587.610542925904
20053,56172.86436200099
20054,72003.53168051265
20055,44385.97553574896
20056,48104.2083003976
20057,4842.109876014939
20058,32879.024705832424
20059,97636.95738099485
20060,55295.949945545384
20061,46941.12406986478
20062,39400.004632814285
20063,42219.88477172397
20064,84573.28228379517
20065,88060.07376246463
20066,34931.342374835265
20067,4939.553010530274
20068,33867.18202449756
20069,136889.2843431171
20070,40982.02195116611
20071,173795.06434748624
20072,79033.13870169103
20073,45135.994556317
20074,79960.23971250794
20075,46533.50347764718
20076,67300.19965445099
20077,81110.07510539451
20078,4953.341804602233
20079,86111.1749095633
20080,33986.69945957013
20081,81503.44139585656
20082,17114.216947164845
20083,7183.777592147814
20084,83173.75907904834
20085,44609.23099681317
20086,25970.36433354128
20087,4972.624254806223
20088,26915.51571209035
20089,8262.253321381833
20090,36300.611729623815
20091,207734.6018586586
20092,24668.58326680428
20093,43172.93404523467
20094,9417.64742481411
20095,32633.69300407397
20096,26730.056955083
20097,73988.6942423704
20098,58391.33716617646
20099,5827.063476301125
20100,180947.52527176257
20101,29308.230318774626
20102,49100.40444238578
20103,70564.74893193542
20104,7138.736607560564
20105,37979.04019587163
20106,45195.714661773156
20107,60009.25644581576
20108,56155.75708011528
20109,44422.61673964069
20110,22140.38585923946
20111,1726.6964742076898
20112,122280.33799060895
20113,45518.36318346749
20114,52097.79751483148
20115,82155.79584759503
20116,83650.85031516782
20117,46634.262862800235
20118,39421.099622217065
20119,40977.33144451691
20120,74319.36414365727
20121,67011.0030632938
20122,35966.86821525778
20123,25522.369184642743
20124,53425.4921007715
20125,42869.772516519704
20126,47416.67036583065
20127,52064.3717402642
20128,163792.61981529222
20129,53468.97154169037
20130,110111.4196411468
20131,83133.84071648799
20132,24781.651948782874
20133,52936.55004849344
20134,122551.3895044842
20135,37379.008087723356
20136,11282.208510468718
20137,101749.52588175664
20138,198084.62500952333
20139,15526.309054642441
20140,25379.47473793521
20141,129335.5283850864
20142,44353.98312746164
20143,99062.90430972162
20144,83222.65908765756
20145,18517.30436362069
20146,48355.07013248792
20147,27627.926449164705
20148,34850.80048913064
20149,42389.67792284581
20150,107256.20813048583
20151,10593.1392335469
20152,45611.25197748665
20153,10863.17591805414
20154,129825.18841567248
20155,28110.193398215153
20156,12720.518952149507
20157,54335.95295093637
20158,57215.6778487642
20159,74410.66779027556
20160,142158.49721688547
20161,139496.20666867404
20162,39692.41286554664
20163,42581.46940840722
20164,51458.09607221412
20165,27022.461645545507
20166,125975.08068015159
20167,40620.69642993055
20168,38962.76082713325
20169,3587.7671234935833
20170,5197.076075257004
20171,32846.86633810399
20172,89566.79851724001
20173,34357.6495033436
20174,91063.33103314035
20175,45799.345710231064
20176,76940.78064824929
20177,45303.60331207434
20178,34879.04364841398
20179,18679.3214024137
20180,133219.84679944665
20181,48492.129955410324
20182,58454.57228034642
20183,93181.66674276642
20184,206227.4716023977
20185,192731.60860481588
20186,239612.99547218304
20187,33674.32129072707
20188,175019.45087561596
20189,23862.943549021722
20190,55663.56082683389
20191,84394.93759208209
20192,70346.49872263764
20193,23458.740211945948
20194,86270.39303965276
20195,20342.66168200154
20196,171397.92827128753
20197,52116.33782014126
20198,106077.47017858435
20199,26422.74136549744
20200,29113.154887619097
20201,36622.20848537144
20202,70107.8345749174
20203,12093.804049051434
20204,77981.17626126432
20205,34186.03500856221
20206,77649.35520188013
20207,10439.306039342488
20208,33901.28206246095
20209,31925.83395682639
20210,33025.48552252321
20211,38454.58873412164
20212,8810.243114192006
20213,121699.96693651502
20214,18723.829516679678
20215,47785.829668768274
20216,44553.08397025318
20217,149378.04404845557
20218,7607.2785583089035
20219,42301.309667835
20220,30972.698003023437
20221,20945.85675386107
20222,55278.25817279504
20223,16846.424604151183
20224,56890.87905369082
20225,60238.979372931855
20226,142431.04203918597
20227,56027.64160218159
20228,19539.242446668486
20229,53385.444303322794
20230,12246.07327941318
20231,25426.311616933064
20232,73348.43213634093
20233,67722.87548089938
20234,13982.22686162
20235,33663.59608134364
20236,73280.67539166744
20237,14076.5971763154
20238,16600.520529108326
20239,86829.44584725334
20240,95569.6981479268
20241,175280.837717077
20242,117083.83579128802
20243,117264.26058475894
20244,10185.965695580946
20245,4469.715143989999
20246,22140.576387851077
20247,171960.1654748022
20248,35201.74943657464
20249,237889.31989506615
20250,86542.45000744733
20251,47464.93917680144
20252,7944.806357976454
20253,6142.050482398425
20254,15447.152427486564
20255,29267.385905652907
20256,15728.58924195473
20257,4485.085415470967
20258,109275.3693698496
20259,42658.71727828585
20260,15397.01236204609
20261,11138.357395798697
20262,58662.03111383539
20263,27853.604728532893
20264,47263.277650508666
20265,11979.704237857055
20266,43379.579774199345
20267,20346.112987488174
20268,83267.54663744866
20269,9782.763843638711
20270,102022.38937789002
20271,153046.2723183194
20272,89019.72893482755
20273,47310.411510797516
20274,39560.57014550013
20275,37496.298572004554
20276,44087.748740839845
20277,12971.95837109061
20278,59577.756061504595
20279,5378.8133813056365
20280,33971.69400125032
20281,43393.405754265914
20282,52206.52608292191
20283,31746.53035440449
20284,46921.128587604006
20285,21859.941749136167
20286,238861.20085448184
20287,152654.8588075446
20288,28828.163336753645
20289,144678.25120525612
20290,14711.387425627936
20291,47615.1213923213
20292,31604.616669350442
20293,24777.845793166925
20294,33910.320867196366
20295,93692.72275751828
20296,87958.36044690802
20297,23512.16278210199
20298,74964.42138628892
20299,67967.75040817691
20300,39100.79027419743
20301,117522.00594414148
20302,13345.935960115201
20303,4569.159306750104
20304,28521.945076829976
20305,11509.403685454217
20306,21635.123096347055
20307,178458.03451031368
20308,18220.88774217255
20309,111664.10000441756
20310,42758.294774957045
20311,56225.32217313079
20312,212299.72085266656
20313,1672.7701713137128
20314,18239.592729982727
20315,14743.858409041793
20316,58059.09684760366
20317,45033.51022831568
20318,185389.76617429836
20319,35095.15173261208
20320,35949.64649604875
20321,61021.60104719572
20322,26579.536863508503
20323,46701.11364262674
20324,118375.65470598613
20325,29362.086448867456
20326,5759.629280118721
20327,117211.69207961876
20328,112244.22808605137
20329,48258.40381913622
20330,154237.0946741486
20331,8918.327973626025
20332,196043.7378475636
20333,109487.39746381924
20334,36900.66188492236
20335,7866.163544536618
20336,1304.8425600994472
20337,137529.0682494467
20338,40745.197627591435
20339,34685.52636199135
20340,16459.37479963052
20341,63829.93909865096
20342,60408.390106400286
20343,11533.44486915166
20344,51735.15055249055
20345,40978.90588083107
20346,71589.41323860771
20347,48835.87145899662
20348,6894.890072468163
20349,88848.83429658388
20350,38586.78423342534
20351,77899.85789215013
20352,92359.94404405683
20353,23540.741514263354
20354,197784.6743711522
20355,184725.62819312792
20356,11705.743241694287
20357,140241.6548197206
20358,52868.28915771419
20359,45990.75409098587
20360,62845.33832786823
20361,76108.67917846143
20362,9929.477310390252
20363,96758.48597879367
20364,52068.54232000353
20365,199822.88901742664
20366,61572.73240966756
20367,104384.40274327616
20368,210648.91896873122
20369,27729.755777798862
20370,19620.09886941384
20371,16989.072015078764
20372,188422.52860305936
20373,52282.282703139004
20374,35187.100660558885
20375,9878.60033066919
20376,32866.4129734144
20377,79727.00224629739
20378,81650.6845412624
20379,2288.95964601295
20380,62904.09958106899
20381,111458.6229404984
20382,75161.59851513285
20383,33680.12581245535
20384,2128.527475616875
20385,3199.5524236434326
20386,27459.703620307275
20387,66000.89396468413
20388,46232.247365221345
20389,117409.34652345302
20390,38598.48283972884
20391,208397.79093801134
20392,993.3796493528412
20393,107196.37380840609
20394,64618.37794433661
20395,276055.1646425616
20396,83407.91078040583
20397,11295.943865134035
20398,61012.56923756785
20399,97840.23359643521
20400,5227.320314592547
20401,47578.444704115056
20402,41176.65821070473
20403,61864.255314016125
20404,59390.19984583935
20405,37636.12260132919
20406,83483.59937319696
20407,46369.50567292062
20408,85617.61847406022
20409,142572.70490133102
20410,14603.82574275661
20411,6183.124099033638
20412,40297.954205621616
20413,92582.93982649187
20414,46245.214144497164
20415,42947.81202805003
20416,60837.89617084172
20417,252050.4233785776
20418,47158.1409791737
20419,36850.61509769913
20420,4961.25359761571
20421,29057.596227240352
20422,2324.0448090990712
20423,144548.20147789698
20424,25993.6440945426
20425,83678.68897243746
20426,44244.69354648096
20427,27516.177266841663
20428,23826.7553085556
20429,29378.698648124722
20430,6803.7141670796855
20431,35676.368420794766
20432,46184.151418335845
20433,12701.890848096693
20434,20741.140298667728
20435,147219.21936130474
20436,46323.412732983634
20437,25044.567355629035
20438,51824.68487439195
20439,8525.424298087151
20440,46613.664008903535
20441,3792.4099808146925
20442,143180.05606492746
20443,6232.968600653408
20444,148277.49793845156
20445,8364.418935958916
20446,23011.30758725499
20447,713.0842157067958
20448,13118.75788671345
20449,57724.630810750015
20450,63249.8060333166
20451,107943.6153686156
20452,28983.43472460962
20453,43817.97242296198
20454,97597.81140495947
20455,38882.33099569799
20456,66953.81584517869
20457,108380.42813769293
20458,80892.16160140747
20459,44732.505273782495
20460,70635.84472251148
20461,21365.38859020011
20462,21222.15581256373
20463,78939.59381628971
20464,148520.0491593695
20465,172790.64251840286
20466,66132.09942576832
20467,106487.15970931583
20468,58640.38102046397
20469,7131.663883658418
20470,34926.89491051237
20471,102604.90541601095
20472,43501.24193059147
20473,109395.96766508406
20474,77362.72884328681
20475,208483.00595924293
20476,84071.65421590283
20477,6441.264617704793
20478,82170.75516939342
20479,13802.661608053342
20480,41354.5709296045
20481,2748.8544373765144
20482,60885.86485265023
20483,86247.70796977683
20484,94820.60660491488
20485,30406.571904847813
20486,71054.22903508908
20487,86797.85108235324
20488,97644.64356275582
20489,58952.88342512071
20490,56707.55681022717
20491,30272.30232952252
20492,27774.261771359434
20493,5359.931759355055
20494,11145.564291336665
20495,71959.01037627591
20496,38919.63635450081
20497,9598.727234072188
20498,1372.2597308197994
20499,83459.68920745878
20500,116795.79705305643
20501,109481.22171031067
20502,48199.6556546164
20503,108674.32519840628
20504,176578.93903817015
20505,26216.78643718886
20506,8869.759366540171
20507,231194.94393319794
20508,177817.26345658145
20509,206131.37006858923
20510,43833.898764369136
20511,59882.26407298521
20512,55812.72706495269
20513,51818.2536510203
20514,87764.49464025753
20515,121219.14648590506
20516,55972.871503065195
20517,42080.89170335791
20518,82571.46892446365
20519,49292.352314296935
20520,13902.181439453772
20521,35998.58771322144
20522,44929.68772171744
20523,73439.32647679704
20524,62360.23153487253
20525,36551.67286697681
20526,22640.20321879054
20527,30191.39837630708
20528,103860.11587985046
20529,37080.21578189849
20530,44009.76268754832
20531,89011.71623997831
20532,39576.07135890663
20533,47756.888983797035
20534,39259.044982549465
20535,15823.784180643095
20536,8071.849424157136
20537,226407.1997744931
20538,8023.0806126127745
20539,29292.816609278387
20540,244763.14932510766
20541,96502.32691942371
20542,59478.440238102325
20543,54135.62850890837
20544,49162.09431377405
20545,22220.61679853416
20546,30643.95016113043
20547,48333.011217154366
20548,37593.87184475053
20549,21433.805636123452
20550,69264.0180939694
20551,6033.849966911591
20552,27949.694309546216
20553,165898.3857843683
20554,136289.54359039335
20555,89673.95636990962
20556,52754.76711162918
20557,42938.54736517851
20558,11500.99376508984
20559,168051.64563722737
20560,208404.20507445547
20561,36582.24683850116
20562,107003.92232742572
20563,53154.79317767076
20564,842.1076170814246
20565,38800.380993436665
20566,79969.49540597196
20567,50159.86771911251
20568,93064.19860856238
20569,17693.29315980263
20570,2174.912228709044
20571,61711.05845733476
20572,37270.92735829118
20573,28527.216174872992
20574,61965.34852323562
20575,190293.8669664715
20576,80813.40389370627
20577,46626.0628616083
20578,123666.9770293227
20579,42272.299647703185
20580,38373.07103955669
20581,31989.327014284554
20582,22749.367556998994
20583,7812.219986152602
20584,115783.97561119446
20585,42435.93906106036
20586,60107.3511981855
20587,132354.75482453604
20588,38842.69074305208
20589,39924.64189575942
20590,40262.663374878124
20591,18983.203182492332
20592,1787.06368578828
20593,35490.75621318252
20594,103487.323394841
20595,29931.65353412004
20596,101209.68835282985
20597,62722.318105782666
20598,3939.382864681614
20599,6453.251837691505
20600,82193.5453771124
20601,73377.7006157153
20602,2284.441540819662
20603,40967.143939205285
20604,3360.1905159350695
20605,44943.788843336544
20606,46456.03984805277
20607,12678.623626314762
20608,74710.66769408132
20609,41803.824284924274
20610,44799.3473000626
20611,130991.12833587303
20612,51460.74577094943
20613,105624.15426409537
20614,64772.863889831875
20615,49315.47086263857
20616,101413.86487211732
20617,20401.289505484558
20618,34142.02890297924
20619,18944.72692163182
20620,15356.164594711392
20621,30049.9661772328
20622,49685.55375084058
20623,40845.92051283362
20624,162556.94414205456
20625,27855.104208529858
20626,16961.761160358645
20627,27330.684271460526
20628,43164.06365428539
20629,36232.1881494436
20630,73303.3861137883
20631,31871.331122905987
20632,37281.41602294148
20633,7912.243582965381
20634,14920.939974143315
20635,60518.999898954295
20636,76696.05804093978
20637,35993.77115974432
20638,37660.20414604359
20639,79875.30359084121
20640,14180.228565793303
20641,25659.530155535147
20642,22596.784551237164
20643,5956.342888740254
20644,166802.17909286782
20645,36094.55923477024
20646,71863.30843647088
20647,28545.306804767944
20648,83778.48642236805
20649,36662.092212804826
20650,37195.82422573172
20651,75902.29223005539
20652,62612.244308296526
20653,91339.60474413102
20654,60152.82611727589
20655,72860.5620064193
20656,72242.64786205321
20657,55757.10120287812
20658,116905.88961251306
20659,11568.410929347358
20660,81704.03509593997
20661,77416.48719624833
20662,136657.48683260963
20663,12602.847445616786
20664,58813.880160628076
20665,38263.57718263397
20666,33898.71781670219
20667,40569.87542892455
20668,53552.91507300584
20669,41436.323252158014
20670,58364.61576664382
20671,99611.23171100195
20672,41810.0008318715
20673,17238.347438471545
20674,17612.908269546493
20675,7860.26495869393
20676,5370.069497676522
20677,226314.80460358097
20678,53797.71265599432
20679,32567.3439234009
20680,909.9161171866908
20681,11670.301348086703
20682,8330.77906729874
20683,67124.07445776697
20684,45253.11648562599
20685,55332.621001976084
20686,53439.16562591711
20687,20914.050439316048
20688,122307.28807667039
20689,61990.69895971761
20690,16938.0694040748
20691,4342.687306035056
20692,86521.14178189437
20693,36805.871600123144
20694,44195.602287785194
20695,51185.61448080528
20696,20663.96848668652
20697,8697.239888803337
20698,120359.88341519146
20699,61133.296904710725
20700,3430.8877130311594
20701,32190.396223184373
20702,35617.26371837517
20703,59015.88423339796
20704,54708.62650807912
20705,138285.78277245525
20706,109253.33637589704
20707,2978.174505087985
20708,60337.51667082578
20709,66861.03086429948
20710,119830.03302173212
20711,197798.28140651304
20712,53387.18585547563
20713,37853.64264393395
20714,62018.31382840704
20715,47993.902990522285
20716,169537.45053304854
20717,2262.677428874038
20718,13899.055307087972
20719,39586.590096394895
20720,32536.544616111172
20721,21969.034846629682
20722,76774.93924431986
20723,14001.313958843633
20724,5231.766263457875
20725,5720.258417728305
20726,39778.48479387367
20727,25475.31344101885
20728,6727.569440734932
20729,103609.1388339682
20730,43276.71204239828
20731,113112.46789319313
20732,144647.5875672857
20733,61120.20790901738
20734,32851.836652145525
20735,47106.847933840545
20736,30959.870424125977
20737,51541.01254923197
20738,8781.56794127413
20739,50887.81729156509
20740,60097.55991159985
20741,82585.97162570512
20742,115715.70869756235
20743,40951.26006148283
20744,147813.69822384
20745,38186.029251194384
20746,84730.07092609789
20747,26622.075628836345
20748,136836.87214259643
20749,39846.52960106292
20750,23473.053185800138
20751,45341.18803458278
20752,54379.56266259387
20753,32784.80344066496
20754,12272.796045591662
20755,4054.030825888056
20756,46400.23035517761
20757,158884.14248764154
20758,113343.27192750746
20759,51181.44252887415
20760,44260.555752342334
20761,54464.09092482704
20762,81690.30676441945
20763,38005.63207634507
20764,65947.28751745299
20765,58749.39734249974
20766,1664.5643419257858
20767,109507.2459358742
20768,19868.02754551598
20769,55392.05891462144
20770,31303.11476050976
20771,42797.074774831046
20772,13882.191121898333
20773,66742.33464249969
20774,48556.303810889345
20775,66813.95765643571
20776,18210.885577424076
20777,103891.83019936952
20778,45244.52500522107
20779,47606.61971091149
20780,44887.44939797278
20781,35921.19488469864
20782,66851.64157787434
20783,14716.75676440804
20784,22002.47546681634
20785,58897.43264481729
20786,182154.22789393712
20787,138683.65089752726
20788,207190.03097131324
20789,38695.076693704774
20790,34232.651456563915
20791,53191.75897297411
20792,143175.4631698196
20793,59639.431663735595
20794,90743.78066497497
20795,56181.668643511584
20796,83532.9128356896
20797,2733.56054499574
20798,111385.71566749032
20799,67848.82356180929
20800,3875.0069306871897
20801,34038.58553009808
20802,33111.77374670954
20803,123024.88510085197
20804,22693.13317220911
20805,70541.57622424212
20806,44425.332611256345
20807,13565.033452212716
20808,46561.35178745522
20809,73504.4718989953
20810,60240.6388991703
20811,40206.91475922425
20812,86047.60422734293
20813,31677.106823684273
20814,160237.48718009677
20815,108879.24436435956
20816,71831.2493881286
20817,13467.079825542576
20818,23302.488102407835
20819,37566.70804225563
20820,39039.67241361636
20821,54060.769835898915
20822,34733.5385355774
20823,12906.697669904817
20824,24943.636288678907
20825,3666.6595253576193
20826,42683.98859704266
20827,11298.716797238563
20828,50902.27094824763
20829,2254.97958678315
20830,35734.683768679635
20831,204084.91265217937
20832,81249.96716515071
20833,49686.45543256068
20834,4724.930135900631
20835,51382.5806345466
20836,12570.994502203343
20837,102587.97382213023
20838,32259.731083188184
20839,37528.02343780761
20840,245705.80096419476
20841,69754.44441386091
20842,51563.15073155004
20843,178350.52411240336
20844,41473.87656952236
20845,106935.13439841675
20846,9587.133128924605
20847,43892.070303863686
20848,10588.178930944412
20849,3361.2446535062027
20850,93311.81699645917
20851,54242.90354457732
20852,6772.16884590423
20853,91949.50222963937
20854,3131.1048450825324
20855,142687.22306833527
20856,109786.5826590127
20857,38478.34518755642
20858,24659.080431533814
20859,14943.176939972118
20860,52269.93434231581
20861,40591.83833716475
20862,143514.63968942172
20863,35667.12072757256
20864,37076.578661412976
20865,22244.790381412764
20866,32345.227476401433
20867,54559.256635090176
20868,182768.75208559434
20869,71621.11085627429
20870,33833.44640030598
20871,60243.91383111059
20872,139065.3747838567
20873,40362.96126910995
20874,44038.18671831506
20875,16999.886063884438
20876,31342.11481142703
20877,42384.25384104776
20878,98358.7450883015
20879,25087.139132840293
20880,76055.23518821182
20881,43662.78705033805
20882,10474.94233549205
20883,94380.80855367542
20884,13159.588114709597
20885,51180.113306339495
20886,10580.509177836007
20887,75508.33090469781
20888,36604.17914523639
20889,45457.26514085004
20890,5061.669701132914
20891,80635.35924987588
20892,47984.493297701694
20893,10344.570682809235
20894,43418.843534722524
20895,58059.94478140094
20896,38155.65031756068
20897,6764.837689977683
20898,24656.407469136822
20899,24460.886301947743
20900,7323.732713435042
20901,134828.51033835832
20902,163142.24858019166
20903,29773.270303764417
20904,163516.49268932216
20905,59149.76858421476
20906,118817.61752044412
20907,4393.998910102785
20908,89686.11027727483
20909,65518.43672454031
20910,50402.00023047065
20911,162886.20422514863
20912,42741.47421583532
20913,33634.68262828966
20914,105948.23099590663
20915,49123.442901578856
20916,56494.31532233791
20917,111544.44495572257
20918,51635.739726922584
20919,68147.6579362792
20920,26485.791187040668
20921,20154.03026525617
20922,5915.218411328112
20923,69765.70360030673
20924,2936.711125273413
20925,132150.72217778902
20926,5723.342389629763
20927,52524.559504001765
20928,3188.6287746784005
20929,27615.740759393702
20930,48430.8338754962
20931,78936.0312867381
20932,129147.17495763436
20933,157032.57245327358
20934,9061.231853551886
20935,40506.11194199589
20936,115985.31753193121
20937,56050.11476292669
20938,14126.264390240905
20939,55649.98134115257
20940,65206.44636002603
20941,49852.944235545896
20942,154367.25598297542
20943,45230.80782507507
20944,75251.24646686325
20945,34271.195909915
20946,147229.46602152725
20947,93620.38409654069
20948,47161.11417177521
20949,112262.8582152129
20950,122419.12456596414
20951,116360.98420054077
20952,80520.66338184025
20953,22178.654661137978
20954,106436.60852851324
20955,27387.407526290608
20956,57468.949601890665
20957,146074.15916416087
20958,17548.528742340015
20959,55927.754020314256
20960,37309.8035797083
20961,39491.596940279196
20962,14837.332931170367
20963,9684.588126867047
20964,196395.34280435232
20965,52462.14993014093
20966,76994.46490756191
20967,44649.12563716983
20968,39349.169251412306
20969,5530.222281443127
20970,35334.31769000273
20971,51102.35720110469
20972,43224.99025920045
20973,34898.02498555239
20974,52755.178558939595
20975,65420.67991914558
20976,84978.78079776977
20977,22716.174257388164
20978,71626.933426229
20979,47464.399812184965
20980,72073.16120038195
20981,44246.715197892845
20982,73722.03483720492
20983,98945.89369356343
20984,130930.40913950684
20985,42641.02543747147
20986,53341.59903854478
20987,113129.96848555024
20988,12253.460726384166
20989,17820.74009301108
20990,48122.209503168466
20991,42409.915039860796
20992,49711.07187718589
20993,131555.84281423735
20994,274237.3541381093
20995,31741.392867295537
20996,99516.05062836866
20997,57341.149299582554
20998,25278.013005977362
20999,43868.09102352347
21000,131680.12322257514
21001,195611.73482897045
21002,52155.641454602584
21003,38616.854320897204
21004,50563.63885795858
21005,43568.804974477
21006,15905.328762654799
21007,3859.784823307277
21008,41672.20972847229
21009,33194.3782890678
21010,167202.00009846973
21011,40414.66791358393
21012,163967.5745004424
21013,12811.470151864121
21014,45090.97031900376
21015,60439.63765833007
21016,36292.18170904574
21017,193083.81441767217
21018,57945.001344984725
21019,64537.58241332797
21020,120005.72716107404
21021,186180.79445161397
21022,36621.26086023429
21023,51420.50089245917
21024,44883.926080044075
21025,83181.02394808362
21026,44255.970532864136
21027,45567.575114351166
21028,156092.89369589832
21029,52107.54327938437
21030,61932.15202537881
21031,4685.553725640019
21032,84574.58404817226
21033,54983.00101113364
21034,28902.111157992476
21035,218177.80377819057
21036,79359.33404140337
21037,44919.881332645986
21038,115401.48870500407
21039,70039.12148507091
21040,55766.44167462409
21041,48954.48447092902
21042,100467.7756586242
21043,87709.03758506117
21044,95388.27263980669
21045,47311.67415401541
21046,59248.573024237296
21047,51290.03595109712
21048,12996.837958681881
21049,47669.38143107425
21050,50015.848531625095
21051,77784.75111985473
21052,52428.296868315825
21053,38066.18219879278
21054,122248.24256603436
21055,65278.39788011128
21056,61602.90163084985
21057,42046.386217800566
21058,69933.51610549937
21059,95240.84569625447
21060,16928.498739394297
21061,5794.290553257836
21062,31854.323410846842
21063,39018.60304254173
21064,9884.81575530681
21065,37302.03710229032
21066,57025.57099115962
21067,35197.930768163664
21068,50617.69073282728
21069,237758.20082612397
21070,52017.65834776219
21071,3096.5061544447276
21072,14835.004161001847
21073,43909.33997327538
21074,16857.798590173377
21075,12297.576007737693
21076,115489.05631340048
21077,32158.631627971416
21078,41733.31635362952
21079,52283.02689347297
21080,65616.55059968263
21081,171694.455604738
21082,34053.35134163579
21083,3867.2962040141674
21084,112666.408370042
21085,30757.710097646835
21086,84384.06411901313
21087,32282.993104358244
21088,45965.91570611822
21089,81249.0194121318
21090,6514.81483397154
21091,2708.0523516897683
21092,5825.377968184374
21093,94693.60354120693
21094,61017.7073557588
21095,69165.61054803875
21096,67045.83559729937
21097,6108.163042685679
21098,48491.73756571508
21099,50454.2149408132
21100,50162.036679678924
21101,33914.25786677644
21102,56688.81764529985
21103,55893.86995661789
21104,70874.40831519464
21105,239090.4321128029
21106,87743.31981808007
21107,85368.84042710807
21108,92269.88047871078
21109,47869.68528183652
21110,136528.26784620387
21111,58853.504119742654
21112,37452.78628100274
21113,34918.10139274118
21114,8689.69350884669
21115,65633.4071788748
21116,174596.4717940404
21117,135232.32810871888
21118,50893.758170439054
21119,127897.25941832222
21120,66035.173169548
21121,54084.12164890588
21122,39379.46764119966
21123,33941.07647940001
21124,97557.7282403733
21125,94416.76730327585
21126,148809.56739833963
21127,9208.142848566597
21128,38667.30632558124
21129,158835.15236129033
21130,117693.85923747258
21131,53388.18489320986
21132,44601.02508267665
21133,52953.59417446319
21134,85790.18461879171
21135,56844.811912087695
21136,140813.8044373046
21137,72331.68037651319
21138,140887.95172473483
21139,6211.0977518231175
21140,78475.23538317916
21141,14865.49359316942
21142,118535.87133283519
21143,10627.87038130892
21144,40776.061953510085
21145,5049.549999810547
21146,55831.72672555264
21147,66239.46389509644
21148,43191.671240511554
21149,141036.35152243674
21150,80227.4378324059
21151,49370.19667867208
21152,86841.72270753955
21153,45604.404771550624
21154,48169.325538213285
21155,19888.416391679686
21156,63940.74755003915
21157,35552.19739723844
21158,233189.49664635406
21159,10580.48908655849
21160,2424.877525940171
21161,53252.45871359504
21162,44459.13687227476
21163,46793.6318665298
21164,61634.51308916167
21165,74186.05247002411
21166,34403.675923061375
21167,105517.29408692366
21168,37893.15760826621
21169,130417.75897518922
21170,82837.43848446118
21171,129883.4921033576
21172,3386.1290912948807
21173,29747.774795774163
21174,65715.95774876012
21175,37631.43770530659
21176,98685.41753305274
21177,128474.35966130767
21178,31029.3561485076
21179,38165.05377734391
21180,40621.627647082765
21181,43147.1373442217
21182,54372.440408255396
21183,53603.6170336047
21184,65398.360943870284
21185,188448.4088640914
21186,56094.896164474514
21187,62451.634564478096
21188,41410.496486165466
21189,38613.09228045302
21190,251831.6607575611
21191,72040.18011756122
21192,17897.33753219924
21193,50703.2363931752
21194,56527.61606719737
21195,21039.479300652463
21196,9405.072515402167
21197,44742.60658551287
21198,14210.362493367767
21199,5118.410765587489
21200,80927.63408155947
21201,85056.588020871
21202,67697.06314211692
21203,953.9009081710971
21204,37499.47523815227
21205,148233.9645846747
21206,141178.89441516757
21207,107663.59231797222
21208,63892.780683487435
21209,61250.67030976812
21210,47645.38238527584
21211,85165.68234518022
21212,95145.0740208469
21213,15388.630104246919
21214,38414.23079138187
21215,19682.245783893457
21216,26438.50292288043
21217,46075.995367426505
21218,72841.77262382234
21219,148787.9077823477
21220,58529.70259518827
21221,72109.45935975375
21222,56458.469262384366
21223,40796.655507507596
21224,155368.5124961525
21225,13348.7333945048
21226,197748.29407831864
21227,126866.68065985077
21228,33032.013449879465
21229,42661.323278164855
21230,165764.81705163562
21231,33760.39782559262
21232,80384.12889862401
21233,19458.435580279096
21234,191936.63899320344
21235,21319.817549724437
21236,3900.910675000499
21237,7807.692485451712
21238,72120.39709985255
21239,7177.880505378401
21240,47560.53860762079
21241,24405.377839772806
21242,3631.049561242085
21243,39630.50683709274
21244,61153.62348908189
21245,129472.4280533016
21246,24705.460033470383
21247,52160.53659516106
21248,27575.40264643871
21249,72815.39027294242
21250,40785.835013878794
21251,52108.85939249966
21252,67383.86481816455
21253,41995.25943801319
21254,69467.17186011573
21255,68577.49822295702
21256,137289.69790146942
21257,103711.04733537228
21258,72869.33719604499
21259,104110.17307245106
21260,62315.55400423422
21261,32606.036356837532
21262,41403.24113602941
21263,103195.00316180031
21264,25383.728780526384
21265,21951.9396364256
21266,6188.024737498801
21267,143363.16773121993
21268,61803.85639537539
21269,73591.19754846286
21270,58483.17107512066
21271,40110.979424775214
21272,48424.257421514034
21273,54998.07646405502
21274,61844.16354935901
21275,131615.05503878708
21276,168783.5227043781
21277,66740.39060548796
21278,35674.0676650234
21279,32175.724874750107
21280,34837.83436127886
21281,68085.83368940632
21282,32310.86912314053
21283,37562.20623581033
21284,43047.495349582816
21285,81482.8838939268
21286,46014.578557801055
21287,45689.753906936705
21288,190150.82150841202
21289,73530.40610703985
21290,71359.41864562925
21291,44861.93440831133
21292,43838.92668772127
21293,38005.539609856074
21294,39038.447614454766
21295,93928.6892611273
21296,27369.346764098464
21297,37883.07023516104
21298,52846.20822491444
21299,3814.7387535302496
21300,116643.1848746147
21301,72710.44522593754
21302,91693.69193289988
21303,5462.023005666007
21304,49137.13058869263
21305,7116.425382439569
21306,40724.55751643736
21307,50318.564018761645
21308,3283.205890675265
21309,44836.88468948091
21310,34602.077995865395
21311,4091.8350015527185
21312,58300.638173923144
21313,59357.000503371
21314,11828.130554966569
21315,45169.97437541847
21316,10698.335321448023
21317,73518.87559709411
21318,101203.35234172223
21319,65402.23587224659
21320,1843.689370239724
21321,9698.144783446798
21322,56957.39371245913
21323,58916.21433777118
21324,41603.88538188475
21325,33992.094785271576
21326,29441.574248458266
21327,52597.20573312087
21328,74267.92903689122
21329,55634.331516545855
21330,46406.368637635096
21331,58821.036611292126
21332,45691.536754107234
21333,38897.086235874965
21334,139399.81312474055
21335,140056.36097669855
21336,28410.72375515004
21337,12720.363859092158
21338,103636.9744619369
21339,40272.167560447946
21340,40555.33292370937
21341,45552.616844432116
21342,120879.01618410376
21343,49311.09470382415
21344,4854.60612661728
21345,111227.89185376778
21346,9366.11951857749
21347,41501.168862572005
21348,40732.40280300983
21349,60634.067471554205
21350,79581.39214039432
21351,54883.48827243167
21352,28016.60462608821
21353,66526.50943639471
21354,47808.44360186384
21355,56355.333271482144
21356,44821.95527201448
21357,43033.59298271854
21358,138094.8670367156
21359,103729.68941431167
21360,15950.662417027248
21361,98612.3178563912
21362,42424.31515492667
21363,48827.78031151407
21364,28992.507614321534
21365,1549.0908786920738
21366,7112.636681779041
21367,246789.3403292081
21368,41346.05446540027
21369,98266.93064347576
21370,81069.56806275966
21371,5186.98513266469
21372,99463.14034584054
21373,106340.65449313942
21374,83706.09575378605
21375,67856.74137523129
21376,66995.35147865656
21377,102184.41694109759
21378,40235.202653410466
21379,54729.78965351093
21380,12557.867990121225
21381,51416.13747606788
21382,39570.804986951756
21383,2876.653817319576
21384,170382.1126915835
21385,31410.20566426336
21386,79082.54184042968
21387,238619.65929634497
21388,123965.67586398598
21389,33506.48367547949
21390,53346.97673596889
21391,4688.331342982227
21392,65675.84234853857
21393,40704.17016526759
21394,48446.10088845516
21395,18726.8454504046
21396,59617.17221545969
21397,27854.741804678928
21398,73175.79209764283
21399,41342.00668390635
21400,3561.8244144865025
21401,26864.656565004316
21402,111043.48587795976
21403,39772.83171601087
21404,15844.643548467799
21405,3295.4359119364285
21406,44824.29547157918
21407,19767.064524448768
21408,39169.01556230266
21409,43656.15501421155
21410,31010.88637131749
21411,59690.18972889766
21412,6635.406236148459
21413,47688.57797868198
21414,121880.5630775522
21415,45896.09540288692
21416,88159.4965293933
21417,184675.24265091753
21418,66354.88110156934
21419,69707.58501383122
21420,26919.582687081416
21421,26086.482047809768
21422,28573.268052545372
21423,47418.80343091716
21424,9366.955163381534
21425,16988.751958375695
21426,18104.376603119064
21427,2371.4358317921683
21428,47563.73149363965
21429,58858.70399136459
21430,42744.85971023127
21431,82474.63454120044
21432,204982.3173318393
21433,86751.60721615115
21434,51191.59321980485
21435,4439.459302214172
21436,47254.03405204559
21437,44981.38159119031
21438,49537.89886613493
21439,135383.0149799456
21440,129180.87572885276
21441,52477.10873907186
21442,75625.27584440693
21443,1799.2859149055594
21444,24424.657105432678
21445,4055.191032576481
21446,34900.10141754428
21447,106139.79962004702
21448,2512.4238140815296
21449,6340.5926592441965
21450,33284.43383229252
21451,53251.69158452561
21452,102485.74727375677
21453,7636.344435765249
21454,162934.1334960265
21455,45020.43251917197
21456,21161.87129317847
21457,44352.03924574025
21458,46098.31972729286
21459,17968.190927988526
21460,33880.22129340519
21461,14217.221314561131
21462,22288.652201387406
21463,203071.9007180342
21464,13754.274809215654
21465,72228.53733518072
21466,40696.7251415583
21467,31226.942636891265
21468,45375.670682649885
21469,80382.76358850283
21470,7218.458679308934
21471,10232.22796994354
21472,62339.95945247288
21473,73589.31314787347
21474,49657.078326962044
21475,26666.694409182077
21476,160155.2355658391
21477,5218.4197273998325
21478,109573.65686225312
21479,53591.199257167704
21480,16045.546024119089
21481,146748.6608138582
21482,28527.10589039607
21483,45404.58855350043
21484,111745.6968163664
21485,94756.90532777943
21486,24708.615584338993
21487,29425.822389979767
21488,65656.11053663873
21489,32634.389406596125
21490,38514.73491858631
21491,8881.18854029697
21492,79493.79662109888
21493,175865.6328864318
21494,113790.60642955369
21495,35444.79757290638
21496,6816.812793159531
21497,31283.294338681982
21498,70885.33944329152
21499,47869.88811992432
21500,4066.6970468977997
21501,31422.749014258035
21502,5288.901565161557
21503,136061.08729221416
21504,60274.77659366625
21505,65026.96156177592
21506,3820.265395191077
21507,62454.62801237748
21508,5407.7098556505425
21509,49085.93743380884
21510,22488.195144031306
21511,37263.57837509221
21512,241639.87716998917
21513,34797.7955012237
21514,12597.691204075361
21515,44240.611239492864
21516,31855.165416495674
21517,252649.4582361561
21518,140295.2802465511
21519,65341.09831250055
21520,27339.794036225132
21521,62165.941012605836
21522,45668.6204079063
21523,6393.576165670201
21524,176156.29430796084
21525,54488.04850248532
21526,63282.19607592642
21527,13947.23362411452
21528,4486.468816023155
21529,52285.80685406654
21530,44464.640682917816
21531,193678.98452917443
21532,23062.56281361071
21533,58460.188451032074
21534,4115.89898180398
21535,8364.709016484407
21536,167651.33564141783
21537,164185.67275594594
21538,30762.87578925284
21539,139029.44200853005
21540,37924.004469837135
21541,161714.4571805456
21542,156187.8096544899
21543,103137.87582134389
21544,45498.58094998741
21545,171145.3541175535
21546,2466.501214165476
21547,90068.60664870894
21548,74886.20486881233
21549,132844.35751101974
21550,61232.05109015282
21551,2042.5708500612639
21552,108624.65854201176
21553,10800.47731477275
21554,144714.70378321977
21555,6948.288078081446
21556,5647.0696216536635
21557,61749.681244642554
21558,7447.6737877989935
21559,174997.44584308716
21560,100209.0381698048
21561,75659.20705202862
21562,96269.03903826846
21563,37296.83845446535
21564,19723.412202597166
21565,39231.6949588181
21566,11145.499627459387
21567,20071.062228028717
21568,100652.85165169425
21569,159076.136207816
21570,207403.95141879204
21571,52537.82451820982
21572,3698.197232681442
21573,42501.842033111374
21574,48652.67732840788
21575,78045.7627146135
21576,30679.032663057045
21577,78655.07312624688
21578,24838.877022790417
21579,38408.15727905249
21580,70780.45081760803
21581,43454.51491790451
21582,271224.78826729604
21583,35308.98968845615
21584,134215.09014019053
21585,103512.20973701961
21586,35414.24579721613
21587,41190.86087529226
21588,55175.23593584273
21589,43562.60718897078
21590,59252.18866148209
21591,42185.72858228819
21592,38818.99223555548
21593,41123.07833571374
21594,6301.92791852523
21595,1581.621057149553
21596,88336.38427439207
21597,58650.87401139823
21598,105034.36518094897
21599,9124.869448953486
21600,93574.91116077971
21601,13673.339027795635
21602,7450.326675676664
21603,45229.76905739807
21604,11099.998458459133
21605,53709.01552161161
21606,275085.61587726837
21607,75281.6004944084
21608,87065.92533748051
21609,47105.24581988648
21610,27379.979693500587
21611,55207.23108533428
21612,141088.8992225288
21613,60741.67107681039
21614,175498.7725071989
21615,20005.892312072763
21616,78163.03616912194
21617,8542.06236673268
21618,21695.267908805745
21619,48114.38623588335
21620,85008.95859009869
21621,122798.44191395301
21622,29074.775267570447
21623,127740.69816198047
21624,46410.49476009323
21625,40291.442153663964
21626,6496.36525847099
21627,50728.16686646201
21628,104879.026076585
21629,54277.656772098024
21630,14253.939301976086
21631,61521.604334016905
21632,62762.383019229164
21633,2702.7693942237534
21634,9743.515861314065
21635,4663.1531645441155
21636,108812.22612621743
21637,90725.58460584385
21638,43494.342139208995
21639,30361.065820394044
21640,79269.74702645632
21641,20082.170553810043
21642,42889.9972771112
21643,84961.26147897205
21644,14214.796265207704
21645,42831.48004205604
21646,48270.15825293664
21647,121018.47430307487
21648,52823.89520991232
21649,64317.879047722585
21650,144052.53999181848
21651,110361.51391200937
21652,41710.432422108366
21653,202000.36103093435
21654,43703.57032875713
21655,66827.29053524413
21656,11845.328557432087
21657,36081.450623540426
21658,64935.96112256899
21659,92919.36334777134
21660,73861.34831219552
21661,181073.044125332
21662,34563.205248271806
21663,104073.69800806197
21664,18382.90755328347
21665,42061.61986143031
21666,17922.10012193941
21667,43222.07026033941
21668,40032.97944154231
21669,111957.94398498672
21670,47327.940763600105
21671,62840.736635679175
21672,10957.156502640239
21673,45262.12228824781
21674,146399.05757564004
21675,28143.688430240887
21676,81570.5995577446
21677,40819.86208079892
21678,274213.4705949754
21679,162601.71468467463
21680,8720.159030299017
21681,103296.69595400443
21682,36763.080764579805
21683,7714.248678866651
21684,32852.950112172686
21685,72823.00409133507
21686,72290.37208610035
21687,142484.07973769083
21688,98023.35882259351
21689,51444.60635079405
21690,67725.04694470695
21691,5568.816592804979
21692,50252.340428547606
21693,43220.52565086549
21694,25818.343604427468
21695,30422.91449686657
21696,47170.388691495464
21697,35025.30647381403
21698,4676.592164223883
21699,45929.23780409307
21700,88409.33314411146
21701,234253.36137690113
21702,140859.8338979131
21703,88163.7433919415
21704,68606.16958725246
21705,80239.42713872947
21706,23109.13051595298
21707,60271.20750584149
21708,45292.487122481725
21709,85258.36890974251
21710,137561.85647294874
21711,57880.70889195022
21712,47940.659253076374
21713,61015.9192006884
21714,45478.02317758077
21715,30166.583042657632
21716,238142.02761799237
21717,40321.729165680445
21718,22100.105875995723
21719,3526.0460162808427
21720,50668.92676655391
21721,97515.66076541769
21722,10706.852965246195
21723,2342.608265728262
21724,24865.739119573263
21725,6235.571482444453
21726,35246.29891092295
21727,66164.8818548292
21728,36577.46588095049
21729,118462.74228952367
21730,5534.503143504944
21731,16534.4907118184
21732,80042.94161425525
21733,206957.7129604144
21734,98971.87502188701
21735,40449.21366611645
21736,46970.91425413891
21737,105030.33701527177
21738,118055.26107243978
21739,52029.91013705649
21740,12339.3272145638
21741,40773.58025846771
21742,138529.09755616335
21743,55736.554141032684
21744,30577.573333704917
21745,17352.112947664955
21746,209382.92150654722
21747,81373.62326010388
21748,15460.113939221346
21749,132621.41204465786
21750,63167.89307466898
21751,87450.57610240676
21752,12260.890156329671
21753,132604.45405013018
21754,124770.56410796972
21755,66555.63606459367
21756,49958.23772370895
21757,1507.1719984146275
21758,42178.29745342437
21759,37399.66650330102
21760,50943.143620306095
21761,41545.47851007705
21762,8948.119895207972
21763,52990.371454178945
21764,5396.844511886068
21765,4289.111485710021
21766,78578.27580880503
21767,5433.320443791025
21768,4739.746650185451
21769,120987.67211292138
21770,112822.44679189855
21771,48391.787071683924
21772,37474.29111666508
21773,50790.42554154068
21774,166745.3116996478
21775,63411.665132782924
21776,206719.7434143351
21777,1462.942780672161
21778,3756.54091403515
21779,35013.1700357335
21780,64748.42291633496
21781,10380.131880383016
21782,52837.16524568245
21783,66494.3574352245
21784,44974.3779734636
21785,64093.149710871156
21786,4893.891458731772
21787,58534.21073057954
21788,12938.853332719827
21789,89059.32045499842
21790,79056.21709372182
21791,62757.7990765977
21792,74883.9048748606
21793,111823.91126403667
21794,49325.58859524719
21795,11279.804478461689
21796,53150.16152058387
21797,165329.71951499023
21798,49426.29253171601
21799,111072.64235691467
21800,151170.93862267272
21801,81659.81163581018
21802,55140.5758612267
21803,40989.668101144314
21804,67931.84503362812
21805,83118.41514972276
21806,162883.35060600686
21807,11917.648838843315
21808,23958.68249117538
21809,6564.892218595993
21810,31484.931755443456
21811,90862.6455283908
21812,171641.8196933469
21813,66642.23823801197
21814,18915.268107175692
21815,50307.95520538016
21816,145173.91530966613
21817,4574.3863906713805
21818,46583.18695843045
21819,7386.229392267981
21820,22578.760293468476
21821,60683.857881141565
21822,74155.91768518605
21823,79604.85367853206
21824,55761.82828260776
21825,35440.953375790596
21826,87310.88409761208
21827,39686.7496810311
21828,108387.46039782585
21829,100877.13528905653
21830,10181.607051472965
21831,192639.96302948782
21832,30748.6076350759
21833,30093.208540227137
21834,3535.1445113805503
21835,41296.32558233833
21836,21846.96016322217
21837,118481.69546340534
21838,5295.236363825808
21839,189197.17574165133
21840,173445.1949837483
21841,47486.63345632191
21842,6733.99278651669
21843,28119.539680477334
21844,32550.49779427259
21845,134218.33977323922
21846,78264.23556259689
21847,177601.36176787116
21848,104578.59033719492
21849,31206.538407385124
21850,64274.656559838324
21851,76772.88346574553
21852,49693.76142352259
21853,45137.33073485183
21854,72020.48668476794
21855,28831.043230433785
21856,44656.96434523321
21857,23748.747839696487
21858,198259.16564010907
21859,47612.62193574138
21860,135628.92522351578
21861,28333.477404105666
21862,34135.37833071774
21863,213239.0558545757
21864,189020.91923324368
21865,69952.3769437091
21866,203546.90057320648
21867,79457.43500888237
21868,35638.83546108217
21869,61872.54349738447
21870,6568.076303921301
21871,42896.18585544767
21872,193637.3935059634
21873,108763.53876248961
21874,164320.36045848503
21875,91473.64582730971
21876,12647.66941224378
21877,20746.107154384656
21878,63674.24150478976
21879,13468.955915935534
21880,7131.942796710343
21881,2860.989108817768
21882,37295.70180715561
21883,45563.483309302515
21884,44118.016630489255
21885,146223.70346921738
21886,6223.769821364274
21887,43636.9817723797
21888,69695.99516805176
21889,73080.53213973629
21890,47828.4676676224
21891,59842.39931791459
21892,87343.58327730054
21893,7265.304756611849
21894,28611.568319499434
21895,6216.228499697154
21896,225441.09473140351
21897,31724.76342767504
21898,87339.03220385608
21899,199865.45681841797
21900,48273.09206360766
21901,49637.255450132994
21902,53673.196837321
21903,21343.936425463882
21904,53114.14835096893
21905,51636.765471414736
21906,120275.55122966645
21907,186651.4759577403
21908,26874.98866311832
21909,43956.669104329165
21910,44923.2573749514
21911,107531.17158231311
21912,54486.26910256588
21913,62470.20598236121
21914,61782.20077605638
21915,43081.45376477708
21916,80518.49736869705
21917,29623.420478699198
21918,126939.7506965757
21919,33126.750255389255
21920,9258.403492796151
21921,110635.31263953245
21922,33820.61841940402
21923,57520.78844568522
21924,22519.0741818723
21925,50389.91047934258
21926,49242.33717396003
21927,55413.97387737478
21928,30747.347636879476
21929,195084.72181737947
21930,66890.69449631961
21931,37152.58662916471
21932,103032.89873140043
21933,68047.59308102632
21934,106102.54406083957
21935,37121.21050884189
21936,15125.533691015466
21937,49193.87692473764
21938,46847.247487281194
21939,114111.76331330618
21940,27438.91435681512
21941,37544.86848328516
21942,8314.43378827761
21943,127454.27395617963
21944,67204.43456001191
21945,57468.52193950116
21946,56306.22990684053
21947,54760.29027875818
21948,17887.207169783134
21949,47570.55573225464
21950,47288.255560943726
21951,49741.484332433916
21952,66794.0116011868
21953,56718.21270712841
21954,54074.543748264296
21955,4591.111444476933
21956,48142.79696289084
21957,61714.46968227049
21958,170164.41667060705
21959,9532.04263775612
21960,68643.27437854964
21961,26397.09980138248
21962,67162.12929770652
21963,88524.32500772378
21964,2141.381212680967
21965,67957.15877408802
21966,168368.5437926503
21967,2918.005723797424
21968,36476.692365405885
21969,41121.689860622035
21970,48596.423480279824
21971,112365.56805872821
21972,8460.930436918772
21973,52367.01649101941
21974,130802.71961882149
21975,3702.280741766252
21976,41578.957036220214
21977,119176.81743249204
21978,50968.7618432138
21979,21117.22475050471
21980,15823.845079032075
21981,162822.34007217607
21982,43039.77444394217
21983,9215.933147127127
21984,194990.03165725988
21985,32752.923424929588
21986,7488.888773821798
21987,35737.100119152965
21988,44057.2209565596
21989,155545.77907985746
21990,41937.76210540653
21991,51231.410744234054
21992,52949.284995047296
21993,127022.91771371267
21994,178074.01022736862
21995,43526.64822841706
21996,96457.43522577109
21997,18496.940494272916
21998,38720.02340272151
21999,61811.31400820665
22000,92762.68536026646
22001,36319.70431555576
22002,5085.321283929776
22003,44089.19155477241
22004,36808.29917742847
22005,45197.30401496926
22006,25103.68348827199
22007,5504.475862259084
22008,80094.54080544988
22009,62316.091536954336
22010,11963.18260580723
22011,49363.62767165277
22012,41309.21378776932
22013,11933.297529960293
22014,35168.08850216304
22015,57023.532770458805
22016,29531.52219352958
22017,29453.25811885534
22018,53551.696727103496
22019,43887.4785382286
22020,35800.86596779675
22021,40255.012862520074
22022,50916.624284573794
22023,187241.21998459776
22024,151075.201233459
22025,197491.32687720866
22026,79779.73792018114
22027,7951.051478986182
22028,68671.12813186148
22029,40173.75492156479
22030,102988.30134162845
22031,108120.84837765702
22032,112240.32529757632
22033,274338.83230166143
22034,18124.5803416641
22035,76560.03863630773
22036,85235.2730982529
22037,26580.077508135953
22038,108448.26974318638
22039,23159.06262084481
22040,84446.45554592591
22041,15107.649910309572
22042,87338.27592818203
22043,3566.7237948341144
22044,54744.645293534966
22045,37097.96313875997
22046,52231.67694082346
22047,2302.258529705828
22048,64175.75910873591
22049,8050.37925192715
22050,9418.628406591235
22051,10794.236909538784
22052,44025.32270219655
22053,60923.424145467405
22054,35042.4608906066
22055,93593.07555503357
22056,30086.457233162953
22057,53990.08916226908
22058,33781.01739227927
22059,23356.59779155464
22060,10537.198427702142
22061,76276.6171569254
22062,108237.37189200732
22063,63509.658824049686
22064,12104.479364564833
22065,27850.367784741647
22066,52488.42311396189
22067,26242.8788841866
22068,67364.62350497361
22069,12082.912033504768
22070,84024.64278492653
22071,121585.23130504064
22072,66753.42767008567
22073,5448.286272281494
22074,3953.403407332036
22075,140808.58209569738
22076,57883.25162877818
22077,39881.720593063554
22078,120533.22079280701
22079,48114.15922952729
22080,90052.93839356018
22081,277374.43164429144
22082,35455.512322776216
22083,92049.97838055734
22084,8583.823821838108
22085,86910.05469243943
22086,12318.40352947647
22087,39240.226231141896
22088,38896.73420503719
22089,44456.5617347605
22090,53085.020276316005
22091,70458.32020035254
22092,4670.83073461065
22093,54014.3629455201
22094,12968.533726776997
22095,133488.5147720388
22096,38707.81995911975
22097,26272.379158554555
22098,16774.56514298906
22099,33981.67672846624
22100,229159.84091539247
22101,141243.15989581353
22102,56834.25541814782
22103,146520.39146117278
22104,174424.12020929676
22105,65363.74854471501
22106,235316.48130145587
22107,15507.95509770682
22108,7004.3658493603625
22109,42858.721629124244
22110,55159.321290037245
22111,69663.66914856287
22112,105896.13828076483
22113,38104.141765148546
22114,93259.61098319355
22115,10417.67607350318
22116,50249.42460805685
22117,42431.878539129364
22118,47647.50642562821
22119,19228.39362387907
22120,168086.8320850588
22121,32375.41530218359
22122,58002.059708854846
22123,169303.8166221845
22124,39948.31046415823
22125,50498.79140879033
22126,67020.01474080567
22127,188872.9123542214
22128,164479.13634666707
22129,27580.736466179886
22130,43420.751685763214
22131,107026.90168748297
22132,6425.285168315817
22133,232425.92249717988
22134,195032.76508327498
22135,54814.47766584022
22136,55514.258010706755
22137,77821.12431754537
22138,51672.92313417883
22139,132253.332780069
22140,45294.995459133956
22141,2444.6686217904025
22142,146218.32496924812
22143,193428.48997551925
22144,67250.68930976804
22145,34764.35217200092
22146,49190.05553020038
22147,86581.94852199621
22148,42072.50156935032
22149,97683.0938554799
22150,41627.9832623194
22151,5207.493643928132
22152,158779.6718438841
22153,16635.95508781219
22154,68253.95969492997
22155,218758.4619342076
22156,66140.78860143665
22157,50065.47039222429
22158,174809.58572664487
22159,825.5839095444503
22160,34957.95300252915
22161,46258.59105220568
22162,43208.61443506142
22163,43635.54054726724
22164,15020.039008833653
22165,63750.0942655643
22166,5840.470651540588
22167,62337.36322677007
22168,10013.632348191262
22169,52612.60236610211
22170,81017.4608813055
22171,63383.82891664366
22172,64287.01251085363
22173,20645.341610701704
22174,5764.900114088882
22175,107089.53771371067
22176,30443.232464855082
22177,7802.354526684736
22178,79741.93441124141
22179,82842.16689128401
22180,135986.4490830424
22181,45143.713466948364
22182,31272.849560496008
22183,69047.24516777026
22184,47138.57560825369
22185,129681.9827822835
22186,111897.70671894556
22187,51632.66502432919
22188,37436.35403404534
22189,32226.24175751387
22190,59301.16456934353
22191,14524.579510785416
22192,127118.7099415387
22193,48993.938326356634
22194,77143.17709027568
22195,16215.053560680808
22196,41096.214136440576
22197,37063.49604866398
22198,13623.148730491539
22199,17683.517519066
22200,2912.9216040622528
22201,132113.811953278
22202,22892.45349727778
22203,197007.66508358976
22204,75298.27519598951
22205,93549.1622553995
22206,87427.47148536096
22207,4995.617069987438
22208,33573.60890065695
22209,3628.707657596493
22210,30281.673447021356
22211,63515.88406750749
22212,57378.180546540265
22213,12769.793611218824
22214,31791.51367378859
22215,15415.270628475599
22216,8255.059825665445
22217,91961.46062458321
22218,108202.93467018302
22219,123013.53243076337
22220,62344.118928072276
22221,30785.54629378561
22222,47665.03981907208
22223,106422.73664250647
22224,20856.368475952764
22225,42305.1922393998
22226,68986.49529317456
22227,48174.7750483961
22228,80290.75161920716
22229,36977.50337541077
22230,198538.5338341959
22231,35111.06809657764
22232,40805.32833402564
22233,69745.0163585886
22234,105462.97246782566
22235,13632.624643508116
22236,34428.27194379867
22237,51065.16140398521
22238,20764.01750472225
22239,173675.42655843234
22240,5891.294226865137
22241,56135.00287283373
22242,217593.44202444932
22243,7114.322866212257
22244,51225.564997348716
22245,104870.75618527012
22246,28491.556278712043
22247,4033.5879396375244
22248,8903.337944806673
22249,81088.55263386073
22250,49109.82909928303
22251,88152.82466842592
22252,128560.50599061404
22253,3339.403880599937
22254,27075.430086172157
22255,28125.072588861127
22256,34030.89395243214
22257,72455.22627804265
22258,43803.35934986
22259,65368.23960667599
22260,68154.36099537803
22261,53969.82224891953
22262,58529.81498352522
22263,3449.358984561458
22264,33905.16709614467
22265,11439.182023187122
22266,149706.11755248895
22267,193982.00360306737
22268,70001.33968243153
22269,19808.503963381103
22270,37217.04907888531
22271,40941.76092742986
22272,214959.94002935637
22273,40205.819364115334
22274,54902.91743856491
22275,33422.76093192867
22276,55908.69322942133
22277,48781.28809027658
22278,65868.05946201555
22279,36824.045509380754
22280,36431.8392404242
22281,35763.09449415525
22282,110549.90427990319
22283,51080.62716378559
22284,99528.61499124953
22285,49126.520814077376
22286,98587.67052979601
22287,56140.20568190563
22288,96651.21187886519
22289,43101.5080036257
22290,32718.323796146633
22291,71437.90419220398
22292,66033.69982234402
22293,76796.52978356811
22294,89577.81366511909
22295,33775.1529773565
22296,9881.001485571736
22297,23951.27750205069
22298,38369.51407189893
22299,53570.28997954745
22300,42083.451633888704
22301,11617.096099536106
22302,52784.47041881407
22303,108247.31820679412
22304,36387.27586396607
22305,174549.36276573743
22306,126360.91446319516
22307,78733.15041051133
22308,33629.55443624294
22309,39882.77702874905
22310,5030.326889593023
22311,46935.50529897512
22312,76042.32439647474
22313,40013.54228567853
22314,74170.1644772633
22315,113344.98864868552
22316,29802.494001644674
22317,10296.438674980744
22318,60832.3776697147
22319,3497.6350762776487
22320,19531.655714925284
22321,4726.616712476553
22322,31373.24763709231
22323,9211.924761320157
22324,41061.51773741207
22325,36209.84081215768
22326,97926.10457658682
22327,93652.84923052754
22328,4172.864388752934
22329,112297.08723654074
22330,43628.21389069747
22331,20461.508611349927
22332,12514.506557127668
22333,208267.5495881283
22334,52995.288318069695
22335,83174.40961826485
22336,43240.03671458572
22337,36345.28475708529
22338,109249.34175736408
22339,35857.39267411887
22340,105947.07665536323
22341,101338.71587132823
22342,45087.31617982896
22343,33705.71864696886
22344,51658.628843088605
22345,153072.62000424028
22346,60520.221660526404
22347,63493.645175782316
22348,87197.29797686568
22349,197905.51817108065
22350,196675.63709136684
22351,49349.52192557594
22352,1750.1042157236807
22353,50968.53284644361
22354,124312.47011439582
22355,31228.383857077737
22356,34058.85329972268
22357,69797.75109354177
22358,2725.4965647773356
22359,49131.1839293712
22360,49362.21263352046
22361,76114.84367253192
22362,65934.02492366874
22363,44045.98397804876
22364,31137.22581367103
22365,40989.30039528262
22366,81147.15139246588
22367,56878.27351133772
22368,38301.84944001892
22369,57011.46299915054
22370,44939.15593834399
22371,7326.273455287674
22372,16118.608718453333
22373,9154.015486888871
22374,64853.04085353025
22375,23046.67314598204
22376,21832.733832242102
22377,8497.582343047818
22378,10318.01089344295
22379,42870.04561173034
22380,1683.644800827017
22381,62789.17109271362
22382,59107.984116361615
22383,49438.19588933715
22384,71023.66795763244
22385,77052.71437539443
22386,61222.42480691178
22387,11364.55969600156
22388,48747.350387454186
22389,52667.79585183893
22390,48209.21754885784
22391,7036.5491620419825
22392,41508.18966505255
22393,11369.27564410643
22394,50735.642055657685
22395,52360.74948235511
22396,108889.2212574783
22397,117447.26772182097
22398,47739.70773253688
22399,47013.59991139759
22400,41892.83950469201
22401,75545.61228865609
22402,17283.905995667054
22403,94964.87508996669
22404,128796.72994835318
22405,5488.1358747773065
22406,3722.7140372189374
22407,164984.11719285327
22408,75784.24758176955
22409,103776.97028290972
22410,36521.02476799286
22411,2300.5102923422896
22412,61694.18722780848
22413,183201.53298165795
22414,37432.147931424035
22415,102430.89078647493
22416,68911.17104588295
22417,13659.998409159394
22418,181002.05620897008
22419,64102.58110006463
22420,35768.80656430151
22421,48387.33828083979
22422,47164.70632679599
22423,45645.08205347226
22424,54507.328103920656
22425,57930.18804043001
22426,158037.84177594498
22427,4451.5660678688255
22428,75583.13337576043
22429,22401.404713858632
22430,124451.15835842853
22431,46223.19953938406
22432,59415.36276845566
22433,56034.33987093871
22434,19850.213427828578
22435,183702.88114459292
22436,47306.004466340266
22437,102153.0572407249
22438,169995.9754493742
22439,6576.700357626688
22440,85878.20555702741
22441,17741.293693805546
22442,3392.338447770875
22443,22667.411507181532
22444,44270.22575319674
22445,81093.75923135421
22446,6996.684102821032
22447,34869.99857772347
22448,141607.9601904511
22449,70390.1072687025
22450,56247.48039381714
22451,16059.557037448229
22452,38237.30414713601
22453,50463.66375925473
22454,49564.485961641236
22455,42465.06566245889
22456,35572.6692491062
22457,51453.52196407154
22458,73403.41817448223
22459,77629.81671510256
22460,161668.84164014042
22461,78129.77732038572
22462,153740.28148675576
22463,3261.8093552265495
22464,82737.2051764895
22465,32693.922035602467
22466,21848.420369885822
22467,38719.18965263769
22468,30065.10103280217
22469,5390.790110099818
22470,85210.05188955778
22471,14191.151676902691
22472,38278.38204786611
22473,53427.092242417304
22474,67293.11288747306
22475,27609.825777336457
22476,94217.4951393557
22477,25325.28682640518
22478,51543.33667348305
22479,181535.9729127697
22480,34557.32009345268
22481,29697.982097300668
22482,24451.067973358906
22483,26757.75097939921
22484,8065.898541633065
22485,169867.94496871196
22486,49962.70010859157
22487,53854.446169499206
22488,65622.3595163825
22489,166032.95877122701
22490,132959.81725425928
22491,74709.70401198372
22492,98303.627102962
22493,10488.388274420964
22494,59850.53565714246
22495,198607.00924151664
22496,71350.85316862389
22497,17131.16039977441
22498,121565.52129394813
22499,47322.42766995116
22500,40695.683218947896
22501,42787.80116143861
22502,56190.221270886344
22503,43530.3337348462
22504,7706.680476805364
22505,7672.984719830712
22506,25463.256033802838
22507,32119.81472789465
22508,80011.08567389421
22509,39636.12472856085
22510,29756.35055268705
22511,35237.64965696776
22512,48390.601609095
22513,67230.69683026081
22514,42456.804386565316
22515,143580.89822172612
22516,31968.012851460593
22517,56116.591650700786
22518,63426.77512703399
22519,54572.11548317173
22520,216180.71043117504
22521,50067.64006130616
22522,10936.287863930003
22523,23058.940732666364
22524,36363.31050476552
22525,47474.29569887351
22526,3610.461168419997
22527,65360.42790779427
22528,8637.685338397348
22529,81136.59310779069
22530,55113.763928948305
22531,109155.45179867571
22532,70071.85524481775
22533,16722.192316586865
22534,96416.53130830242
22535,109130.22869571066
22536,55916.884303536266
22537,51112.607967352335
22538,145736.95759323266
22539,131120.46055831393
22540,72383.71499380037
22541,124755.84781645756
22542,83087.47300599267
22543,53130.09982169194
22544,100097.49850273371
22545,12429.675970508588
22546,52160.04192301629
22547,107399.51110300921
22548,177397.15721235637
22549,37277.17232587494
22550,31873.448135409384
22551,42923.37906662966
22552,44045.25430507958
22553,99584.16050339742
22554,171803.12487392337
22555,63574.3749224532
22556,121390.30030604379
22557,38650.03616896945
22558,58386.51400518764
22559,14717.747565402784
22560,37345.82561259468
22561,60526.221293155424
22562,71773.76959787696
22563,67129.22169349412
22564,79101.45374951336
22565,35488.98140861295
22566,8214.375883044198
22567,3583.8176098788135
22568,72171.62300203815
22569,125471.5663657588
22570,23113.044242475888
22571,33411.14520531943
22572,113189.20893625019
22573,71558.06972833759
22574,50131.44817863603
22575,64734.88335503447
22576,5961.973229668783
22577,2861.3198779990084
22578,62217.710941305864
22579,26979.333791892815
22580,57544.612358208986
22581,60932.86063464219
22582,194826.78004694238
22583,5726.649144412201
22584,124651.56232270916
22585,37358.35549638784
22586,94267.45800119748
22587,85751.19708936938
22588,21974.883026824667
22589,49564.28612091444
22590,5323.984642500781
22591,49485.76599613176
22592,32086.283442748783
22593,54658.18306712824
22594,42532.27354132817
22595,80060.56004256473
22596,70519.32580605047
22597,2374.80593761372
22598,65192.82587220229
22599,38145.649564856925
22600,4663.435664912499
22601,14356.625590786398
22602,58942.49139788919
22603,51064.88531738734
22604,50706.600181844035
22605,45230.9432102028
22606,24922.053135286165
22607,10555.236989017867
22608,192425.06030583684
22609,35829.700693434614
22610,64471.79729896793
22611,240230.36638587256
22612,83924.09489496071
22613,37063.63046681363
22614,6302.518472126037
22615,55445.142857024926
22616,65401.405069464236
22617,198428.45993643248
22618,44886.03658823974
22619,50756.20079541933
22620,77226.3580647021
22621,15843.631724368992
22622,4563.27818130356
22623,23975.23337920188
22624,15608.625421811985
22625,40446.033262898694
22626,119547.90990082604
22627,1458.9093684942602
22628,37348.51716835989
22629,114088.5413357553
22630,31853.448590094064
22631,46972.977657967975
22632,77289.96349165885
22633,66799.07849578373
22634,46085.08677507801
22635,27664.51275485818
22636,65265.8563209027
22637,36513.74583837649
22638,52546.31347399575
22639,49725.70078174491
22640,84092.10334701772
22641,29250.332332765207
22642,38195.718402864644
22643,26039.474327357704
22644,39892.997955782914
22645,11765.041715592892
22646,108990.2457065133
22647,2932.7725926425524
22648,148061.97824310142
22649,50533.5489895974
22650,87960.64051755851
22651,29016.527042424063
22652,44227.93806692307
22653,142958.45173482562
22654,68074.9306476937
22655,71475.77095799404
22656,76181.20554819163
22657,71058.12083095315
22658,157468.84894427963
22659,79202.60046787695
22660,8613.569243706053
22661,7432.920533620448
22662,6970.501160466948
22663,40303.24880397727
22664,9395.42732950625
22665,57073.26585143345
22666,194517.48037967956
22667,29271.977801871664
22668,40941.56654642957
22669,38215.43054011804
22670,1601.93569180956
22671,64793.3830865216
22672,9436.445788520068
22673,25789.76023146024
22674,48336.662527442764
22675,45630.62290672141
22676,68562.43742688856
22677,81783.82257930929
22678,2309.93512822042
22679,49559.04627111178
22680,93177.54467873843
22681,16441.279668930816
22682,12710.86604601357
22683,47787.877326998554
22684,10952.066841280634
22685,41726.43386475961
22686,74210.97741390552
22687,49844.551686153274
22688,32043.902470291137
22689,14910.224452466651
22690,90203.88245356405
22691,125682.97981515189
22692,57159.95798030161
22693,76178.57621683102
22694,20412.179158147264
22695,46333.59615264398
22696,58767.73962236346
22697,195029.98967005586
22698,25246.227259668205
22699,51238.172239802705
22700,29695.204700104823
22701,45957.25467054966
22702,88884.53120557505
22703,47676.03169275126
22704,103578.56507998366
22705,52491.58755179879
22706,51643.67518125827
22707,52604.47549128639
22708,231777.90589951075
22709,81325.06035960856
22710,71844.32052554423
22711,4930.199233108616
22712,46253.354370978435
22713,59251.04518684295
22714,8885.531588659713
22715,10838.103572776678
22716,36687.94940403925
22717,237067.21816996502
22718,78715.13450936624
22719,177719.722390236
22720,60517.08782128485
22721,77232.51499022124
22722,102306.79872414716
22723,24697.942124150006
22724,91068.46412786486
22725,6373.55025595832
22726,98530.04585658056
22727,71552.27808872098
22728,136088.91578382053
22729,10922.38274004385
22730,156311.99290462278
22731,31095.028232925288
22732,49386.20919690354
22733,31973.4148749843
22734,40104.327097874404
22735,22588.47387488828
22736,38375.151230435156
22737,22717.767526061773
22738,55042.67989945518
22739,21570.01936606391
22740,35486.99613821398
22741,38065.84748227723
22742,2487.5971906937184
22743,53900.82388520435
22744,61553.918963380835
22745,62759.383423590734
22746,49260.95241306826
22747,9717.285705881011
22748,33507.16495125536
22749,69890.95429774615
22750,62124.80876958738
22751,36882.29634311248
22752,80849.52512965395
22753,51519.26973038656
22754,43709.59896210499
22755,61586.47399448464
22756,71580.43384595228
22757,58447.58318362489
22758,88985.33056162298
22759,130143.20107448244
22760,100934.16342156859
22761,9926.731306208098
22762,14346.041107009274
22763,44647.09550639628
22764,49181.85211722171
22765,8009.422662082454
22766,6866.674849100914
22767,225843.9237372998
22768,186062.25394843004
22769,6208.279078129052
22770,62547.218629549265
22771,41710.28302909134
22772,62889.63985647836
22773,52249.08767895776
22774,68562.53824702285
22775,29257.954689507857
22776,41028.02407262667
22777,113105.89374640843
22778,84508.47346882355
22779,110664.20147333031
22780,69277.4760583449
22781,71277.63646378115
22782,21404.43847322802
22783,7855.578918556822
22784,78589.13484617507
22785,115815.9755007334
22786,76438.18763992235
22787,91458.2730133939
22788,143007.17629470615
22789,79104.69326458433
22790,13052.768407693606
22791,159948.8029112117
22792,80175.69252489194
22793,22091.642215319695
22794,1390.2131741940145
22795,31647.421260622
22796,140664.73007563577
22797,41565.20392885161
22798,81696.49614172662
22799,47459.37672983418
22800,42649.286561515655
22801,80611.61788581041
22802,51762.02900414331
22803,6725.235047786124
22804,75140.04815410708
22805,35636.376304150974
22806,42780.86091173977
22807,46096.77417474954
22808,159353.0469027387
22809,11931.178266258343
22810,176315.62230691884
22811,3880.1331165162455
22812,180121.0765120812
22813,4447.315367831446
22814,79557.0874433763
22815,56774.89937491715
22816,52747.568825728194
22817,39102.07535430835
22818,12722.680841599305
22819,36976.754508477694
22820,36364.563857411784
22821,159376.7127240154
22822,16066.138914755797
22823,42685.028517584025
22824,39280.0875188106
22825,41537.1553107478
22826,7452.033959965571
22827,99181.4505987677
22828,29682.356141026343
22829,251473.0985882915
22830,42611.3301509333
22831,22509.550778523393
22832,78409.28149645212
22833,9649.648137701624
22834,25254.896692277507
22835,167824.6131881399
22836,138690.82551759196
22837,66404.42481910552
22838,27951.37691207054
22839,54944.43135701041
22840,48625.77661819941
22841,4958.9670481343355
22842,145324.87150935407
22843,32161.247544884092
22844,39327.640967792984
22845,89562.5745621573
22846,38428.59454306929
22847,56135.17107559228
22848,11169.591096293523
22849,96093.69747762124
22850,975.8320583730882
22851,62915.774030423505
22852,80800.8745724888
22853,8190.916314200139
22854,67900.48235479736
22855,37354.656906731594
22856,48747.034586457434
22857,4978.4828210609085
22858,37443.40096442039
22859,52438.48679827511
22860,108814.77641236641
22861,35922.96867203078
22862,119479.89172891117
22863,90910.15559495983
22864,69863.47009711791
22865,79634.13080215562
22866,3482.2460768345304
22867,3254.5800355678307
22868,78486.77272449585
22869,43796.26806729025
22870,143051.3256702258
22871,8914.393863288216
22872,54030.78098127125
22873,140144.46683397057
22874,205216.8976192612
22875,18865.38313880006
22876,68111.91528248803
22877,52171.72303876856
22878,45360.43070828318
22879,21399.07348333778
22880,12678.57144807361
22881,60473.87547264827
22882,6832.799459834204
22883,105128.16021328566
22884,44166.06823805787
22885,5550.034487455251
22886,40046.46519837762
22887,45161.15840946565
22888,29206.44985462778
22889,10771.847823731201
22890,136635.37864599747
22891,12728.936666082538
22892,67243.9067315975
22893,83185.96790980847
22894,1429.0159246389317
22895,108928.51285037697
22896,24141.789353115528
22897,79470.1254203969
22898,63202.12330923111
22899,42911.16136447301
22900,24020.18778870109
22901,90417.34356125232
22902,90457.30725807231
22903,68912.76000498026
22904,137148.24395443857
22905,912.0240966012076
22906,35811.50692684902
22907,72246.37599925733
22908,36460.659231376005
22909,182733.35149676463
22910,63915.19033218209
22911,74093.60581658833
22912,155126.95150508176
22913,49899.41462305895
22914,201369.24649765794
22915,4895.8071607567845
22916,48582.4447739097
22917,47335.445496203676
22918,57085.24812495509
22919,204919.5310326292
22920,61815.87125293991
22921,42775.013741848714
22922,98585.40064044725
22923,62427.16037097041
22924,47120.18950097868
22925,50063.5804062148
22926,18718.259983435742
22927,61062.09634094204
22928,50260.39827174777
22929,79902.68169677466
22930,52148.455930244505
22931,122443.10799467975
22932,123353.67945618818
22933,52458.16096898926
22934,35878.487798684866
22935,7224.069149521028
22936,46746.06385907496
22937,29653.70549253926
22938,8544.913503190812
22939,16989.939006745568
22940,48567.71237552888
22941,29858.796623783808
22942,136176.50293624922
22943,36952.678567420684
22944,136407.7662545372
22945,42944.94084574934
22946,109532.47852295262
22947,274539.6065960481
22948,79501.550346623
22949,83332.17326672054
22950,27933.73683520596
22951,48996.11605365599
22952,10398.094533497228
22953,123186.53581228325
22954,50980.33645192002
22955,46515.05574915888
22956,27351.484315588557
22957,79600.56542085619
22958,48125.42388530151
22959,67803.22745504521
22960,131324.51375466428
22961,77361.05044585856
22962,37865.481357847835
22963,45692.71093204558
22964,36148.926906638146
22965,49815.791084402656
22966,35411.17187851644
22967,14734.46803531588
22968,190883.722741795
22969,26222.764173612715
22970,25940.57776967438
22971,19874.684744191476
22972,46240.00338172938
22973,80054.33549802835
22974,124852.90184911591
22975,151371.654249254
22976,51041.63281929951
22977,4296.721621702497
22978,62484.48020425675
22979,41914.30519726013
22980,82445.22881550553
22981,80123.05614567596
22982,83063.65817769598
22983,29388.683102443832
22984,3521.479843457504
22985,279183.02827602724
22986,85271.66015672234
22987,64011.15715183924
22988,46492.72390186516
22989,77464.60439638037
22990,47122.00465762679
22991,4436.502848367872
22992,14188.842397582766
22993,46251.838910848055
22994,74058.91495504847
22995,34240.895334304674
22996,3427.8350064884507
22997,35830.42556244512
22998,42454.28486739795
22999,31713.49130166109
23000,2185.5979530681307
23001,48720.731367100736
23002,20041.33766459836
23003,37299.92413964304
23004,24275.055519186724
23005,99488.77114743977
23006,183899.72637086594
23007,36813.737799369745
23008,21045.076343425146
23009,137478.74721056473
23010,59424.670582156235
23011,58694.43338559413
23012,37299.80444265434
23013,127142.19408770646
23014,88298.65548296616
23015,49529.860492430125
23016,42742.50383094287
23017,36479.59231829389
23018,32963.07574784293
23019,76396.136973961
23020,9103.884542045316
23021,23486.08258947517
23022,7059.480702665627
23023,39772.55516762249
23024,48086.41078739415
23025,207549.2018937525
23026,67667.12121771675
23027,8924.628785874997
23028,46622.67579650707
23029,93296.55449452967
23030,2332.149954669693
23031,43095.66509705412
23032,40212.89752017023
23033,170599.01515751565
23034,36802.13023780252
23035,123040.9499549533
23036,54960.634570889546
23037,30216.57075420915
23038,90650.32989085648
23039,8237.440996775229
23040,15889.264339515745
23041,7112.983613493833
23042,14649.198174767522
23043,85782.3218993315
23044,93099.26350441885
23045,67334.33354257018
23046,38844.54349007846
23047,74914.17302082633
23048,12560.683923856706
23049,43870.59757475024
23050,5397.8927153089435
23051,34506.0016699865
23052,42872.77727095426
23053,28808.37948957314
23054,171694.52424536305
23055,80002.81123077293
23056,24120.79083432116
23057,73810.55893901063
23058,65510.900212432316
23059,10282.50574592245
23060,26358.20069886429
23061,47528.24624679077
23062,41794.04375526004
23063,7526.559005465619
23064,33490.954971256426
23065,23879.319280138825
23066,34455.77172298429
23067,44090.36444734221
23068,174766.3708873001
23069,62204.94810838629
23070,17578.191917690092
23071,38993.56814225775
23072,37082.39024689193
23073,102009.21078962037
23074,43717.366670980926
23075,43602.75066131257
23076,46830.82585571868
23077,2723.171403160968
23078,89851.08810989969
23079,51664.0703974842
23080,49978.93861979561
23081,51393.8822702306
23082,21354.47498360676
23083,2615.2443035176457
23084,14285.538734438705
23085,34085.65913942383
23086,31674.39598200239
23087,101599.13672165062
23088,31005.736914100515
23089,35344.78045202941
23090,66862.57925301851
23091,44918.93220666608
23092,100406.61193005648
23093,51113.07479696023
23094,83544.91847881077
23095,44491.23477479524
23096,78581.31871947314
23097,120485.11159729338
23098,48300.87699888759
23099,17735.391304196542
23100,113551.45388028762
23101,40703.08502285476
23102,23766.90025446458
23103,35408.31621021956
23104,53297.82290387235
23105,6342.878707226581
23106,50663.506223972516
23107,55375.83405444239
23108,6844.259401606835
23109,220276.44627312297
23110,39414.39169747358
23111,33894.767980094904
23112,44111.389407298295
23113,72975.20586323107
23114,3134.128724765706
23115,53435.327266626766
23116,53068.03558403254
23117,27114.241323720886
23118,45934.396161963836
23119,208850.35606783396
23120,11665.887245135644
23121,31793.895338156217
23122,107622.66652642467
23123,134404.90971868965
23124,141814.52069435274
23125,55530.52774273919
23126,221914.39619842896
23127,50583.96827783229
23128,92186.93417317934
23129,55043.81303323389
23130,144316.66495339517
23131,9242.42857450779
23132,73478.72253743256
23133,8115.68695763504
23134,79938.73523672025
23135,20990.88432571474
23136,15171.02402399364
23137,12426.956404867598
23138,13388.085764881804
23139,38495.934627635455
23140,14950.246189707987
23141,179231.2371757347
23142,43600.230330967075
23143,13568.77435387005
23144,64714.6588661384
23145,114483.25152881694
23146,21199.54442196166
23147,83684.35438775163
23148,237910.2894524897
23149,100957.81628482218
23150,87705.2113777552
23151,58361.05613085636
23152,34658.3194905831
23153,4799.769466767497
23154,173373.91643015575
23155,35357.448313716355
23156,41543.09402084899
23157,62626.374466479894
23158,20294.85211579202
23159,87604.05826407013
23160,88299.87897006732
23161,121015.85102925524
23162,20993.98940788381
23163,63003.099692586766
23164,162592.69357138113
23165,96968.56652013378
23166,106278.65435880564
23167,49763.393796530145
23168,244546.8528433708
23169,6718.83325614343
23170,2118.8512128677844
23171,42307.772271045214
23172,45681.89619801373
23173,53507.922801550376
23174,37953.6712682657
23175,10477.62037595894
23176,19071.721316698047
23177,2135.3840025385925
23178,3972.9480196350423
23179,55257.03126227527
23180,1762.4251073100845
23181,32666.63741366962
23182,805.1985087098234
23183,24523.45299007184
23184,64878.21650538666
23185,94169.00517045449
23186,3375.6196353320834
23187,52289.28942533504
23188,47630.224449732144
23189,60121.09857090811
23190,55714.26346850691
23191,44031.97048180058
23192,24669.906335721927
23193,81198.58843454541
23194,19000.742602052127
23195,119115.04527968453
23196,82034.4376473274
23197,6997.627024078497
23198,52152.10874858973
23199,73208.00966921111
23200,43943.471253330186
23201,96512.31826983787
23202,49145.78042744117
23203,77144.3333843662
23204,41725.243798823976
23205,165872.01670185072
23206,29771.79917397254
23207,83497.00284245385
23208,139300.68372513677
23209,84194.01110409027
23210,22381.14333671274
23211,25256.018523348244
23212,41489.53287611601
23213,18218.12491383569
23214,42690.468142309626
23215,95544.15066618184
23216,46629.0565511645
23217,138466.2839816505
23218,59205.735719801996
23219,122898.33070142179
23220,42830.637972186654
23221,51127.91117838655
23222,51773.28337245191
23223,68922.11877869598
23224,81726.76028985098
23225,40988.83942589663
23226,14048.209265678448
23227,39035.43165428834
23228,47654.25710299793
23229,7198.736166286618
23230,45224.59906057824
23231,35393.345001353926
23232,176241.9255272045
23233,48836.533314857814
23234,35454.34228619929
23235,57710.085361467354
23236,82965.15893772944
23237,45863.36749820771
23238,9026.67655132402
23239,36930.12663761016
23240,31917.994388396888
23241,81532.75063563074
23242,177641.67882094847
23243,43321.436387261594
23244,51115.96368665795
23245,90951.34529456396
23246,64825.22587863834
23247,81879.25168675654
23248,10282.808002396161
23249,140130.37704434173
23250,79897.9015038772
23251,68684.74222168539
23252,65785.28313435391
23253,24166.231931138278
23254,19836.97046479825
23255,2867.9818877722983
23256,18010.4586097312
23257,51717.33174308799
23258,44961.30281129819
23259,143288.70066816182
23260,72910.61290690412
23261,104965.12900329346
23262,52015.339390325666
23263,2336.0029066927773
23264,22387.148849780693
23265,34255.25243248847
23266,7204.82362135063
23267,54680.07444652496
23268,8675.214867310104
23269,95353.29457382688
23270,41652.8074587422
23271,45951.524686860306
23272,103271.97043839582
23273,41748.953901552435
23274,58925.21081172153
23275,24815.091992010366
23276,20538.05810090721
23277,39817.27076557633
23278,42429.20550178681
23279,45898.44615362622
23280,38173.551559798456
23281,105828.90711874835
23282,66016.40232055691
23283,65407.138456523484
23284,158223.68860183
23285,84404.05640195466
23286,191401.95536011644
23287,120133.72107309637
23288,8851.408664626746
23289,74929.03870136767
23290,27716.263303888092
23291,209357.05117839001
23292,42387.123357194076
23293,33654.16075466028
23294,46199.8989146947
23295,60244.91182341747
23296,164412.2812547364
23297,21395.183382126685
23298,135599.48416030465
23299,62283.89538918436
23300,31367.729740926527
23301,4853.480119213863
23302,81937.1732780248
23303,38333.58281890566
23304,6002.320255466756
23305,278180.10908779205
23306,205054.64703019607
23307,100638.50963278273
23308,20785.053434921327
23309,46321.311997108445
23310,82940.73657173802
23311,10397.562579363555
23312,39904.356908635404
23313,29371.453675297904
23314,194072.16478205202
23315,177988.79482182756
23316,67351.44768889857
23317,11389.029914428134
23318,55587.074072731084
23319,49945.752139481054
23320,65307.2278914747
23321,34497.167574775434
23322,175246.20607912034
23323,4097.047963726452
23324,58574.89809045139
23325,38026.90970622416
23326,88966.25193843483
23327,39872.877628815884
23328,7777.369059395286
23329,31981.95664718899
23330,63818.01644258732
23331,37728.53895849457
23332,84152.07512960582
23333,109378.37626421989
23334,55718.684751911285
23335,127212.08172606483
23336,15884.5749599422
23337,35598.23211499485
23338,32027.230707803727
23339,59542.49401058897
23340,67521.8969529301
23341,40775.79599363553
23342,157710.18970128873
23343,59508.82031334735
23344,112198.6692398737
23345,220389.09202072825
23346,90995.00857922963
23347,37100.062760467845
23348,33985.01305148434
23349,31475.57559109091
23350,51053.96666785206
23351,46970.407322760664
23352,44556.47792304273
23353,79116.40603992884
23354,121285.52461069802
23355,7281.50060365883
23356,28577.399140202342
23357,46910.28078779257
23358,176698.48826824344
23359,53765.98578203083
23360,34076.34452711735
23361,21336.09736219187
23362,80363.3252684896
23363,68862.81131919503
23364,29846.611547446893
23365,46241.35439891711
23366,3054.3807349327726
23367,33620.358102952974
23368,43146.5940385029
23369,1587.5760375978077
23370,45963.719627332364
23371,43250.718387055094
23372,35642.86184794751
23373,132719.4100708829
23374,97896.85678214947
23375,67126.55508338663
23376,41853.91571756297
23377,62559.492202566486
23378,54800.42096172577
23379,61343.0994122812
23380,18299.728301087576
23381,39514.75692265059
23382,46739.847243755525
23383,7686.636149650739
23384,36432.67690657463
23385,19464.276831167583
23386,25559.93712641929
23387,49567.44442672631
23388,62177.51331856129
23389,22842.058467212904
23390,107200.16136648676
23391,35641.85758164531
23392,47592.82223055521
23393,7835.928075614897
23394,35006.52384595578
23395,49515.41063547012
23396,206807.38777479628
23397,3171.372229804821
23398,46860.00030269009
23399,54477.28958340689
23400,41048.182918425824
23401,15910.247824512215
23402,114513.59618077382
23403,28930.191702267563
23404,44120.721248471236
23405,107063.82217925874
23406,81923.57114029999
23407,62661.53129058214
23408,44960.29888583249
23409,65142.49586410941
23410,67899.46291452409
23411,29655.654629053923
23412,196590.60123290584
23413,132985.928797677
23414,7177.716912485038
23415,55453.91402438831
23416,46715.63633746309
23417,47778.6320928592
23418,85213.93606793208
23419,66009.84084557797
23420,108676.33132314557
23421,50143.41863239361
23422,27779.15140999816
23423,52397.591629494564
23424,110990.44781172999
23425,127793.89219553054
23426,179763.99862420384
23427,16730.815794778297
23428,15790.671079713451
23429,42087.4957479129
23430,24608.983751884778
23431,1610.4533226496355
23432,3731.2609474114215
23433,7503.920747812557
23434,106742.85843793978
23435,45114.39212961639
23436,113916.81915903324
23437,45278.658526084284
23438,60685.13995251223
23439,8673.685243572256
23440,130683.78703644458
23441,4158.212122165015
23442,70569.91980518952
23443,63223.722597905806
23444,119566.2131642079
23445,34710.59204438719
23446,139502.12528896346
23447,115279.17837039739
23448,36149.1155894413
23449,34747.87987937772
23450,10226.62204532403
23451,233119.28080201862
23452,30169.49302355363
23453,906.0662415980462
23454,23599.162954922635
23455,75260.73718453785
23456,69189.05072697044
23457,49126.02887775574
23458,108920.21073688375
23459,157612.2259248939
23460,23951.207499502947
23461,15614.92424262112
23462,40517.57324812725
23463,41545.74276900173
23464,130729.18709173948
23465,84566.31684351104
23466,38835.25955890486
23467,50900.87467775139
23468,78467.46206031578
23469,26824.46988053278
23470,54170.70953950348
23471,72029.11275977385
23472,60773.679276751114
23473,70730.86299801053
23474,3496.3616141360867
23475,58958.05685456738
23476,16943.51112027144
23477,25597.02990648148
23478,42908.59764883778
23479,167009.94967147647
23480,71645.01606484258
23481,69714.04896019878
23482,45702.56990426887
23483,69178.14220891839
23484,181137.63619343002
23485,21123.893515431217
23486,24749.988616189185
23487,60005.60311580742
23488,5234.7744883571
23489,35367.83006803388
23490,6525.242507131611
23491,80581.09568053452
23492,146445.18962522774
23493,15928.387697378485
23494,31953.14954671261
23495,115417.60709814365
23496,76490.51557830693
23497,43550.55020982246
23498,50733.32563304359
23499,76965.36638563317
23500,172899.98237698595
23501,23435.028064470604
23502,276436.7503160726
23503,2063.5263874034904
23504,18571.32542073377
23505,10709.33792214737
23506,20561.07542141213
23507,48642.678377598735
23508,87683.97045960226
23509,4875.125548148581
23510,46378.565900494184
23511,29959.70211834504
23512,53195.200705163785
23513,48097.771516170484
23514,39319.845623235145
23515,58529.606752920045
23516,14092.707012358267
23517,6515.427929508113
23518,224534.81669777166
23519,100354.68186646725
23520,87103.61531538048
23521,51756.89282294263
23522,34270.822377517616
23523,210250.80279742923
23524,102783.67654610508
23525,38937.586379654196
23526,23134.52119097783
23527,90176.43643861545
23528,141512.26879601402
23529,86394.73560276425
23530,55259.134456186264
23531,154093.34009034143
23532,64582.81406971813
23533,167623.56564782085
23534,40475.056382774645
23535,15571.318219403069
23536,144691.36726412264
23537,11017.667370677796
23538,22916.7674935753
23539,31207.604514144976
23540,22432.043598413115
23541,37790.998485661024
23542,162257.21050110756
23543,40070.18179285124
23544,33156.61786257017
23545,170277.33567826127
23546,47530.301446939826
23547,10996.094439045
23548,48803.085868830545
23549,34103.551427500264
23550,33904.99590403916
23551,46813.19689694729
23552,100790.06140879773
23553,56356.57115374844
23554,53346.30116770375
23555,29946.64110264989
23556,6706.442988608425
23557,87451.39537467562
23558,54989.74465926163
23559,80624.5906603152
23560,6585.213793972191
23561,20597.493365176815
23562,7267.3514358650455
23563,27855.177224137482
23564,24296.316562501295
23565,25759.92949987622
23566,42672.8935124214
23567,42451.08051514605
23568,2481.291665660575
23569,89742.9069789529
23570,15046.243301350309
23571,29476.95846354836
23572,113603.61495949783
23573,12084.545524332967
23574,181671.16663141502
23575,29901.153067201965
23576,67108.12369477337
23577,33761.66545133904
23578,1781.3902757552598
23579,49290.7891227456
23580,6118.927522798956
23581,59960.52750623129
23582,45120.69623852422
23583,61523.43591318013
23584,51359.396738651536
23585,32522.65926950418
23586,11425.211200837797
23587,90591.64839056614
23588,120245.79004621455
23589,4174.449631539308
23590,9424.611420219959
23591,32164.176549634605
23592,39728.68936174856
23593,9882.431720617475
23594,40736.12772149354
23595,102135.59547580186
23596,10254.267339588068
23597,39513.08686220621
23598,68918.56784679725
23599,41507.38545721939
23600,56714.837806509146
23601,9408.852078585189
23602,37592.45774295592
23603,50269.07667918947
23604,44060.63601665964
23605,37554.692491103786
23606,117153.25288721567
23607,67124.10826179436
23608,39302.89273211852
23609,205893.46638061167
23610,16370.00365009235
23611,19039.09820638496
23612,48809.88230673238
23613,40808.04875774324
23614,39271.130737994026
23615,41357.420412889776
23616,2832.8125683962044
23617,22459.53763582939
23618,134222.2905756011
23619,20631.49397791805
23620,59265.399872604416
23621,131386.14649084117
23622,44397.58021886335
23623,42930.48965476206
23624,91130.37422624223
23625,29074.68050223869
23626,115309.98277202039
23627,45616.02115196411
23628,19882.17280486962
23629,5377.353343948289
23630,39561.57946076487
23631,73112.06166360907
23632,239601.91330317655
23633,21587.48794976472
23634,56529.049025108
23635,129628.02409512748
23636,153336.6704016808
23637,35685.82944669362
23638,12297.571174021405
23639,121713.9287004406
23640,70945.14139749995
23641,169852.8485088679
23642,14047.362607862955
23643,2961.6417139795426
23644,27979.420977710433
23645,77354.60556122256
23646,25452.65703429389
23647,51620.59554031476
23648,24292.23314770132
23649,7739.429198004526
23650,151209.33108361653
23651,211759.0645066038
23652,59828.00063346268
23653,95627.567036946
23654,79974.2804174762
23655,68382.46408168356
23656,54423.17356244237
23657,46741.01654332697
23658,8237.921061149467
23659,21920.444453360466
23660,5224.665612965253
23661,30349.499031659867
23662,34101.500552508696
23663,10305.285198443018
23664,120386.60477565927
23665,29770.51579354439
23666,8458.027388359043
23667,23618.389397048006
23668,26694.654270872077
23669,40013.24330415447
23670,45302.63882740053
23671,7403.527797305412
23672,45507.47824339151
23673,90053.77814403323
23674,21197.61480601688
23675,41820.79900942645
23676,47355.94338741737
23677,46573.06650347888
23678,36546.98342600624
23679,126593.1112734586
23680,1549.758704957091
23681,50155.86648753847
23682,109371.39601596369
23683,6889.765765978814
23684,85389.75244473502
23685,38505.31799571639
23686,18345.434685962868
23687,159139.48828031117
23688,47241.03509994401
23689,165057.11907992352
23690,88682.71077168663
23691,105299.31919464825
23692,2253.3674857368337
23693,16035.829325978506
23694,47247.52012432992
23695,49369.6638241597
23696,87832.69933478124
23697,47479.91001132019
23698,66665.7564785105
23699,38620.00355117523
23700,22707.875569978514
23701,3424.56950045992
23702,8015.936794272564
23703,6923.262130346845
23704,56436.18283177479
23705,40529.24917350647
23706,19498.047414218796
23707,83367.09700060064
23708,50675.2772613183
23709,77175.1414859798
23710,58398.103066083226
23711,54228.816661308534
23712,91342.88151470666
23713,56793.51756154468
23714,68960.53821472227
23715,22908.272756003407
23716,22597.014411524393
23717,70620.1321622262
23718,63670.61615204077
23719,11323.513541290884
23720,50581.61756531077
23721,65816.1886441874
23722,70645.44965189407
23723,104233.87434549493
23724,18356.284840439137
23725,99389.9337350976
23726,3992.418320378364
23727,169457.24391011285
23728,43346.60617258893
23729,162931.0984161942
23730,42804.13593449881
23731,77823.04340801958
23732,15888.119186634098
23733,93078.198480433
23734,122059.37255601151
23735,55440.86619080124
23736,88024.89692037604
23737,142398.0667795202
23738,51470.97250396446
23739,122654.87367028098
23740,34319.53112138835
23741,35199.584374914484
23742,49097.53116857303
23743,139468.18983502293
23744,33881.04113897305
23745,42762.30729652027
23746,49312.684434214185
23747,129585.66902374581
23748,108584.5828250728
23749,22393.994755133226
23750,29763.61601018557
23751,5881.849144617204
23752,1886.7509091851093
23753,41383.91463349722
23754,51724.10114231666
23755,11741.901798185985
23756,64247.95781938086
23757,34440.17948663101
23758,101173.07295765783
23759,93967.26219802428
23760,113338.36994192573
23761,33442.17553880618
23762,60613.67119440561
23763,10464.89035104122
23764,35159.5417948991
23765,50079.2272512942
23766,57021.96391119115
23767,42747.31953087095
23768,72151.44678638931
23769,110549.6065185403
23770,92006.4458888867
23771,30939.61214885085
23772,99977.65401531178
23773,95800.62098940754
23774,71399.08942404803
23775,1886.0088899783032
23776,54891.798655117884
23777,74428.86318714533
23778,43345.20848106282
23779,68183.03966112225
23780,42261.83675389809
23781,8763.371120734413
23782,40130.884422504176
23783,77091.9977546793
23784,161972.63160339033
23785,28699.57687820481
23786,41281.512846230224
23787,72100.77052343934
23788,102050.88098338264
23789,166437.7913365426
23790,48569.412433823396
23791,37567.641790138834
23792,37396.73646379193
23793,20801.478551570108
23794,40902.67152862116
23795,18008.299510232464
23796,59793.182277826956
23797,66883.59905523366
23798,1702.1200105697833
23799,25676.77526092502
23800,47601.017672345784
23801,81002.7834050717
23802,30524.88932262967
23803,8767.867616234058
23804,66830.99260291283
23805,7199.127901776911
23806,208390.0154116384
23807,1438.485606720073
23808,40091.07677991072
23809,117224.87701073888
23810,4528.45239609161
23811,36387.27637946632
23812,10495.701836443292
23813,35155.28318130732
23814,35556.39693772268
23815,113486.00208854761
23816,42732.114634445774
23817,53830.92951660128
23818,86367.14709275597
23819,53625.17019063263
23820,40704.5664932039
23821,116019.98990266665
23822,51511.400490645974
23823,67251.70268063205
23824,95870.70930475827
23825,11656.841948333265
23826,63520.53810389935
23827,46816.20988640043
23828,43988.94770853813
23829,3062.7731051221635
23830,2345.8471764764563
23831,81976.96354070753
23832,32539.481410725766
23833,156521.10430517772
23834,67267.96933705203
23835,79247.40801817103
23836,17293.22205379579
23837,48787.43250232563
23838,3649.863333817993
23839,71081.77782633466
23840,49212.54436135919
23841,55426.10684906887
23842,127399.16353461861
23843,37938.06831404939
23844,44515.49696870273
23845,74619.16277440505
23846,3415.423482313189
23847,48787.576813555235
23848,35747.07364075862
23849,7095.476832823245
23850,4782.060718671153
23851,157510.1066222157
23852,61140.012033155006
23853,76804.37260948643
23854,2465.776636647609
23855,55993.97101019315
23856,39081.47477061506
23857,70477.50031005849
23858,60629.80969085406
23859,22859.833790895347
23860,33457.950546206266
23861,10965.803376442027
23862,3572.610024924399
23863,29821.509328886877
23864,46104.53893063844
23865,9112.04687601084
23866,162147.0743528319
23867,38922.27832414269
23868,121059.2111277687
23869,51714.45310401953
23870,118970.20436441967
23871,156546.83152131308
23872,207824.96297848603
23873,33473.40977469952
23874,8911.955682410875
23875,196942.11579132834
23876,204078.3532161875
23877,40163.97568567017
23878,126500.35744851202
23879,216764.21684842187
23880,62999.077923279685
23881,22142.84954669294
23882,174390.9085736296
23883,35520.32269869148
23884,23346.065089938722
23885,99201.80446442329
23886,157171.676586969
23887,5600.273517974972
23888,23029.251555290004
23889,43879.88230130092
23890,43210.576645371846
23891,52631.4297232471
23892,136462.8569254412
23893,131742.49542201185
23894,52441.22647552151
23895,40774.501082358925
23896,58519.01133999743
23897,52159.89150585017
23898,4250.686977219196
23899,38488.629785425874
23900,158484.39236665712
23901,74544.92592261877
23902,64277.72920885725
23903,33476.74970602008
23904,57889.786669093875
23905,76219.04114720003
23906,11022.918127487595
23907,23433.445414368034
23908,6740.271496998408
23909,8228.533080696005
23910,37781.265073607865
23911,44771.11411476851
23912,45815.125514260304
23913,33911.348551376504
23914,14900.395701717154
23915,10670.947626175657
23916,23142.96830795169
23917,56680.89350460262
23918,70177.810975334
23919,70330.6123689738
23920,13871.534174337863
23921,58109.40952325577
23922,2440.3870600260734
23923,68549.04005279402
23924,75800.57671345702
23925,6404.9616925064465
23926,41800.81226244552
23927,75412.02751055086
23928,51737.161244270435
23929,76328.32618783855
23930,194281.5925952949
23931,25834.53749984212
23932,139016.69689264256
23933,173810.25121096478
23934,212315.26091717905
23935,7758.5587460990655
23936,164377.42217652555
23937,64350.173982092245
23938,41113.6693894822
23939,188506.20081339098
23940,19132.615269398735
23941,111551.63350997324
23942,48935.04585357524
23943,40311.90755118891
23944,23932.78443444939
23945,32490.631678987742
23946,44308.34774195557
23947,54096.53633017689
23948,26579.9112146607
23949,9259.412912730788
23950,200939.56391719688
23951,14935.245473466606
23952,55682.69748848291
23953,54692.84144337335
23954,35424.42044079553
23955,65673.7739358277
23956,35607.31869533639
23957,49037.08694841529
23958,118621.76567142058
23959,64564.64081396167
23960,14001.309262698845
23961,50299.21042031829
23962,93150.02500639901
23963,28805.748180082323
23964,43964.80943909648
23965,6803.097502805235
23966,33692.92295852423
23967,28132.274220262418
23968,206780.61600275023
23969,145377.33261061157
23970,48448.05206596019
23971,153089.58062199206
23972,75812.93400676695
23973,195350.7493055342
23974,7250.194945133927
23975,29988.28035188649
23976,180271.10222206466
23977,51129.003129320525
23978,46114.60309904185
23979,44553.55876648874
23980,100047.84863511869
23981,65299.71026459113
23982,6458.901224120214
23983,36611.29672347782
23984,40869.086319788024
23985,24155.36604565298
23986,40596.06279659296
23987,20343.62434294
23988,25613.500426788567
23989,84901.71068821788
23990,59703.73421220898
23991,64949.34378443735
23992,4571.229963161926
23993,39301.760524515885
23994,28870.8203541816
23995,40092.30696923744
23996,32065.93643412358
23997,62335.47186454302
23998,177164.12340126425
23999,16436.801837598923
24000,67173.10220391321
24001,85406.6101623589
24002,3240.773403546088
24003,43108.562471859346
24004,9835.035750403438
24005,47054.19502965746
24006,201438.7598846597
24007,41457.19452261187
24008,42076.249529073095
24009,49897.46657266269
24010,126879.02381533764
24011,48077.72586421111
24012,41373.00165979316
24013,15597.677027830418
24014,29665.23430808936
24015,160527.05201838954
24016,129347.43201639614
24017,79513.0410513149
24018,43062.41765358907
24019,5206.522808842049
24020,28912.8078318933
24021,73469.59332918782
24022,54018.22020789844
24023,6529.1004805119865
24024,5713.467647877042
24025,163022.25955017743
24026,20858.69346162242
24027,28945.29711763215
24028,82340.62577733824
24029,40676.39194416164
24030,27967.1695087346
24031,44394.40362569601
24032,9532.59534943822
24033,55263.55101196823
24034,98251.59568229922
24035,70323.44257531164
24036,55804.28458696127
24037,35128.72539497196
24038,31647.810853169874
24039,41065.285042402444
24040,55167.01976804378
24041,27914.44344347271
24042,46248.79189959279
24043,44180.90499539358
24044,16050.7792597942
24045,60972.38264663826
24046,38806.526518955325
24047,64571.26359203906
24048,36574.9321603536
24049,5168.007830539438
24050,190696.0756588817
24051,7689.336037957491
24052,61926.30055854166
24053,91359.75996125862
24054,20707.87638345281
24055,7753.804812657473
24056,1775.1339413398143
24057,36203.73886302807
24058,78841.32137309082
24059,18630.53262850628
24060,50299.44712034382
24061,21236.792578354776
24062,169594.65145378173
24063,8612.64638809931
24064,77698.92503771694
24065,2471.0746715736527
24066,29186.00185951325
24067,123784.42188641393
24068,111835.00381550622
24069,32702.39948242685
24070,47291.2804838324
24071,74326.44484805402
24072,89677.16888422842
24073,75678.08684617515
24074,8283.344485468186
24075,30198.742447979846
24076,80970.54793540006
24077,40980.12072975928
24078,61741.4402468717
24079,73928.60767337283
24080,37813.25045923783
24081,11348.612433562985
24082,25642.873050256738
24083,30201.442655341332
24084,78755.06557863607
24085,23702.489511229163
24086,39939.58940900286
24087,107381.4300233987
24088,249346.17693602026
24089,31194.556738925265
24090,52993.76531344422
24091,19710.94723732806
24092,48298.60317575706
24093,111801.19306471552
24094,81438.92187653565
24095,16208.275256230765
24096,145722.24342719858
24097,13253.898205920887
24098,64728.22210540911
24099,40446.63658490769
24100,44222.06816113218
24101,100400.02251085221
24102,82015.4046082898
24103,47665.30746653598
24104,8611.058705559308
24105,1143.8776939691106
24106,11009.867073404968
24107,109978.27086995597
24108,114563.52381941318
24109,44671.69548580397
24110,30996.054315835583
24111,20131.415254187377
24112,33187.63809731569
24113,3782.8615247559487
24114,12358.511099005484
24115,2889.8573916452865
24116,72916.8860188463
24117,67625.78124788997
24118,48322.83849601152
24119,49893.2096834328
24120,36275.71290221612
24121,35705.99940372061
24122,46189.41535286223
24123,69430.86113114012
24124,37383.75801711129
24125,113392.90505746184
24126,41576.581635429626
24127,73546.18234427841
24128,12702.945145092262
24129,2333.015606286814
24130,49260.231724019155
24131,29155.82889203287
24132,36259.342944391276
24133,47007.769234987
24134,1929.6017561756678
24135,140658.6423974256
24136,70316.79153563674
24137,48892.830603833514
24138,53232.31428285136
24139,35124.07403042194
24140,55767.4586292604
24141,51373.82060256429
24142,24758.39607406973
24143,17861.352567717204
24144,39908.0762703601
24145,75202.34495581141
24146,87050.7835545767
24147,49885.60771754001
24148,274467.153373575
24149,8408.632877092166
24150,15682.012826659051
24151,52357.004570248355
24152,28569.584999760256
24153,102672.30493528639
24154,99240.9968363003
24155,118531.29935886372
24156,64522.57373411806
24157,31439.952979686754
24158,50918.998670233996
24159,7330.717794715486
24160,104443.99419180978
24161,28883.896737760035
24162,30301.50002507618
24163,59244.51520767288
24164,39311.16640936578
24165,2977.243279462978
24166,33213.08215925298
24167,197145.8751128532
24168,131139.25752312117
24169,42047.72109250062
24170,41741.14510603652
24171,99814.68572140952
24172,59673.115558748534
24173,23115.83124394197
24174,30001.2042620329
24175,48680.966208755395
24176,76386.78406560284
24177,1695.439749032346
24178,35709.962971380635
24179,174776.8256016652
24180,47538.29807762566
24181,58750.58777125984
24182,7527.424305656098
24183,42527.17194806586
24184,65804.84496130746
24185,174503.9035436055
24186,48001.525160668185
24187,9879.11960329484
24188,81976.98473086138
24189,75079.78897461401
24190,158565.1757916155
24191,7017.381353519852
24192,41510.23267248645
24193,21861.51970972928
24194,37241.57135800937
24195,50641.519556096566
24196,120339.78974886853
24197,206370.98988187968
24198,114438.37432796399
24199,135605.63039840385
24200,43952.50291020754
24201,49009.21909036583
24202,27958.11925887294
24203,72221.81063006315
24204,63979.0172901222
24205,102866.19972634147
24206,4264.616880245707
24207,36045.51499413679
24208,29756.33185306556
24209,146150.30377664574
24210,43981.96022909417
24211,49062.10921614886
24212,47189.854575154925
24213,6058.311093821603
24214,84835.2821707894
24215,36831.97014588215
24216,45774.99640290765
24217,213452.22251822695
24218,50750.25593632229
24219,83889.27796450487
24220,44635.22519581425
24221,48936.7489946111
24222,8363.37305648674
24223,38467.43482913901
24224,11455.180128406382
24225,51440.27125152025
24226,96725.53853162887
24227,6357.531438894223
24228,55192.13623653638
24229,147847.55763215583
24230,22276.62240857272
24231,56209.06185047749
24232,64363.920371702916
24233,39222.27603977305
24234,34178.65480420809
24235,159715.616055179
24236,3484.6418298541907
24237,51758.60135647818
24238,48133.37767856084
24239,51388.59449183611
24240,73850.50931994492
24241,210092.16582826915
24242,138335.03107466982
24243,47828.65952761612
24244,31388.824735942257
24245,139104.37850573027
24246,89745.81059581644
24247,35808.70971348989
24248,164699.4979189931
24249,39241.486823843465
24250,60850.46357937455
24251,40969.04011593238
24252,52989.55253158859
24253,39071.25887259512
24254,40760.4593533694
24255,35215.88727293195
24256,55739.216352819916
24257,20244.176753960946
24258,23100.389000338808
24259,115752.31965932016
24260,40946.373544928356
24261,66574.5710205722
24262,132106.00441325604
24263,87989.49536247714
24264,15893.267999160924
24265,82453.32165971835
24266,14993.119504914484
24267,70717.06870201863
24268,197996.69612475156
24269,43649.08244045839
24270,78367.489042192
24271,8218.514406734566
24272,44962.844413514955
24273,54799.191902366394
24274,29271.07690896975
24275,2610.3637099785196
24276,3657.1941342651376
24277,74645.95606238034
24278,4833.122553176331
24279,25795.877953271094
24280,14904.474119910907
24281,37948.267712139204
24282,22725.425448497503
24283,37110.4781807468
24284,47896.615771494486
24285,17280.109506600063
24286,20942.221698244895
24287,54007.84879502602
24288,7401.995049893324
24289,40662.10714888712
24290,47427.63362060984
24291,21886.3499374476
24292,38159.37636421466
24293,39102.25740017036
24294,136752.2368708909
24295,24746.38883369054
24296,75337.46329855727
24297,7543.980656966352
24298,29907.60684777975
24299,39578.131738403514
24300,70955.8498925172
24301,29757.827705711727
24302,104571.51742473175
24303,151888.65936592082
24304,109576.92755029286
24305,95824.22027148888
24306,79449.22516433588
24307,40946.04693141102
24308,7377.029470295891
24309,26103.719749877968
24310,2923.703396758807
24311,39472.43737416363
24312,107616.986150512
24313,27166.49243976699
24314,13540.183454857852
24315,72367.979173145
24316,138042.7087424989
24317,35371.5453092687
24318,81387.15840582424
24319,35007.81084928735
24320,37724.63282407055
24321,63208.99613895104
24322,56254.3574862277
24323,109260.01013437974
24324,125551.03439208172
24325,111154.24023935969
24326,124182.89353672517
24327,11232.839492735096
24328,79343.62458525445
24329,240146.3971108818
24330,42616.936761272795
24331,218482.91638226443
24332,26659.682257116903
24333,53213.98656912083
24334,30645.858852555604
24335,17753.65879020105
24336,37629.90723211351
24337,80999.73797695785
24338,26973.89115848763
24339,153981.0263251646
24340,3582.973540776128
24341,35196.74172326205
24342,3541.134879771851
24343,71260.01690196434
24344,28876.58321324332
24345,64305.691939571414
24346,5268.741198485884
24347,63974.44783999238
24348,31237.764095056646
24349,36045.97735226276
24350,3779.6919536189953
24351,27249.734036999424
24352,27519.477589325124
24353,18363.54536478065
24354,44467.572779048955
24355,104734.11750203469
24356,250108.66471577252
24357,22142.546863239295
24358,48039.72917518021
24359,6321.507992614234
24360,195711.80655541737
24361,64394.45553095035
24362,163929.22683319842
24363,22904.232667501336
24364,64813.42665856293
24365,41709.82870425544
24366,52827.403216159044
24367,49375.44683189082
24368,34562.0420912769
24369,35112.08863778903
24370,131372.14144987203
24371,129000.94578342618
24372,39746.566523482856
24373,50432.467475250385
24374,134226.30298803005
24375,65187.72256118821
24376,158404.13158947162
24377,48164.323724926304
24378,14862.981209937816
24379,11655.391498369001
24380,29884.67037212496
24381,54607.5706316222
24382,59842.00286202762
24383,54606.436396130906
24384,32947.03630003116
24385,44449.00671752438
24386,140777.26948187908
24387,52678.59617942356
24388,130407.90466394047
24389,114580.12358303567
24390,15664.364071606591
24391,76544.61214133495
24392,67329.04577374016
24393,128017.02124593237
24394,4462.414735648754
24395,176231.00490784066
24396,29662.59894221703
24397,43233.352971056476
24398,23699.866678264
24399,38665.50845404169
24400,218831.88270847072
24401,54755.91820211844
24402,7432.536172593958
24403,30210.592968063735
24404,48188.30769890499
24405,124558.79858251366
24406,41083.516548441854
24407,97285.31602581045
24408,53767.03143224692
24409,58734.354200855305
24410,194622.32314034825
24411,22786.318572083823
24412,51650.65591369923
24413,78100.74579961492
24414,43922.621954751965
24415,34858.7040579797
24416,40033.194872684435
24417,50156.026919242424
24418,103746.58894037026
24419,29653.78048618991
24420,274952.38773309975
24421,60213.24340813025
24422,45199.903968158775
24423,155091.06269881417
24424,5844.5491656961985
24425,7426.928000537486
24426,47010.87874710845
24427,204850.064107744
24428,126858.69747981486
24429,148630.78917599993
24430,40370.1009691916
24431,50961.103540768
24432,179308.2100369297
24433,103604.33986388495
24434,170357.60901546336
24435,176064.44441040006
24436,13642.647988467224
24437,176178.0652276172
24438,25609.7184600449
24439,50347.721827739544
24440,60390.98219611642
24441,82618.2840603248
24442,40013.501550593464
24443,29269.803808204124
24444,67368.18692384002
24445,118273.44212485473
24446,49993.81132111487
24447,74326.3616720992
24448,34170.50838440236
24449,57307.97181948185
24450,68518.66598846765
24451,5497.977542962705
24452,37405.074891949196
24453,14495.307373757358
24454,71432.1981230175
24455,42470.750654884476
24456,14691.652292747884
24457,80303.88191411011
24458,41885.690085926195
24459,18414.23569118308
24460,47256.662426717274
24461,175562.2151441659
24462,5959.0367000750075
24463,81376.51889415596
24464,34193.64189102489
24465,39149.056306206905
24466,28811.443628394074
24467,11794.09213314614
24468,176070.00311928577
24469,93522.93128456693
24470,275589.63834008784
24471,228185.35724143812
24472,3515.857061539947
24473,35293.58673369623
24474,6353.259042264078
24475,29505.8123750008
24476,48365.77561054317
24477,15515.001724331483
24478,46220.02091083037
24479,58825.3918558894
24480,89319.53061382163
24481,14835.019646729466
24482,8475.410453342545
24483,10367.055738745665
24484,75815.6201820589
24485,11615.163116337137
24486,161961.8045873697
24487,45527.015863280634
24488,36144.054724358764
24489,49313.83389005248
24490,109111.68552111636
24491,80771.87512162533
24492,62591.276132798215
24493,34689.23181243919
24494,89017.61359864123
24495,50137.02955100061
24496,17796.13691418442
24497,60230.64508504937
24498,66175.12479351739
24499,3642.62807542963
24500,35311.972880378526
24501,15395.40176022977
24502,50218.57021985063
24503,16560.99483963873
24504,79564.45051665787
24505,122761.66744927545
24506,152777.27282022746
24507,95600.3575125342
24508,38556.214819745794
24509,44169.856116345916
24510,111621.14718188341
24511,36883.56427850548
24512,67050.81648881124
24513,61630.48801337688
24514,40208.5558723965
24515,93973.24028358413
24516,64361.59544344453
24517,73048.22142411966
24518,57552.8122755721
24519,212819.78329734632
24520,1350.8789558356987
24521,66244.9842523159
24522,23251.32544894354
24523,38536.03546609335
24524,54495.36895383772
24525,106238.68511611696
24526,85530.75638795663
24527,49222.08568680981
24528,1922.2044397684344
24529,40520.540954822085
24530,44487.83313207309
24531,42287.58729867088
24532,52728.26449759199
24533,53737.39574878969
24534,9390.301266756818
24535,27318.65829651911
24536,51525.5471490106
24537,155781.5440151495
24538,29494.812830685583
24539,92946.69928818008
24540,145121.20360970445
24541,53890.392351031245
24542,66952.05779981037
24543,13087.539555133919
24544,90148.8923396215
24545,55918.73869189298
24546,102518.11097965606
24547,85609.9833138037
24548,45241.94527776461
24549,79776.44066872273
24550,33555.930457892944
24551,247292.68850960175
24552,3025.3395952614683
24553,27992.48609335163
24554,138609.25059889632
24555,4496.236591135728
24556,54719.8286609761
24557,152400.13508476305
24558,122099.71543929515
24559,59137.01580308027
24560,37503.71494641772
24561,38065.1642439431
24562,21033.484645910175
24563,35181.79885051563
24564,81400.55952828751
24565,1607.1062481480042
24566,64168.079017458454
24567,33619.92134634904
24568,177874.8377926089
24569,125378.6064004744
24570,68294.74075987685
24571,34984.16366430851
24572,1194.8199986432885
24573,56617.33670940722
24574,113646.91721286922
24575,15210.29847044064
24576,223241.54543353902
24577,45493.42143664362
24578,7220.811643370166
24579,125127.7903984422
24580,47380.34547382883
24581,98038.90760251971
24582,75926.30112050236
24583,89770.46092158774
24584,34434.81575674539
24585,34951.799144154575
24586,90598.339866502
24587,2544.7881344286207
24588,12332.584252026818
24589,2215.791651055801
24590,124209.65181140772
24591,74763.69325768501
24592,2262.044472990142
24593,2716.051821486752
24594,5240.609324862921
24595,140146.94816814116
24596,47851.61819190187
24597,69545.41760769587
24598,29874.66292884283
24599,12875.085989766874
24600,84647.91958023002
24601,172001.34959486854
24602,25291.32051921707
24603,26616.58405770381
24604,44510.470869113844
24605,82547.37825729726
24606,172232.80069134166
24607,141892.60333342673
24608,51992.428482769974
24609,56383.490417035515
24610,78260.92641189536
24611,37426.36370912709
24612,92901.32901950598
24613,6187.0400201338625
24614,93123.7169772941
24615,114186.91260879929
24616,89350.22175450328
24617,79116.73026149174
24618,71224.18859682772
24619,94324.25716695731
24620,57224.50890722745
24621,83309.1368777378
24622,9806.523817678584
24623,44532.54736810652
24624,49391.31880955013
24625,41451.91427011686
24626,30092.306319732415
24627,30398.391675783383
24628,11047.123856748389
24629,45560.99821936549
24630,70680.48584791788
24631,13079.287580785063
24632,71740.11099558142
24633,145026.22765753992
24634,33292.65599620774
24635,60690.26287858216
24636,128029.32887027087
24637,54640.40190101746
24638,40636.03979368562
24639,43275.871497520275
24640,45407.67944927336
24641,49893.10646888379
24642,131860.534840608
24643,50918.71824330135
24644,85298.25689417876
24645,9239.459563172602
24646,5697.67435055017
24647,39879.65743297918
24648,161333.26634579856
24649,218685.80131790528
24650,82683.27097047438
24651,42080.624729550946
24652,86697.88233378758
24653,23782.515225923693
24654,85335.03107087829
24655,60358.568093713366
24656,73562.88041898313
24657,5200.167704490025
24658,42689.547032239396
24659,29539.862792421234
24660,73532.95361291018
24661,41357.16497400108
24662,24786.033827639374
24663,37072.96776693831
24664,79851.52151580088
24665,17831.092536757496
24666,39428.50702322132
24667,51322.35659314646
24668,43521.36551564098
24669,46465.62587737436
24670,16779.431059271566
24671,44771.77814359508
24672,97306.92960256597
24673,168843.64389301164
24674,47561.89579064902
24675,27718.314534803532
24676,6216.747102082178
24677,77571.23987425544
24678,149407.44035445235
24679,2746.8314180457423
24680,82692.24026546176
24681,118070.57195690792
24682,54787.26600263157
24683,13296.147774339677
24684,59775.64279926976
24685,174262.64029896844
24686,49380.95919834457
24687,30732.174831514385
24688,175543.4498443684
24689,47850.467810017544
24690,41231.634094264125
24691,6319.9925989703
24692,24315.447168705934
24693,99781.55364860532
24694,68163.8825851415
24695,3324.5555883896363
24696,50343.17224461367
24697,5370.656181476436
24698,34062.896877771396
24699,40338.653047495005
24700,40274.20673854745
24701,45033.01259142439
24702,101395.77020354407
24703,39042.86497319229
24704,31290.239897748786
24705,132346.9038087951
24706,61642.529896611406
24707,45305.85371033911
24708,48190.969844986656
24709,35176.06774022449
24710,100639.62429075681
24711,92389.32487307936
24712,40470.83705791742
24713,45609.39228156649
24714,137986.65484046287
24715,84187.13780352814
24716,54054.35900311585
24717,60630.84373316347
24718,53370.8923864582
24719,28881.00357719803
24720,98186.74297612194
24721,116367.86172593963
24722,1565.8486848398206
24723,40601.79286080912
24724,35455.18629289396
24725,86802.5461091935
24726,901.9470231898879
24727,58078.476142366
24728,80505.15720078406
24729,42744.98938419623
24730,34460.744429570055
24731,162152.5563479514
24732,42568.18904845485
24733,30020.984548117303
24734,194310.791312193
24735,8980.017558183175
24736,61510.08290673408
24737,62356.88367872319
24738,13022.285683868808
24739,41488.3940969126
24740,10853.437022182425
24741,49583.63191493638
24742,20269.787206497593
24743,104624.4032785642
24744,220232.2918872201
24745,31879.625330848405
24746,6175.473765203376
24747,35840.09996698954
24748,72394.15576569902
24749,57824.27783926114
24750,15680.674745134698
24751,15681.9691012937
24752,85723.59684450127
24753,8719.649000388457
24754,9761.60950535461
24755,5056.864230621951
24756,40227.45098565325
24757,140182.61038912326
24758,42496.76620726509
24759,27597.032337300512
24760,52427.4391748884
24761,2133.8409018679017
24762,238618.75330316796
24763,35281.10169359592
24764,35949.507387099635
24765,180801.31198461424
24766,189242.9259555406
24767,20212.60677546761
24768,138378.57655074052
24769,58140.04856530837
24770,99025.3586382239
24771,5676.353880741309
24772,35890.99638482789
24773,25435.46896923842
24774,85231.8045262637
24775,53119.60284175109
24776,12986.185960958934
24777,53413.565571503466
24778,59052.825833627074
24779,31324.935061803895
24780,32866.55457870672
24781,120873.32913413961
24782,55796.78930222938
24783,21258.151794507838
24784,48175.447532557795
24785,27555.152663133813
24786,69697.7972446334
24787,30873.866392680546
24788,4726.523618371254
24789,46554.304637952686
24790,80055.25546408995
24791,13936.828065729258
24792,52631.430649142276
24793,48928.967250060356
24794,47932.36140108115
24795,2914.8800237334217
24796,17607.43134099398
24797,102562.92181743574
24798,49665.403435176035
24799,66647.90873837195
24800,92415.67274348732
24801,104103.0088465579
24802,48996.58165307061
24803,45006.26031082191
24804,45065.92607917337
24805,145849.71804503613
24806,49257.75293076667
24807,59688.98495166059
24808,38124.80766114206
24809,1772.3630759143136
24810,25983.455657530823
24811,1916.1003068611876
24812,57311.15274805344
24813,6316.035455650339
24814,32523.856999282427
24815,9025.615426236116
24816,183014.9998302681
24817,61680.00003461736
24818,35836.37219567778
24819,21830.274638636045
24820,69647.38931684289
24821,68579.7064606752
24822,57153.38935519489
24823,84184.27710222153
24824,7222.803951529154
24825,81957.57050846593
24826,42323.30617586927
24827,46054.586009878796
24828,140017.41869154072
24829,41275.90914943668
24830,2995.6989972583174
24831,147650.15547883647
24832,31137.71614560853
24833,112287.92912180202
24834,42821.141270032844
24835,188752.51624845812
24836,35990.660317379195
24837,44819.84508485638
24838,88845.99061596126
24839,4536.841061010174
24840,93630.88612340971
24841,69823.53517121791
24842,89580.38660548645
24843,66968.6040811863
24844,207852.1149395703
24845,39315.71161598277
24846,101774.26823315874
24847,33003.708553156495
24848,5658.8139212392525
24849,108351.94968215664
24850,253360.23638367403
24851,44373.279439735044
24852,64558.3625811925
24853,139673.58229430226
24854,40729.54546638169
24855,106096.11647356742
24856,121162.06414245204
24857,47782.626626359655
24858,148074.50633743915
24859,50726.18297649936
24860,251878.73178064128
24861,12595.159413997993
24862,30372.854684694605
24863,24376.84403324405
24864,76201.76204422643
24865,80563.83119446451
24866,33726.807391410126
24867,85939.28188093446
24868,97211.27230971972
24869,93763.2281397161
24870,23402.049619866473
24871,90649.69216063757
24872,100679.51060169928
24873,93235.30071789757
24874,61448.43081023102
24875,41513.52693627082
24876,100642.33830281548
24877,6839.38625207989
24878,60282.38756209137
24879,104866.27843372751
24880,43822.068514242776
24881,57512.57548225895
24882,48045.149721611764
24883,184036.6814435515
24884,42077.223489637814
24885,62169.65151086352
24886,34444.69215849247
24887,47029.18629491501
24888,210263.8567203094
24889,69425.56205921138
24890,14946.552875460071
24891,168194.6639383699
24892,133331.73374318823
24893,31643.93291780969
24894,251523.24384481943
24895,83079.5308777477
24896,42721.697672181785
24897,36926.67077591649
24898,41405.80836725365
24899,80273.8381683446
24900,82085.45724901946
24901,56850.20922835692
24902,189940.31272034615
24903,40228.76239933273
24904,108329.7079718999
24905,39837.3476701984
24906,38603.99943453037
24907,72173.83030909115
24908,27749.281941448666
24909,124763.38116839131
24910,57655.246706913036
24911,97045.21899865837
24912,33196.80915110252
24913,60368.01550476105
24914,148109.76882956715
24915,31516.018643595296
24916,22246.362584112416
24917,22616.28143133577
24918,34307.409227350676
24919,71056.96950907464
24920,77697.13107805362
24921,50853.68369012292
24922,58810.41058763569
24923,57900.12178497438
24924,11818.382618658317
24925,158147.1804809216
24926,28907.667466396375
24927,58726.47544607736
24928,8239.598040378725
24929,39068.38875033887
24930,26885.494725583547
24931,64387.26504007947
24932,38470.66632814338
24933,36216.33775337937
24934,81233.19017804108
24935,124723.46749522032
24936,1454.092444838305
24937,1561.6040962975535
24938,39582.000007945695
24939,80864.90969841939
24940,120286.86978628836
24941,47013.62029092337
24942,90785.11686709539
24943,43895.12939112895
24944,84233.2896141367
24945,42566.76765235414
24946,8564.86563809301
24947,11272.988703866264
24948,43163.94675167894
24949,47860.39803423747
24950,62037.937882004066
24951,52855.75763139506
24952,81238.93781031536
24953,57344.278408505656
24954,60230.29957430553
24955,1135.6162773813426
24956,5245.4333205837665
24957,22221.54775647919
24958,39865.3629189747
24959,66425.83134171893
24960,30528.391156980204
24961,30971.761499726825
24962,41045.54720574508
24963,24107.42393286882
24964,12276.008644307753
24965,12270.977604625297
24966,67457.34718183489
24967,76161.83063200064
24968,168137.8830696128
24969,162450.06582733992
24970,22492.17795340587
24971,65561.56461622936
24972,40571.13612724624
24973,72512.50032995871
24974,59477.01281789568
24975,43808.008220814445
24976,75992.39974220455
24977,189405.11568322754
24978,3289.9135936297166
24979,9614.7062941135
24980,21730.819414341062
24981,12406.470978794614
24982,10089.426013355362
24983,43233.62864158252
24984,70932.82864452916
24985,118215.76551315007
24986,38614.45006639434
24987,45503.47850918431
24988,73529.61822724632
24989,99257.06784402423
24990,64120.79211748007
24991,4496.999151691062
24992,25053.30717077439
24993,42966.01592901389
24994,55040.463497374505
24995,43551.451414760726
24996,57195.24610422879
24997,27940.39762221429
24998,39246.070048090325
24999,30267.57895944188
25000,18478.156943396065
25001,10674.210391084764
25002,119203.89678091698
25003,31041.507593276197
25004,30390.078105642635
25005,76275.34578982613
25006,37411.55446391577
25007,37990.297975890506
25008,44057.669874052044
25009,42614.97647911838
25010,4602.54304664763
25011,29248.46998893883
25012,44293.12733781458
25013,33644.23577803742
25014,65256.749681291636
25015,59657.99578562682
25016,30683.728488153844
25017,39645.26842780981
25018,37329.94837022504
25019,173618.78335087048
25020,136842.33171379773
25021,57153.286128896565
25022,91206.21227400174
25023,38960.268506710985
25024,5003.465451048634
25025,35876.54272476331
25026,50252.00390661752
25027,4115.205884528474
25028,36259.122084145
25029,19834.89220984695
25030,23925.684956403187
25031,76593.00245483388
25032,28060.70528706897
25033,52493.92550593963
25034,43680.97492770966
25035,34452.48757450368
25036,52302.955566118224
25037,50893.90864217006
25038,61232.36261006786
25039,64551.84125095331
25040,2288.2576891026097
25041,31079.538641465
25042,7979.314559787469
25043,23455.964648614623
25044,63260.80261479097
25045,43620.696562762954
25046,11003.472087907216
25047,34546.34350822145
25048,12093.606194548798
25049,61936.629383023734
25050,10519.077301356663
25051,33253.49085288421
25052,66979.3998349917
25053,27319.882195669525
25054,81020.99390582176
25055,248530.43381851108
25056,38914.527488784544
25057,115168.4632850425
25058,27647.75789255881
25059,112857.83724220646
25060,35018.02865225833
25061,56368.33979131043
25062,23693.751959416262
25063,45383.400468031294
25064,66215.22862592891
25065,30832.123630379898
25066,23542.87036824254
25067,47379.9632271207
25068,61015.917654964425
25069,10114.259072569994
25070,104680.4067022382
25071,23166.94363380739
25072,35076.11189333445
25073,53634.754507048056
25074,164328.18238865663
25075,59817.881375128294
25076,94255.33098242697
25077,50416.57338195009
25078,100705.06410254713
25079,4609.357780738127
25080,56429.61389188173
25081,44661.35474336401
25082,81905.96370504571
25083,54659.426118934585
25084,39524.27005658092
25085,88986.36439342734
25086,61760.99038029147
25087,48306.92308019304
25088,133684.3658863296
25089,11469.197641330858
25090,50679.46579138241
25091,83803.98094931991
25092,71726.3608041144
25093,89874.4208796933
25094,3266.318215872011
25095,5843.749499787986
25096,5654.645158239123
25097,46342.80093632714
25098,128163.4881563529
25099,24982.23746371351
25100,5974.759531790721
25101,45726.71824084657
25102,3833.0504046429664
25103,87729.81638515944
25104,108793.97905458102
25105,11886.31671082777
25106,102893.29044134318
25107,26161.8307233
25108,95430.09840994337
25109,21195.867914738872
25110,50165.22240405137
25111,124174.5486900347
25112,5439.762500748628
25113,49640.63508097829
25114,86645.06506166593
25115,39532.552223062885
25116,48065.50754598784
25117,56478.601791991714
25118,83422.75402367332
25119,62519.31793512815
25120,42887.684937069374
25121,1832.901571330164
25122,25317.94426091333
25123,37235.506099791375
25124,203281.8945865427
25125,145126.28845819278
25126,9370.614290317759
25127,4807.171127695936
25128,73109.62429690824
25129,127657.45413658446
25130,190994.766883026
25131,23494.44113249197
25132,7335.383599960293
25133,4092.555801242167
25134,53555.43925098628
25135,48208.73917093716
25136,5700.734989941033
25137,66695.61845171718
25138,59601.72355588715
25139,11466.888859342553
25140,67850.41504346296
25141,45383.8713892208
25142,38087.84346301464
25143,37638.12726605781
25144,40294.71960304622
25145,51905.50050592614
25146,127048.77891241688
25147,62658.96774429758
25148,154179.41284758388
25149,45121.301092235524
25150,36490.577407466124
25151,191693.31045921054
25152,1191.6011301626847
25153,9679.632236364661
25154,145045.1189249563
25155,72227.12964853828
25156,5034.7674074682745
25157,46350.51788660332
25158,51485.52045961168
25159,105761.19252126483
25160,8082.803869866081
25161,85165.87386889926
25162,102138.88836341273
25163,45335.37949378766
25164,8594.618880602913
25165,24473.948321557742
25166,38428.52101262683
25167,48339.223202579145
25168,39234.61950205166
25169,30259.269178984036
25170,13331.634320631078
25171,47887.94010056341
25172,61885.764147016234
25173,65024.073611411746
25174,188651.26642533022
25175,3389.851091587051
25176,49321.19249411268
25177,30183.88332114888
25178,123050.75517462727
25179,12371.321440599066
25180,55160.981625259155
25181,96128.0668714929
25182,29889.74692519007
25183,64492.4394886383
25184,45344.948392489314
25185,111498.62334516825
25186,70702.10678802122
25187,280273.8958886039
25188,95429.05291586476
25189,83623.737956431
25190,140677.3605748991
25191,51929.86245165553
25192,79406.36385415742
25193,58314.328640210035
25194,14143.977648031228
25195,5118.317365432246
25196,26766.999311177522
25197,111707.05346719133
25198,84251.2441959324
25199,60285.39343825844
25200,26329.435462939873
25201,36828.476644487615
25202,61423.38044249819
25203,31804.672158724705
25204,30098.381169134573
25205,152753.20859241285
25206,7979.98054163071
25207,56118.15039404047
25208,75358.40710616112
25209,16991.76914258199
25210,24051.503573968956
25211,29989.04104626134
25212,44943.648884244816
25213,17272.35614661993
25214,26771.615457919164
25215,15825.836677074367
25216,12950.693927212988
25217,5991.8989812898535
25218,76010.82958937484
25219,41264.739516424226
25220,39372.07968173547
25221,2680.883943282513
25222,2356.0505756863226
25223,40001.43905002708
25224,1935.991798834054
25225,42680.38697328068
25226,80519.55099579167
25227,49872.84907697652
25228,199162.30169662618
25229,193277.52198546217
25230,235092.69210026678
25231,32451.511783044654
25232,53946.65501626822
25233,4122.098683611971
25234,17948.033451545718
25235,77513.76641877122
25236,35411.650323374175
25237,43136.65186876325
25238,160138.15184917484
25239,34094.831676455746
25240,3800.246953815344
25241,50071.372817873096
25242,7180.594711549255
25243,46870.95425801296
25244,7208.562335421094
25245,84235.90677695695
25246,63454.512488725224
25247,93537.21881420402
25248,56426.331664618265
25249,117298.63099315006
25250,33321.876550846704
25251,68327.69721667349
25252,17428.424136034642
25253,63645.79659240151
25254,56385.86895068278
25255,3487.0100993251904
25256,53576.994183761926
25257,46334.577372699896
25258,81473.66864765815
25259,44064.094446052855
25260,128145.02412880592
25261,53909.822809720616
25262,38649.449476102825
25263,53538.21013991267
25264,41479.8775939636
25265,69109.16903816708
25266,86305.2709070467
25267,160408.02384967002
25268,42358.452134086954
25269,275294.0984555918
25270,19678.89437898161
25271,51711.11772364817
25272,29767.37172802128
25273,61026.44849464775
25274,25285.189111338525
25275,149040.9635119474
25276,5760.642604332298
25277,28306.455241891672
25278,95159.65056348698
25279,86432.64710928689
25280,37184.736563733226
25281,81230.35478389422
25282,133194.6149199074
25283,46910.19860868833
25284,86424.83993525633
25285,4965.006907549025
25286,34483.640709384636
25287,6449.90967545487
25288,31037.906615158638
25289,5064.617126877471
25290,2000.479112723446
25291,48072.952885207684
25292,14269.170567968384
25293,146403.80921882903
25294,87491.43600799947
25295,5065.561594565236
25296,78615.46509980918
25297,87861.34523762077
25298,44591.68826305116
25299,6147.61251229719
25300,26843.014515752344
25301,66072.5529723715
25302,45850.780734290274
25303,119112.19823201948
25304,18992.94267107019
25305,66259.17831297123
25306,109797.03428238757
25307,9418.8295978697
25308,32595.665079928145
25309,147646.52448351737
25310,42838.30420504126
25311,238682.77143074025
25312,129246.71045677696
25313,9921.240193082227
25314,56168.127755697176
25315,14392.012887738476
25316,47761.07087719165
25317,47091.42557641568
25318,179273.75078959056
25319,14682.19161238993
25320,71432.73786468031
25321,51019.657421282
25322,15740.506637318127
25323,15826.57446974282
25324,235746.29886963486
25325,9158.993567358317
25326,130350.1083675229
25327,53054.368225508966
25328,44115.453461958496
25329,11349.03279271059
25330,82071.52474185484
25331,95273.65375902364
25332,58442.531662062465
25333,3571.263343104182
25334,44255.43262557289
25335,153682.04826558163
25336,160491.07910707637
25337,35991.9305898159
25338,34217.50299341436
25339,20903.48483277577
25340,60808.40193938959
25341,52933.24714521214
25342,104991.03682784362
25343,15333.096027924017
25344,25815.668628743148
25345,83464.60125388723
25346,12769.301989877898
25347,40073.57165075572
25348,89541.63944294423
25349,237046.040950916
25350,44377.1708152604
25351,61154.18364882938
25352,74723.26368500352
25353,9432.007038756414
25354,92003.19779218729
25355,66922.90116357912
25356,111541.22198797873
25357,36794.39320874357
25358,5481.475339591871
25359,4811.125337534403
25360,49897.90803340235
25361,58759.72704289743
25362,42998.317048350604
25363,136268.54326730315
25364,46567.00448553119
25365,33386.49870524382
25366,123510.1522603012
25367,5287.85306336304
25368,48402.0719990492
25369,92120.17357648349
25370,38739.514754157746
25371,51498.405479834895
25372,48997.367711841864
25373,54859.255133362705
25374,44785.81907989233
25375,50083.113853150666
25376,31432.31696396698
25377,1853.1214852048154
25378,160731.05178787967
25379,34479.05291042645
25380,61853.83232268137
25381,58179.93315334765
25382,43433.862208367646
25383,74119.44564743938
25384,32446.667207982053
25385,50315.841733524365
25386,187131.7591939465
25387,32926.92396298908
25388,4874.140216732107
25389,104997.67656174157
25390,73055.29736583329
25391,31617.14371158244
25392,94309.83224809756
25393,31729.978936735264
25394,74258.37443458503
25395,114533.27464700623
25396,53312.157467426376
25397,46763.2973603428
25398,209877.35731667478
25399,12464.453878351816
25400,76820.20108979725
25401,39604.76189627848
25402,5751.444609157052
25403,111103.25726943735
25404,44319.18146508932
25405,69778.3292652508
25406,4472.392432510799
25407,10132.683305903902
25408,79657.97898308843
25409,72791.05625617676
25410,3269.000941379939
25411,27408.45698110072
25412,74904.51779280507
25413,7792.196270710069
25414,17868.361958173955
25415,92309.9325837219
25416,38433.24984002773
25417,51426.71113623298
25418,172365.55960131812
25419,16836.472925197246
25420,27412.844558848068
25421,54296.21729869088
25422,125176.99456683747
25423,8747.033939655154
25424,82198.58684871158
25425,197805.23299956686
25426,8879.04974182984
25427,166403.51516598713
25428,25519.07777260894
25429,99729.56493504117
25430,98207.41212876025
25431,123449.04439752763
25432,57611.12221469748
25433,154968.89719275315
25434,53950.164470351556
25435,31143.730271197008
25436,198971.68632986344
25437,13847.7940929145
25438,19679.94584879206
25439,58083.78894750737
25440,52762.045749364675
25441,24001.090564691505
25442,60981.31389408419
25443,5893.259317472894
25444,211582.67050490607
25445,39525.373978568045
25446,7159.101687838603
25447,26000.405968011743
25448,46336.55171979063
25449,30371.21827788351
25450,104459.75618064891
25451,42830.91419379332
25452,31458.112300127952
25453,9781.217237185067
25454,176618.48534808375
25455,82008.78973093226
25456,35080.49003500677
25457,37990.34723090774
25458,50244.62779197318
25459,44540.84408063627
25460,120933.0214249016
25461,195600.77656971067
25462,28425.806509831502
25463,24401.860296900017
25464,50601.28430719454
25465,26339.305786241304
25466,40505.90201534345
25467,50890.96030485071
25468,50985.25036058973
25469,24972.661821771795
25470,52404.176007752176
25471,29384.763531308603
25472,40843.24741070337
25473,42489.20657797938
25474,100011.4858270754
25475,40909.31027544209
25476,6958.0096645896865
25477,50323.837442501754
25478,50696.72734867047
25479,21379.35602393258
25480,123325.37379061885
25481,87625.51877405138
25482,30985.39155692903
25483,4048.7282458675736
25484,18760.702561063918
25485,39352.02090770635
25486,173826.94272777176
25487,36642.81397466339
25488,37742.234277678785
25489,26501.695186684792
25490,42683.62801293667
25491,80255.10477778777
25492,93582.38475612788
25493,73272.88327548762
25494,47393.74747258832
25495,132043.91093302195
25496,2916.8243942875574
25497,114978.8633678127
25498,72462.68022026072
25499,156815.2802933292
25500,2297.1165503477796
25501,44632.07692877665
25502,13348.35361614421
25503,4080.2804420324296
25504,43017.39564988152
25505,54831.85898239834
25506,62400.906891544015
25507,60297.13769925072
25508,159898.85584960922
25509,59056.954670088526
25510,44404.40404830345
25511,70904.6204457742
25512,40679.834286669655
25513,77550.40226111173
25514,19062.18235038706
25515,34894.50989007659
25516,61725.407103261896
25517,43937.222244668
25518,7175.65852816701
25519,64975.787349213984
25520,15596.98730314385
25521,84599.19465817208
25522,26390.089472439595
25523,40005.1796978303
25524,42364.19388249015
25525,88740.62836238905
25526,77950.25211937453
25527,6710.586231945641
25528,118767.39942632978
25529,26760.002879547043
25530,16912.36216123139
25531,40019.469885589795
25532,277382.23288470716
25533,13197.56749647363
25534,201936.581179127
25535,61898.185981326824
25536,31218.23315939348
25537,47569.2775802289
25538,67619.3855640516
25539,70125.83348093387
25540,39009.022246749184
25541,89458.15047513996
25542,115533.52942119136
25543,250199.33853449018
25544,88712.33449127509
25545,25856.355167828817
25546,65044.75100817609
25547,77245.8076439747
25548,41928.01376370539
25549,16256.224704073831
25550,38055.58762230473
25551,37671.886196678584
25552,37355.82703742489
25553,14570.323414240238
25554,11500.93074266042
25555,2010.896720672596
25556,39847.40106598702
25557,14404.033588505543
25558,7671.296668706852
25559,40271.90311962677
25560,127005.08504362802
25561,21914.72258704134
25562,10202.300007881284
25563,27618.095884141767
25564,1763.4573013540498
25565,67581.99282915027
25566,69741.89252505542
25567,9387.330225959282
25568,5818.286460489302
25569,58375.77836845388
25570,55971.21050891525
25571,85318.72883749538
25572,3648.95771134556
25573,45741.77011059065
25574,36994.00315639787
25575,77323.87124425381
25576,41333.44395848087
25577,40730.877774054214
25578,101525.11514588742
25579,177359.12150810254
25580,32781.920715591186
25581,137465.5171052864
25582,34977.91691081131
25583,33826.40096640551
25584,42587.69337536747
25585,109759.75465756358
25586,73431.47146951182
25587,89870.56117113116
25588,24802.77558805604
25589,17018.382331237786
25590,40787.904078136235
25591,32516.86352865179
25592,55436.33377992096
25593,4030.780866190979
25594,7554.496477612358
25595,99831.38998169947
25596,149774.3235377091
25597,102745.5589346374
25598,130757.91829727791
25599,97068.46141615008
25600,60803.2882193316
25601,42938.55920771316
25602,82919.13795404298
25603,95675.17796023424
25604,162686.0127021591
25605,72660.88113328838
25606,93750.97270357909
25607,171224.05081581217
25608,45273.581412305604
25609,32585.565900750284
25610,154679.48201452396
25611,38813.55069373598
25612,19974.51156617709
25613,49039.73248444074
25614,23534.424263172765
25615,153978.58283541902
25616,13989.147671420576
25617,85443.04101868626
25618,10862.365428097986
25619,121250.53830085437
25620,3683.804148664153
25621,49533.828086805755
25622,188080.5447979109
25623,41582.537688433695
25624,64344.77878516771
25625,15773.030506415587
25626,55602.727455454275
25627,79011.64009739843
25628,82688.17993640275
25629,51185.75573271841
25630,93568.8305256284
25631,52252.79997025805
25632,48402.74341859877
25633,13931.384890943209
25634,156511.0521902416
25635,15021.889676162034
25636,29036.429465536457
25637,132300.48327410728
25638,51808.53215650906
25639,61553.32870131761
25640,14607.063447085786
25641,111738.94209427091
25642,82204.27569806256
25643,98866.60896924564
25644,194511.75044403155
25645,45556.0967506055
25646,42654.79961032012
25647,25431.571842878533
25648,34745.6107039375
25649,17456.040411712704
25650,46803.62591106167
25651,39245.81377653336
25652,14194.623932605455
25653,57363.62302733131
25654,60742.54605784992
25655,81223.28783980676
25656,6550.775940926897
25657,64304.460905934284
25658,49005.70898830648
25659,46809.21661878537
25660,116303.60851662395
25661,40694.61157692378
25662,102085.93853340964
25663,124639.4038100906
25664,56455.474774785886
25665,44424.59616588304
25666,42928.315114540535
25667,2557.8918785824144
25668,53218.41865593646
25669,4729.696993674893
25670,19976.597837312398
25671,28931.273742260426
25672,50197.60159816423
25673,38523.796540651776
25674,53751.23373220804
25675,81490.25518475141
25676,4674.6925697558
25677,41621.75047371031
25678,46861.00871895499
25679,47852.809268409
25680,31464.295785426864
25681,43065.313984673354
25682,48547.92517828398
25683,79570.80748787687
25684,6154.966938502087
25685,133171.72678322907
25686,8687.990617026071
25687,41982.328959430146
25688,2833.1479102935696
25689,1537.6168880074829
25690,2561.488399809046
25691,40091.11951902715
25692,19427.294906537416
25693,14143.893473906304
25694,76580.97905537803
25695,47844.699416930154
25696,50830.58768717059
25697,56871.62511541582
25698,2282.2114730627814
25699,106529.58667149117
25700,45779.71470469725
25701,146360.9173549621
25702,31655.160256320785
25703,57274.79571118878
25704,43083.33122339763
25705,116088.15775351493
25706,88376.22946249561
25707,100987.780128731
25708,170253.38748092845
25709,64737.00875999809
25710,4115.49624563919
25711,207735.78054600462
25712,242823.62627345548
25713,56429.14637608761
25714,5001.506061908196
25715,49698.32211880215
25716,62726.271718093085
25717,10782.597075583619
25718,3094.386745376343
25719,100726.32269739562
25720,90153.21639828775
25721,12818.001622381209
25722,34776.26367502594
25723,74896.74016839349
25724,7066.458590983797
25725,4691.301034637261
25726,143922.25748343786
25727,88397.92835540685
25728,45951.407182089344
25729,67456.8413108996
25730,57756.16949152758
25731,43763.872454373064
25732,64364.593264511954
25733,6038.898521897963
25734,15336.516267826672
25735,49182.91327659732
25736,43088.61797680254
25737,175797.6954817906
25738,219057.61435982306
25739,3825.988550425275
25740,52255.14423687714
25741,57750.640180231
25742,52925.54270047462
25743,21226.033090124078
25744,43192.612416977565
25745,53675.307714278606
25746,58287.19452128799
25747,55224.59456687968
25748,3745.284775082879
25749,4470.206872970992
25750,274615.2323573118
25751,94340.16035878356
25752,1326.7503759752008
25753,16163.658215296486
25754,47263.844854504874
25755,46297.1432801786
25756,43568.432494292734
25757,69129.63309621507
25758,29868.468249658177
25759,46898.7238215281
25760,72890.95763746493
25761,97348.93297960183
25762,93754.16344938587
25763,13639.57886204871
25764,87910.4093454885
25765,131112.60625294983
25766,11040.292105806242
25767,46157.08668477683
25768,44019.71143199989
25769,58067.555284293645
25770,47743.4180331712
25771,20192.46294238927
25772,20618.437979405066
25773,46254.88880877692
25774,39491.76091867326
25775,102571.8580817849
25776,3325.4147143931964
25777,23031.38320576323
25778,149030.58501032376
25779,55816.46188472567
25780,11521.304755712126
25781,20410.12606766278
25782,33642.48070498391
25783,159414.75187277203
25784,53297.68379035036
25785,24859.69888048635
25786,83258.06722997695
25787,10819.878664397438
25788,107746.05960491607
25789,202304.23174838244
25790,18495.734814900567
25791,38651.04992740111
25792,30148.84782417712
25793,32216.29998973976
25794,42918.30835047986
25795,67907.31925176698
25796,122725.05492677851
25797,58412.79248716923
25798,194604.0039790071
25799,24123.840971880672
25800,36741.32166180477
25801,15812.231624246897
25802,51809.55973750076
25803,26823.741547334277
25804,46045.9136766477
25805,27365.828536834295
25806,16193.033266200815
25807,24076.460337649623
25808,98582.2852766725
25809,46976.27692027008
25810,49102.219792888216
25811,149062.64589273435
25812,57555.85047846643
25813,50593.21405455821
25814,135884.16552204045
25815,26342.559833344174
25816,104583.50461663809
25817,81286.73976165833
25818,16830.269425279686
25819,54044.37589606394
25820,45710.67706225956
25821,35437.71055166453
25822,79433.24923062432
25823,156339.51174980123
25824,42665.228177076366
25825,41987.790465226404
25826,45954.427600563155
25827,19624.11510724445
25828,48661.81758383753
25829,6307.675234709926
25830,64582.12957564635
25831,34543.650692781885
25832,43732.44620596025
25833,54946.86920830046
25834,71500.2454805053
25835,60363.86809162249
25836,12086.498668819951
25837,69423.27620966606
25838,8247.809686574597
25839,39077.01650704393
25840,5248.416612492352
25841,30230.222568316032
25842,214477.56392605847
25843,49722.7291539976
25844,68711.43890264387
25845,42780.83347594336
25846,20786.57689129821
25847,13141.7834529878
25848,58831.95293072298
25849,36026.92925468659
25850,35488.29891183217
25851,89607.12584873941
25852,4209.105777957935
25853,209023.55705865507
25854,139784.42813759838
25855,61681.47536677474
25856,277901.6970034956
25857,44821.12759073913
25858,43477.81087530763
25859,49303.41740972213
25860,43125.655663352496
25861,100670.16166667262
25862,56300.40305097784
25863,76813.36473900624
25864,48167.87206850846
25865,37355.91712390405
25866,35304.047417461385
25867,152506.2863598895
25868,10815.335521397361
25869,4840.425804297407
25870,51212.55172247924
25871,3266.6304181816968
25872,8131.822072350271
25873,38373.5832217648
25874,52341.470142309074
25875,10434.738497027658
25876,38611.17964428209
25877,37177.12229734734
25878,52317.64039908323
25879,7164.158228625001
25880,85046.0963680547
25881,57677.9736080643
25882,77610.19119401803
25883,48710.43156701233
25884,48978.434745694416
25885,133439.8641882041
25886,40851.71818292095
25887,211623.29927048998
25888,8916.46507585251
25889,63147.960315287644
25890,70360.55634124474
25891,93402.12568334099
25892,36260.39133239469
25893,7126.887014179508
25894,144120.60103192696
25895,55802.04018671411
25896,4143.3685042952675
25897,2344.122360153626
25898,100521.11728195519
25899,85159.5864392242
25900,17599.537560107976
25901,1236.408671976722
25902,43796.85450891844
25903,104298.18513148472
25904,104654.7222696994
25905,129866.59447456198
25906,16174.762868145308
25907,29302.846949477458
25908,61202.91202962174
25909,46263.63669611801
25910,86760.89820660239
25911,94166.60271529203
25912,12262.030569467062
25913,5436.673911441426
25914,45019.38949484067
25915,203141.48477742632
25916,60842.034928212444
25917,80905.49078936476
25918,17977.502133037677
25919,120718.6206958885
25920,53696.348809289135
25921,112595.87024270433
25922,6328.125036205265
25923,7542.589113792751
25924,67260.84910469779
25925,6331.582390870096
25926,88070.64144145153
25927,41606.59709976783
25928,3513.0467985421137
25929,48063.363709931844
25930,50542.24659975552
25931,48772.913517794055
25932,111796.93299723833
25933,58814.265193193576
25934,83415.92575417248
25935,188980.0508647896
25936,181886.8283692083
25937,129253.59164386816
25938,44514.60661821461
25939,7348.7935532026195
25940,12098.236087751236
25941,47312.96112436902
25942,82853.85113934685
25943,99457.84245762322
25944,47669.026901910016
25945,53782.35861195846
25946,60023.46555875072
25947,48667.62625456289
25948,79032.69234813753
25949,16729.1389828388
25950,31725.70024025513
25951,3396.982604981167
25952,29620.738655040404
25953,75496.35142723731
25954,153154.69218200634
25955,6761.096871640407
25956,29250.33750230888
25957,45711.736737737025
25958,69125.19997339531
25959,9712.697644162552
25960,41794.92456520043
25961,7192.409729773689
25962,48678.15043445807
25963,16517.260379818817
25964,59480.34443795529
25965,103720.67539500864
25966,211646.74799403115
25967,90945.90052907485
25968,63034.992148899
25969,57485.570230310004
25970,12446.210550015812
25971,21731.123130080363
25972,163605.6933914546
25973,21910.262649650667
25974,30227.13683270839
25975,60470.17229306452
25976,178204.58466494526
25977,81345.42574501922
25978,21317.920645737453
25979,38652.920469030076
25980,60632.33348972864
25981,5620.410420456807
25982,46537.81039121712
25983,48391.524885717015
25984,90573.78872103381
25985,5145.493633858575
25986,152837.64464932954
25987,50857.820310323
25988,55162.22257952666
25989,108167.05459253215
25990,57703.34387449259
25991,64030.496304695946
25992,34227.87015973449
25993,96536.32245540769
25994,58139.60176641746
25995,13318.610467492292
25996,133335.5899318465
25997,82706.36779035584
25998,8068.11367407102
25999,6960.131634408151
26000,35663.17720195646
26001,49081.90164135958
26002,148330.296131848
26003,154455.98248989016
26004,195644.3969174832
26005,86285.2126965343
26006,119878.09431041425
26007,37813.99101680876
26008,90964.5099205735
26009,40440.41315322584
26010,65962.12556271412
26011,12884.32556414501
26012,56856.23914207364
26013,49148.07795599929
26014,40987.96713672044
26015,34930.67615051577
26016,11131.013102558729
26017,181602.05025325363
26018,47781.997621846676
26019,52966.35141478915
26020,29444.06165560234
26021,52610.79324268908
26022,41950.43500766166
26023,50537.78449102369
26024,50855.84997977221
26025,127746.79567977187
26026,63920.335506498144
26027,93385.68494166363
26028,31475.54525343075
26029,152879.38279726953
26030,7552.256275341852
26031,43914.676388858934
26032,94986.34163091038
26033,72058.61258168287
26034,142712.16769626687
26035,27446.992959748564
26036,163667.11558304378
26037,31996.90882959446
26038,49936.880800592284
26039,21224.079180025597
26040,62894.71177959864
26041,44970.547276045996
26042,72444.10783751696
26043,87539.11309471485
26044,12862.65000119004
26045,91233.24405559429
26046,55847.28182613282
26047,8148.104428523609
26048,33051.62650470464
26049,158592.44397267784
26050,63458.694623092364
26051,181218.03797133558
26052,8330.834564550107
26053,59707.74465075386
26054,42904.95637822879
26055,47543.877656828576
26056,41607.63416933859
26057,107175.88687100248
26058,108041.42380169699
26059,43134.83122808414
26060,52443.01981257456
26061,59214.95257484053
26062,58507.866658303836
26063,31897.75989415305
26064,29628.89752130058
26065,20505.63087190506
26066,46551.12066806927
26067,4589.250007203388
26068,215996.31416808272
26069,90024.61150945304
26070,14363.776605216723
26071,30841.592073089738
26072,9414.504509731993
26073,38524.90848520111
26074,59027.44487909111
26075,82775.82486777233
26076,112799.3977584487
26077,28259.127405319323
26078,29717.759042711976
26079,54938.81603567767
26080,33763.49209004543
26081,71717.57868469399
26082,230644.50790020273
26083,178406.5289582917
26084,38818.27777823635
26085,18420.428451031523
26086,140863.90693155103
26087,44765.1096366605
26088,119417.51172392027
26089,72194.70414157429
26090,2818.021272178636
26091,46346.58591074938
26092,198573.9678394598
26093,9575.360350949364
26094,23824.864580045603
26095,7553.791888050751
26096,3642.799311239538
26097,19734.852417965525
26098,183128.86514693467
26099,51144.30261716428
26100,150412.42025496968
26101,55518.1693942764
26102,33775.629085780805
26103,47879.95404925947
26104,93371.85618475998
26105,56355.86072834181
26106,157016.78897332982
26107,145771.5936885662
26108,9569.15837497783
26109,15456.633095167623
26110,22027.732965073996
26111,10657.029068317099
26112,92907.84723250466
26113,39782.09781909458
26114,46016.103571270614
26115,40901.36578831509
26116,42039.94410231202
26117,60684.81085267733
26118,167710.28090838008
26119,76174.27479604738
26120,8005.680470849863
26121,6398.302955353464
26122,13934.123229783914
26123,69511.64004615767
26124,193786.05075649626
26125,39387.5231882305
26126,13348.094031418343
26127,72218.60625144439
26128,42291.62394649321
26129,152970.14509656292
26130,45063.3164799666
26131,21490.756227802987
26132,40516.6110940242
26133,21350.503916666472
26134,27571.368557886955
26135,130239.83554240606
26136,104832.66757319248
26137,37253.614613606034
26138,6643.972340645513
26139,19280.757634557543
26140,217513.70037836605
26141,39658.079815690435
26142,85593.95851404173
26143,36101.229763915726
26144,40059.46791209404
26145,72087.67547229992
26146,5469.95952061122
26147,73244.93697140871
26148,5454.774852056421
26149,12602.36888216695
26150,71186.83940261924
26151,157245.3252418796
26152,138017.3672131742
26153,83598.66707382904
26154,23284.122810512505
26155,56602.1519159253
26156,72925.01036444903
26157,51580.02572806416
26158,26423.430446965827
26159,26002.000312093016
26160,53033.160999418775
26161,52291.725297556324
26162,74469.57860887774
26163,140260.47440912077
26164,100209.93006675827
26165,47447.86729049032
26166,57782.15278751997
26167,51679.037721147986
26168,31966.860612700133
26169,52454.07098377416
26170,27081.94279432023
26171,146352.53533062688
26172,141484.89617141077
26173,34668.81395419491
26174,46093.083627415865
26175,48331.07313685647
26176,7394.208976711348
26177,48306.03718319817
26178,5930.807996105037
26179,81106.47387935611
26180,95120.59990949335
26181,3968.086181080726
26182,22626.063642533554
26183,67988.26586839923
26184,16836.146759412157
26185,49034.31461931015
26186,26037.21406842861
26187,31590.181215883444
26188,7152.1298148174055
26189,66743.79348566687
26190,45806.08605840417
26191,51431.23042731561
26192,3761.2967861271472
26193,34763.441548285795
26194,23667.55732533924
26195,32691.842268376105
26196,3523.389457315512
26197,34624.51515207385
26198,75655.1345709906
26199,45241.17205935932
26200,46445.033852923996
26201,14833.452341693503
26202,69100.99916763381
26203,109904.019284023
26204,196449.8238833279
26205,147873.4279849488
26206,85842.49232549925
26207,175497.71987451482
26208,76543.50741228668
26209,33148.49683264944
26210,24330.114445940602
26211,36669.91698692463
26212,90287.18265021636
26213,48610.70831284966
26214,57559.6467813159
26215,65423.29366445711
26216,1208.2701288980163
26217,77559.66177920836
26218,64572.81286100043
26219,14379.387315073942
26220,98923.1952364184
26221,108618.79503981664
26222,273844.8163999046
26223,65445.26779495186
26224,64903.8822030362
26225,32607.28037033358
26226,5510.06633028657
26227,228238.97604308813
26228,16444.46123819251
26229,44681.135196452065
26230,86585.60964541654
26231,92357.4704680574
26232,79786.60627971913
26233,45832.68256242125
26234,144087.16888191574
26235,29472.63136476503
26236,99895.47301274791
26237,75028.50202223726
26238,128580.8812508601
26239,52286.29099026942
26240,73644.83253425272
26241,10850.240514934027
26242,75852.535613713
26243,28097.18921014668
26244,50616.88579641552
26245,21850.677376525877
26246,111199.43188004587
26247,2395.1908017624655
26248,28049.48905282045
26249,5427.748515044801
26250,88165.75854024662
26251,7715.557843483796
26252,122158.21926419956
26253,150864.95946783037
26254,105313.63453243
26255,24633.607307897717
26256,4810.2888421101525
26257,25557.256298001983
26258,42778.85395809393
26259,36847.43147457497
26260,65039.526028850756
26261,62996.54384075684
26262,54649.29963613516
26263,51508.303264450056
26264,9636.817380897648
26265,71124.00912494435
26266,73141.83846350471
26267,23293.613019205295
26268,41398.117884845495
26269,37258.48648943474
26270,10635.120625976482
26271,46120.206183036804
26272,6789.243273281748
26273,33422.49233577629
26274,43356.165878143096
26275,65556.85519904578
26276,95693.78794837475
26277,13263.040511955625
26278,132537.678626247
26279,2239.749900268197
26280,49436.44786655055
26281,70887.35785165282
26282,28736.373637765417
26283,150684.34008991954
26284,42069.11031321817
26285,20390.857307609203
26286,49690.955566279445
26287,37237.12104069327
26288,159955.56270914522
26289,69072.03557657551
26290,65198.87274132469
26291,12466.52290415158
26292,14786.671389088586
26293,118186.16663254856
26294,4028.3166117008946
26295,69077.75739807953
26296,4986.500513128595
26297,69822.51389088905
26298,150984.0224665504
26299,9587.894078872976
26300,36890.98627350329
26301,156462.422292152
26302,62546.092189847965
26303,177076.78612511803
26304,3079.832873324962
26305,34116.08613857591
26306,6391.874561892539
26307,123054.74127423488
26308,43367.67457129089
26309,58834.10322003341
26310,55581.298106363516
26311,46279.77998205728
26312,25601.88427565454
26313,90132.65153152069
26314,18320.02112856479
26315,44422.914290865774
26316,72864.27623332969
26317,97641.84734662315
26318,74679.95219257179
26319,87421.64224735118
26320,36631.21117943846
26321,70256.37254697863
26322,42864.44812077296
26323,57901.352554384524
26324,37860.07767673744
26325,78209.63836933725
26326,38132.503450510856
26327,80508.3369596756
26328,40098.02190284493
26329,26027.967425763833
26330,52075.63199046669
26331,19254.007719093384
26332,122481.21237192859
26333,114411.35356598037
26334,104444.367395358
26335,26529.117495904877
26336,134860.53867200876
26337,153224.5421968573
26338,23714.910838972566
26339,55302.99076835877
26340,53404.93466400978
26341,14421.567816678351
26342,155296.0790929334
26343,83268.99687455622
26344,196244.2166882245
26345,7706.718197688687
26346,61977.93484763121
26347,108398.43141858319
26348,32393.407025959244
26349,59716.67334160948
26350,45534.0040995325
26351,80373.90501699162
26352,71540.05213508905
26353,78959.76590959546
26354,22675.443068709872
26355,8871.787063919908
26356,49322.06971714616
26357,36952.59576845353
26358,2183.0841721864695
26359,57482.72350895902
26360,1497.559667433792
26361,18122.904602419243
26362,45666.23942191171
26363,44794.71517997158
26364,29408.516430142256
26365,181129.98598081447
26366,82667.23968897898
26367,217739.4920744174
26368,51897.82605744917
26369,159659.60107765082
26370,40164.76579784297
26371,77858.05426099813
26372,119500.55304886449
26373,51110.28827242884
26374,43711.94827207417
26375,63048.83390633912
26376,26220.00103225099
26377,11168.223098026525
26378,143272.36991946035
26379,4863.215724897362
26380,89821.49379033786
26381,71429.01678746319
26382,55377.182778270144
26383,48095.21710617743
26384,39091.63975409582
26385,5351.523863555127
26386,179790.9707178238
26387,45782.85428384999
26388,42451.68609084606
26389,19125.93104838052
26390,237113.03218317014
26391,58495.722799192765
26392,70369.98917560276
26393,30665.165528740054
26394,44514.83046276387
26395,124562.05160394202
26396,29769.554040123152
26397,28900.286705907853
26398,127409.1528594146
26399,166999.76372584593
26400,64435.66552947324
26401,62520.65177243567
26402,47305.1780074378
26403,39081.15326742177
26404,63276.82580174928
26405,45799.917153841445
26406,47808.25081524126
26407,38782.430055485245
26408,21319.585982921555
26409,22419.166217623628
26410,53851.0102154609
26411,168299.37992054937
26412,64299.71634001174
26413,49169.97657808128
26414,2225.6745768805786
26415,69872.90824414062
26416,15904.94255748463
26417,5731.822903959224
26418,18271.91417466427
26419,44729.822133661706
26420,76266.53021448162
26421,35400.29663130193
26422,76733.7968740022
26423,209358.91455853728
26424,89216.61778964942
26425,36205.66802448228
26426,98946.21913802986
26427,58284.671669382005
26428,110355.18005603399
26429,31768.10224846269
26430,73443.85211043329
26431,87256.63856319468
26432,41245.516245470724
26433,6579.525789511994
26434,39941.970567274955
26435,38511.63738000307
26436,80898.30843381386
26437,65319.918541721876
26438,41518.535156244594
26439,3804.954199572969
26440,44426.01428201214
26441,32739.210139687
26442,88575.60773917007
26443,42187.162865298735
26444,58350.745973689256
26445,83806.89683606055
26446,52095.232665943804
26447,13332.497968179097
26448,61264.04864944281
26449,76138.34162620481
26450,34591.098299465935
26451,37986.52327018864
26452,61168.472413352334
26453,44817.04901823682
26454,7701.208700549373
26455,42155.88465212187
26456,4707.744866581237
26457,71105.58322863883
26458,56990.45765246572
26459,30140.14425564318
26460,115417.38495025899
26461,129231.69792075659
26462,96604.72054493737
26463,24732.738884507817
26464,46788.256448216576
26465,14871.390519064962
26466,43319.7028416864
26467,38244.97881740399
26468,90650.06509074573
26469,46298.63530726811
26470,25083.38602419866
26471,68074.77768706884
26472,29350.118485235096
26473,26790.258148947112
26474,27528.439154000487
26475,193852.51123269694
26476,71156.76839801607
26477,30576.53452166374
26478,89730.72181563912
26479,43298.50826184437
26480,38025.25480280452
26481,275732.7959239528
26482,45401.951762407996
26483,54966.64547224588
26484,49978.4569483632
26485,45672.34903165812
26486,47498.04103561743
26487,72112.62265564076
26488,46994.94396590526
26489,71958.35686178658
26490,72044.19218472778
26491,49731.35907121777
26492,60825.08085090725
26493,44623.89193316091
26494,146062.85011662275
26495,50087.5772766789
26496,41613.6596504832
26497,103334.67756991202
26498,100137.80879507617
26499,169905.29174306625
26500,52268.30279188963
26501,43213.927555809954
26502,46715.31749381029
26503,129704.29007921161
26504,93020.43222616645
26505,4137.136883712659
26506,4558.100375057835
26507,37414.51968385666
26508,22866.97411878085
26509,35830.61862419996
26510,83787.5908763683
26511,12311.995473549176
26512,41146.1863896039
26513,113853.8014767561
26514,175876.58069453642
26515,14447.88623480386
26516,98177.98877641844
26517,46480.84920430533
26518,54092.6902336052
26519,51649.58236089989
26520,78158.88036638947
26521,54739.58856382973
26522,36036.53496920517
26523,13143.43666847883
26524,931.069121716406
26525,30733.682487822203
26526,22641.709557179915
26527,60287.257541106046
26528,20908.758519876534
26529,20097.626196109977
26530,111164.4653869524
26531,6368.142521222538
26532,95964.95067878676
26533,11204.71299401601
26534,27167.351235748138
26535,135293.86823806135
26536,11746.565018311892
26537,121273.19350076756
26538,34237.94497169557
26539,36606.67919039243
26540,138521.3314143948
26541,42711.0762666395
26542,35097.06372170938
26543,50517.70573651573
26544,29556.95397413367
26545,53215.1256527538
26546,6962.335543996835
26547,41618.071652171464
26548,11303.712718562056
26549,29936.064641298835
26550,211066.06975611852
26551,7018.442734610737
26552,25516.84753661805
26553,2408.700115244141
26554,3910.013841856356
26555,55147.682712469694
26556,279362.4390758346
26557,4167.1044572344945
26558,56659.36201562026
26559,27610.10267699503
26560,3552.6036379847637
26561,42219.53517697462
26562,97311.87318356588
26563,64679.897930767314
26564,68437.29026637279
26565,66341.42529504343
26566,3106.713339156113
26567,22185.97858848721
26568,78870.69610071347
26569,30918.911313125613
26570,4181.7812847906425
26571,102312.76928040871
26572,59121.17619993974
26573,54075.79910025866
26574,36602.34005826061
26575,107756.12861048599
26576,108947.77148534651
26577,130089.05271227635
26578,70674.33547468946
26579,61074.88906110781
26580,100287.75974674268
26581,33285.44713116254
26582,119473.24463154889
26583,80646.67829263883
26584,50856.79615017676
26585,37141.35710993768
26586,57101.796775695235
26587,13191.104129805497
26588,113473.09901445522
26589,46001.98850382827
26590,48827.61561010119
26591,170605.9598383961
26592,132755.5856790431
26593,70195.59589027552
26594,41469.623836147424
26595,5250.082518978192
26596,100116.44750903481
26597,84519.03611685515
26598,142487.8424743428
26599,37985.727522920846
26600,31119.671956637558
26601,117820.16708113301
26602,91786.52078161236
26603,54621.95895160137
26604,66731.73959421732
26605,52281.11245839855
26606,156563.22124727597
26607,37965.833004786684
26608,22984.40473043956
26609,60621.53269285505
26610,158928.35881375754
26611,19900.6709227803
26612,87504.8661475663
26613,25643.71784527691
26614,6267.425013872449
26615,42878.31129671689
26616,5056.0412636991205
26617,22229.681633260454
26618,45730.79598429355
26619,128059.13910142722
26620,215050.010261375
26621,56443.73319819768
26622,42955.8997643165
26623,25316.977552001106
26624,4993.488299806389
26625,59342.55682110153
26626,35875.55023213408
26627,11794.137218488642
26628,20239.417130020614
26629,91100.91339546232
26630,120329.36490665447
26631,165496.88129887858
26632,28120.53244909178
26633,31630.057970110734
26634,100364.25043808193
26635,22670.386919118853
26636,36364.50367092247
26637,30927.001215963497
26638,46882.1019738702
26639,85541.65293805853
26640,21085.3950365599
26641,46709.19960833747
26642,38011.83513162058
26643,47954.16033048489
26644,12407.848268172193
26645,3702.4493734538364
26646,13435.614669693574
26647,63090.7065981607
26648,40285.99908193446
26649,155540.2880553553
26650,51122.4629744204
26651,34158.06505753061
26652,95782.92987060604
26653,86302.54113670396
26654,29020.992742542785
26655,80463.14499455428
26656,212827.3893325773
26657,86026.17731166058
26658,62574.404870160106
26659,56128.62819590604
26660,48357.67797600692
26661,40889.569802903556
26662,172102.23853118913
26663,8413.8980277305
26664,2444.0929133319223
26665,48530.54209697272
26666,4580.698450229016
26667,1994.906305337804
26668,27853.46960296842
26669,81291.28943462973
26670,7711.086334411783
26671,36614.11790967221
26672,210590.90405916417
26673,132771.35433204973
26674,220166.20157252965
26675,184912.68613714352
26676,163100.2296812171
26677,72457.10495432164
26678,54102.39701769224
26679,64778.820734112494
26680,10798.263940919449
26681,173287.88781102226
26682,38564.153397605834
26683,38841.69038551075
26684,102988.38085515375
26685,64485.53862169281
26686,46854.49884573296
26687,189448.77091444633
26688,28482.039963125004
26689,151269.6621873875
26690,53096.685781486674
26691,27367.480203643037
26692,47994.33018840573
26693,35491.587912958785
26694,25479.295279935788
26695,45588.32459997516
26696,40576.616119266975
26697,44043.183706250325
26698,37950.468475681526
26699,64858.077706298114
26700,43025.8196796084
26701,40449.26118382752
26702,44043.15043889838
26703,4427.66818990381
26704,49570.02239095684
26705,144505.94862493518
26706,42686.85410543768
26707,35842.01168541681
26708,77528.07334031138
26709,51296.82131918876
26710,38647.86505335184
26711,47600.90717831234
26712,6385.630836705213
26713,55175.724989990515
26714,34748.50568757557
26715,42986.7793477764
26716,56886.448688971504
26717,21618.2668217184
26718,84332.57278233898
26719,128121.95746536115
26720,79800.88068231574
26721,2841.978402527814
26722,70371.9939310525
26723,76065.67115498177
26724,216680.509327369
26725,25665.355163344757
26726,80051.64259344187
26727,37954.95123950059
26728,59860.95083743193
26729,52344.01198854925
26730,38241.59674636492
26731,53848.3026277872
26732,162248.2138188481
26733,36095.55211824162
26734,49208.951756712384
26735,29006.888831922348
26736,16120.370546142673
26737,128238.17118362873
26738,46828.56179362262
26739,40374.42501826506
26740,3056.3932976408396
26741,44111.81865952345
26742,199958.29025139607
26743,40256.30580624861
26744,74786.46992105448
26745,49339.167576178545
26746,112550.16088259507
26747,53889.559608778436
26748,68005.27929686406
26749,97816.95387643103
26750,30487.463109400247
26751,37292.43767786317
26752,10512.654591337103
26753,43504.40442800578
26754,79257.35319812833
26755,71508.3639823311
26756,83970.32725493934
26757,8416.142545400256
26758,19785.7529127404
26759,47131.64406355047
26760,40086.92809115765
26761,75042.612300013
26762,27952.482584186964
26763,94465.19202783502
26764,202244.09429495403
26765,4271.052701871095
26766,80829.44891816989
26767,59969.151622554535
26768,12443.149441851707
26769,45603.95206332045
26770,36602.869464633644
26771,4169.268357893074
26772,5832.1869105662245
26773,41489.6992749529
26774,44279.75425447453
26775,95932.03692996429
26776,53796.408969816555
26777,32559.935958103473
26778,38531.506577568136
26779,23637.431391200847
26780,30360.294043532485
26781,44651.55464607044
26782,84692.7071702582
26783,4297.816061708187
26784,61048.767351001174
26785,43192.27490394786
26786,99215.13852559196
26787,28790.526752575217
26788,42840.97983671622
26789,71167.69654122701
26790,33155.49638172885
26791,30839.993363246555
26792,46336.36491636319
26793,111834.49339981972
26794,60104.184109005095
26795,23770.6244447964
26796,71908.72552795614
26797,19905.354339223602
26798,105654.49486412514
26799,52861.13930107817
26800,90018.91362635815
26801,38901.599138477366
26802,81267.46094396613
26803,26199.160636837354
26804,58124.362822521995
26805,73478.90997801766
26806,56490.36121337835
26807,99348.70125946209
26808,51677.66316486898
26809,69037.81018911763
26810,110557.36946016266
26811,43089.88035374323
26812,58569.68224729947
26813,33432.86797551661
26814,6436.971638488622
26815,30378.24521963704
26816,172243.22813036395
26817,105177.6520571517
26818,86276.41235981912
26819,99072.34483255677
26820,47535.33690880877
26821,6128.639080635166
26822,45213.97657022006
26823,57312.32641022112
26824,207773.8348788504
26825,46580.34074704198
26826,44951.60885259889
26827,112624.8018259291
26828,47856.56885252705
26829,18409.125666180826
26830,42321.07708573909
26831,72149.36200944033
26832,46802.25388889925
26833,3725.9259999341975
26834,85323.06255149962
26835,18137.624247607135
26836,10511.056258629256
26837,13235.160611905614
26838,63733.197066013025
26839,197446.8117471855
26840,62589.91850780083
26841,42777.513530500495
26842,52307.54143563151
26843,144020.89824530503
26844,97708.27988088765
26845,40716.476100181586
26846,126929.37747782054
26847,14372.268625974275
26848,57959.784543427166
26849,16496.93929892464
26850,2694.3012995537756
26851,167710.71150117513
26852,107123.75272638803
26853,106315.77193542356
26854,45336.92768454536
26855,43600.87372735457
26856,63156.66562335787
26857,74893.19009014919
26858,3826.6531468393073
26859,42849.451006899755
26860,49015.6478897005
26861,42828.30183830659
26862,4909.240088936244
26863,32858.79684486129
26864,26606.156435064153
26865,21616.938389865292
26866,65304.28112039249
26867,93437.46320950422
26868,33806.340084209645
26869,45589.3444057416
26870,35858.81536287405
26871,54506.71468081262
26872,73282.63004258153
26873,46359.20424691172
26874,72405.27299706331
26875,53191.90493873607
26876,10100.050028854626
26877,2405.9214306586164
26878,17655.95719455947
26879,88648.28315999862
26880,34597.39957363767
26881,58706.46743888369
26882,134928.38273839664
26883,2974.585725721903
26884,97641.24438536601
26885,45630.837350505244
26886,29394.1452809431
26887,1459.076394590611
26888,27462.14138280685
26889,85971.9754622221
26890,44534.645629504135
26891,3484.892494077532
26892,70524.36832728774
26893,50511.82329718882
26894,16430.154453463256
26895,53801.50591262455
26896,204142.84804227826
26897,126179.4448945743
26898,82517.04407664943
26899,272961.63265112496
26900,110893.89465552021
26901,60320.94564824284
26902,24897.797731549832
26903,64065.10171071522
26904,63849.83091026949
26905,134376.48721319326
26906,28609.888287986745
26907,83481.23086302733
26908,10497.402604104307
26909,4115.903759150437
26910,186409.61849732962
26911,35341.23264387318
26912,77358.929719374
26913,28468.70390149596
26914,9638.435618071206
26915,43643.76347091736
26916,42774.44177022422
26917,64175.53177072496
26918,56156.98220529539
26919,44943.64978870678
26920,40431.037720375105
26921,98760.55483402162
26922,22090.58895255163
26923,47432.51199637746
26924,103029.58547432306
26925,52581.28453860639
26926,1872.0023901013662
26927,63815.7740345025
26928,77860.71641280917
26929,43924.53039189401
26930,69325.2620584676
26931,58674.38015918551
26932,7059.793635355955
26933,48578.2561253306
26934,50618.2723408626
26935,40104.5177459126
26936,60960.23660735003
26937,72898.90810351181
26938,11767.495914244222
26939,40272.01431551086
26940,60826.57205297288
26941,154904.94211575546
26942,30057.814645150556
26943,66841.98360136143
26944,4236.393346277323
26945,69155.6578236214
26946,49174.85310009871
26947,161209.34018760565
26948,21900.04200789053
26949,6418.176264563355
26950,45735.178333128395
26951,135852.70592148378
26952,38194.31563173172
26953,43024.65965401144
26954,47062.59879339939
26955,45409.44304959428
26956,9999.759228295394
26957,73968.43223134767
26958,11065.676563958063
26959,34026.44683712691
26960,22666.050430983025
26961,275526.36999205925
26962,44142.42894477451
26963,60389.04546910522
26964,53748.98104267831
26965,28618.236620583066
26966,29852.43393913174
26967,49661.44938808154
26968,8297.915828063386
26969,67422.04907771735
26970,48620.46179727164
26971,88357.46957625491
26972,34882.988002327475
26973,66358.24349576431
26974,151178.47343234404
26975,51804.09160666562
26976,41878.98494186913
26977,47736.64759720591
26978,36274.77879545249
26979,53188.02740110147
26980,56381.2494873051
26981,35527.29171992364
26982,12566.353425223093
26983,105588.76731855281
26984,46040.8582960908
26985,44518.93622967652
26986,84379.28754649572
26987,73537.07853604312
26988,38296.04553517906
26989,28154.491478801887
26990,148485.53582631648
26991,139010.48439816706
26992,10064.81877600453
26993,72659.67139135634
26994,40147.80334139573
26995,194200.86095968945
26996,139134.98040264254
26997,51813.705501560915
26998,22128.687778336003
26999,26293.32914957852
27000,206089.0744434904
27001,78007.05886850075
27002,41425.91389926153
27003,196017.24721923514
27004,70810.5556854837
27005,41268.871084860555
27006,55981.593456385606
27007,61732.3516567064
27008,76273.48928283284
27009,6897.462435074605
27010,53380.63022982058
27011,50547.2460657439
27012,48247.80624589283
27013,51630.48944228747
27014,4447.835415644521
27015,35366.69264291875
27016,91736.69867691802
27017,81962.77403753827
27018,92838.83318781282
27019,39293.67470436671
27020,83364.27337410355
27021,47632.789031405795
27022,27134.738810838153
27023,31973.66549724196
27024,81293.56136822283
27025,97460.6661774442
27026,40774.410260649434
27027,43007.13051767642
27028,10072.102488092565
27029,208447.44538566016
27030,46796.39317562759
27031,10404.642321282647
27032,47057.77838776662
27033,26731.48698299781
27034,70768.18896907804
27035,8234.60867151819
27036,66191.94151346284
27037,43289.41519620135
27038,66682.04194902066
27039,53331.4169666471
27040,56813.87025954172
27041,52610.624068144876
27042,50480.988662682816
27043,14809.985792671609
27044,32731.96584707719
27045,83202.60932627447
27046,90390.89019070499
27047,225737.59386320336
27048,63311.26751757684
27049,30586.879188049134
27050,7116.307229379307
27051,79357.03164388605
27052,253806.29120100164
27053,39235.75184902924
27054,39845.63351837435
27055,37421.50713778812
27056,59726.343946075445
27057,12556.065008375232
27058,34097.507802689375
27059,51570.12479182296
27060,65228.962937688186
27061,78344.50003281786
27062,107213.34945891752
27063,249329.22488358934
27064,62934.42360342588
27065,60638.211471121605
27066,40452.04891251935
27067,7029.90267207654
27068,90025.16801647856
27069,104833.20241943398
27070,57929.690109459305
27071,4600.5980819640035
27072,36203.63548067132
27073,55459.34187804239
27074,29302.041029371216
27075,33153.259161369686
27076,78102.0491592589
27077,22750.29408202503
27078,111664.00648552015
27079,71259.49295754037
27080,162828.6412840213
27081,48269.63491201388
27082,88204.05569861777
27083,12507.279553452869
27084,43716.46374121706
27085,9394.81677783473
27086,51672.663574521284
27087,58300.505529020134
27088,51188.84233036673
27089,51586.244097553055
27090,40050.48767126916
27091,64152.56321621426
27092,49362.75789267293
27093,2684.5037710131655
27094,45687.04001821671
27095,61442.313810793356
27096,60063.13994994686
27097,236691.7041339551
27098,22013.33105941588
27099,87862.14160963088
27100,73373.93797006094
27101,132591.6289600841
27102,6581.627586590528
27103,43981.79127203211
27104,10421.668217233193
27105,53539.299970835185
27106,110540.34777376585
27107,27023.0451630601
27108,61207.20594698247
27109,40333.24999389172
27110,55141.30987418445
27111,35878.14123319809
27112,37476.16246903758
27113,39600.946021821044
27114,102007.47953902557
27115,54980.30779847054
27116,144653.6988634378
27117,30670.20081128636
27118,56831.466545868134
27119,2033.4174250323072
27120,35806.66843674784
27121,17491.28065684753
27122,115850.95152672958
27123,65511.24426693157
27124,100320.91969957793
27125,23228.301656590178
27126,101034.6997627069
27127,17381.41790531293
27128,23994.963572111737
27129,110806.74038000149
27130,51428.75716337393
27131,101394.30152296713
27132,21328.359597186573
27133,14041.680327184939
27134,74254.24932955243
27135,62987.73674946324
27136,65754.97032850832
27137,124263.93796046404
27138,89470.99626615708
27139,24698.02810477442
27140,54549.791202162356
27141,8261.794515326876
27142,59846.75184199534
27143,75660.56829722326
27144,74053.40130479081
27145,35702.583574851335
27146,119373.22375507095
27147,118086.95475906995
27148,9724.684720688687
27149,49872.06013155825
27150,18321.936770923086
27151,81946.84491864812
27152,46519.64658600322
27153,5545.045905553283
27154,56999.03159963817
27155,39784.06768988278
27156,60639.6471202139
27157,205773.1303242816
27158,65319.98652565106
27159,53213.517857358114
27160,135446.48037630907
27161,35184.1786212252
27162,45194.9123347234
27163,3369.6879000731806
27164,52390.75958576052
27165,213406.64113978427
27166,23580.26264661186
27167,88509.90554396299
27168,19893.130037600924
27169,27853.497795292053
27170,83188.42250454675
27171,20467.593648873408
27172,71087.52290919489
27173,12719.645891506156
27174,42984.89628401675
27175,55054.24855986185
27176,17840.95832673241
27177,19042.348624140934
27178,108126.02114760496
27179,44134.93273813885
27180,70553.39404793648
27181,3712.0008763363476
27182,50548.62164787598
27183,47680.681290993234
27184,206519.69359545008
27185,9238.040592754613
27186,38474.16196079341
27187,149179.53867175448
27188,74644.27104493139
27189,60494.655043535975
27190,6826.426385417337
27191,16802.04910375744
27192,39749.70886075303
27193,3318.4766291924443
27194,58494.92230692315
27195,6327.223906798775
27196,5202.514561031919
27197,3783.4398129082338
27198,54915.14884597393
27199,223468.79935288025
27200,37363.91979174419
27201,179403.55658828164
27202,71723.42590704779
27203,38872.019902206725
27204,42715.664130808276
27205,22849.14507374778
27206,11452.694448676437
27207,37827.80720232237
27208,25648.11004594768
27209,31476.155468788962
27210,33781.503797213954
27211,78166.64109638758
27212,40459.700065546014
27213,2469.7394595996957
27214,18614.366575965556
27215,20446.32879849899
27216,30923.50588513484
27217,42883.392644946536
27218,16508.141910943952
27219,46404.351276578534
27220,38310.49513714924
27221,43632.019201371484
27222,94047.36579236912
27223,54005.08227677179
27224,135696.4952227198
27225,39901.210788054
27226,101970.88474331635
27227,37712.28919878327
27228,41160.037630182655
27229,27273.18894743232
27230,114842.78719706612
27231,50893.13641524854
27232,6612.321555948341
27233,81953.18331706195
27234,49378.270973827675
27235,9795.232878531438
27236,127911.79630683758
27237,21073.266940887806
27238,4677.26561205094
27239,138927.0651211088
27240,91490.00074045763
27241,37764.79304973171
27242,98941.27276918871
27243,40547.20254257703
27244,218046.6592074082
27245,52633.08710881266
27246,12552.153748937735
27247,56017.392860065636
27248,72199.48411096178
27249,44143.19317292592
27250,23987.53334994548
27251,65620.6858600703
27252,44767.7894616235
27253,24020.867053457023
27254,53235.35922997927
27255,38635.14012163412
27256,9023.816112033028
27257,56132.44377644045
27258,91749.26521990077
27259,30468.812059814452
27260,55082.68987578516
27261,23726.442519626187
27262,76704.03978947247
27263,16730.54846331705
27264,31481.130363957363
27265,36605.49705459188
27266,133982.16204815492
27267,8323.90069052684
27268,216033.47207423003
27269,154564.7953848805
27270,62439.25655136472
27271,78344.85216105198
27272,14906.254195833919
27273,59836.179246464766
27274,66970.87331234556
27275,4105.677800060768
27276,252664.16949564678
27277,21540.752697469707
27278,21342.15832792979
27279,34309.20586242908
27280,43701.45205968905
27281,69898.27667244356
27282,63289.247110786244
27283,9975.626131426987
27284,63547.82522915618
27285,184725.00088239554
27286,73677.76194846323
27287,124677.40295828664
27288,36659.340325399775
27289,109659.13366573991
27290,49013.86937249515
27291,16747.93552103584
27292,29524.14296945781
27293,33148.0728118516
27294,52195.57476585082
27295,33757.132685141274
27296,60936.2720778423
27297,6211.8145203546
27298,38293.76558285995
27299,47323.83788409571
27300,28556.421761958376
27301,133284.6543045116
27302,99411.69515792966
27303,108502.82779064556
27304,34973.57159816339
27305,20297.394549056313
27306,7044.349023859026
27307,43473.27543124868
27308,76107.80396185989
27309,100679.01485246961
27310,5937.78302332713
27311,37196.970255601096
27312,200607.06790124
27313,38328.23188285256
27314,154148.0063841402
27315,27699.742628558346
27316,94635.25986612048
27317,154325.879377432
27318,31592.82476800453
27319,5573.9919474903345
27320,101554.2251398706
27321,25813.452000324578
27322,19600.749757223366
27323,56233.15322580715
27324,11996.029814896474
27325,64531.13422757414
27326,24875.85067937949
27327,13885.146998915247
27328,8508.012856439374
27329,8239.160476415636
27330,81742.12432490847
27331,60788.557468019695
27332,32744.460422058724
27333,49298.45129088411
27334,88177.09087781722
27335,50775.97646583221
27336,22120.0652346427
27337,48369.67300384153
27338,40839.61974918452
27339,255906.51543286303
27340,56762.01922921851
27341,72080.01822630453
27342,65075.25571209103
27343,55047.19083995355
27344,40319.4419441108
27345,44843.764250883185
27346,6552.924237505612
27347,31840.286278908046
27348,4388.083526435574
27349,18447.359542567574
27350,58764.65262014017
27351,36996.293143977186
27352,42790.760574638225
27353,42447.00465546406
27354,67207.76522947739
27355,35357.28987656932
27356,30867.050626721746
27357,43061.26620751156
27358,71833.756243922
27359,70364.47531134353
27360,60987.47447542214
27361,101107.48964811265
27362,12212.70676439982
27363,190063.12381740706
27364,132936.8133530833
27365,38871.883079837644
27366,4506.562411897404
27367,35326.23254502623
27368,45171.35127117163
27369,249559.804050386
27370,51934.6137905276
27371,209430.56625255596
27372,102710.19128700333
27373,60206.17362855976
27374,64193.56853200934
27375,57275.42171653623
27376,17486.761285466797
27377,70502.71190990013
27378,15113.511570613671
27379,103321.78976591968
27380,35831.24524822779
27381,63466.38505869832
27382,21859.76873311969
27383,168926.34583163811
27384,144977.04880249972
27385,126470.75153591749
27386,138320.43999116498
27387,35194.09159006537
27388,76647.81931049473
27389,82134.77846735317
27390,60385.83139351333
27391,20949.931091091676
27392,46310.651528439
27393,4050.455178099948
27394,1924.0535088460995
27395,31870.71457614602
27396,7072.943741558088
27397,18058.05816201952
27398,6060.187120332828
27399,35728.00341760103
27400,119140.12336391094
27401,73624.21447754226
27402,141601.21420030997
27403,26831.51762464768
27404,85897.79537169138
27405,2336.421683483034
27406,18694.089703414375
27407,29262.321305324796
27408,82100.65160449283
27409,29151.395261353417
27410,30898.61175349967
27411,24656.495165905424
27412,19107.265830123946
27413,137112.42423436744
27414,42422.26272500394
27415,38457.0356737274
27416,57529.68066152783
27417,37764.010007937206
27418,39023.822229687976
27419,52906.78268091116
27420,63748.31653408837
27421,83359.25964731364
27422,103648.71142225174
27423,58908.64786670803
27424,27134.974468958157
27425,65766.75988212315
27426,6053.210624254344
27427,90961.55150548388
27428,2245.584146239534
27429,60925.934371266754
27430,30738.242765632367
27431,120329.49447457725
27432,40428.88795792665
27433,21446.076735428513
27434,6088.659084411335
27435,123810.90479963005
27436,51849.4681023599
27437,13492.795150559257
27438,37417.38598188607
27439,7684.041941782674
27440,83619.48747182144
27441,196177.03954737727
27442,71992.78875650167
27443,148301.03393928273
27444,38686.85624005643
27445,92790.91836682634
27446,45343.017605111
27447,20039.247359536803
27448,54254.19648002503
27449,21102.068160965304
27450,26741.264634898773
27451,7065.317628798933
27452,31010.325855164792
27453,7592.040890392428
27454,34695.98411484848
27455,3512.048416780567
27456,27824.604253603542
27457,78952.41746538247
27458,99885.39172194549
27459,102385.03794762977
27460,66832.705429483
27461,175377.99196978126
27462,83404.51814105958
27463,117618.02937224656
27464,26801.396358867998
27465,5791.7295454422165
27466,46306.14225694185
27467,56122.187461296024
27468,180918.40462042633
27469,15459.436417847533
27470,48531.9974997809
27471,6639.24656796922
27472,40183.77959492241
27473,23254.6929645428
27474,4941.76485996049
27475,74552.46451060395
27476,17227.213543988702
27477,57387.752137406525
27478,3652.611050006411
27479,63764.70336426557
27480,51576.1077940029
27481,76525.35679753571
27482,61618.87439649771
27483,35451.836652087404
27484,42050.452153723054
27485,156660.4705944967
27486,2818.394079411277
27487,30425.64933272918
27488,28400.373502539795
27489,10248.478637575097
27490,22376.153663482342
27491,172252.27729338597
27492,34781.87469778832
27493,61996.09750682107
27494,22671.020500208797
27495,62743.45901300073
27496,62618.60807817061
27497,7746.843216993381
27498,34002.30284558509
27499,47052.56154802305
27500,10639.564618703773
27501,172324.89009446139
27502,51048.13987309068
27503,29972.414978589997
27504,37513.68701139381
27505,48291.46095936147
27506,175869.57955236992
27507,15708.88420608762
27508,20268.5342684148
27509,20231.789462867182
27510,41331.95339461824
27511,38604.66642903736
27512,42185.93011213185
27513,50014.80201510164
27514,65913.2667817086
27515,84348.09368213116
27516,6932.1142901010435
27517,207967.9663382238
27518,26829.736463360685
27519,66068.94199763978
27520,124921.98175933449
27521,6121.801541957113
27522,47555.51293527008
27523,18905.640554727386
27524,31002.729996743157
27525,61083.45312104003
27526,26334.33771878784
27527,240282.88586141146
27528,43774.171289354774
27529,216355.54508586123
27530,63300.63997826965
27531,30541.98867471179
27532,165572.97803425582
27533,46270.27512907326
27534,23507.254657464884
27535,26641.627423261634
27536,149720.96373009862
27537,35173.62192588403
27538,135127.12860680197
27539,17411.23998719802
27540,30218.69627872756
27541,4940.226406601039
27542,72460.40894651653
27543,47025.51541894986
27544,51543.354959797776
27545,142181.63850260244
27546,2037.1892550489385
27547,5215.856732745721
27548,46701.770853900096
27549,55700.64456674444
27550,97677.97053020966
27551,152346.71526333687
27552,11054.164283206175
27553,63658.1624597774
27554,77696.62476222943
27555,45570.74199862793
27556,14499.133549604394
27557,133023.58462578556
27558,9417.146387122366
27559,42464.166539771766
27560,56254.65138468826
27561,128055.77532656271
27562,46557.77729198599
27563,98869.65639028959
27564,70005.77923925
27565,22337.93400166585
27566,20044.051027044865
27567,23777.49732648791
27568,26018.080677589733
27569,129714.07102809804
27570,53364.90973397413
27571,32963.69767437097
27572,59700.35212485734
27573,68487.82059755336
27574,42650.57589413299
27575,108561.16309662093
27576,83516.82742959127
27577,84085.18127850968
27578,54151.68186505071
27579,69402.85241464774
27580,77165.17616682492
27581,172465.8525661212
27582,68268.12359133891
27583,18089.440181950496
27584,44484.51629777786
27585,18277.193633021827
27586,5682.561269440812
27587,39404.95711585906
27588,43504.03070621771
27589,14384.729559392965
27590,2551.057872405391
27591,63008.74492049048
27592,82364.12648837703
27593,44897.02450584242
27594,64197.12034527971
27595,56194.354212331215
27596,82764.79655636521
27597,11739.17097409504
27598,19500.544692709063
27599,51318.11543702123
27600,6041.805217903817
27601,69093.92533490359
27602,44434.86546495303
27603,113046.51197571475
27604,86973.3657583994
27605,20662.70450790878
27606,30274.248694841306
27607,90553.22619019319
27608,6160.234815202541
27609,17849.80233134874
27610,167324.1502737045
27611,66943.35831485222
27612,11868.621115646925
27613,7867.061865612841
27614,26837.736299497195
27615,12092.828497312197
27616,4631.229315391585
27617,49596.7809280008
27618,24642.82947982082
27619,50740.5421811721
27620,31808.09235921145
27621,112143.63158456949
27622,28596.82848171604
27623,87350.45038556057
27624,75119.93071533252
27625,152151.48558003877
27626,125509.52984318548
27627,132874.23796579172
27628,12795.841296169694
27629,74877.33698536486
27630,3104.9797682775556
27631,42742.824677910176
27632,38268.127953781375
27633,9984.716005540762
27634,64090.52417406845
27635,21517.377108128938
27636,85056.94732282328
27637,13386.41810770255
27638,117560.96758880134
27639,44772.531956288454
27640,71463.13293461126
27641,5995.224470209647
27642,54356.52935323525
27643,21310.08556776526
27644,49917.77838755076
27645,27768.61335456893
27646,23147.723519084328
27647,24753.468118639896
27648,188012.34869381966
27649,36746.704529153176
27650,23598.9025599502
27651,38338.89371837549
27652,78950.41061300457
27653,24015.49700905946
27654,45956.28781365203
27655,75378.20231881527
27656,85209.47172642473
27657,205293.24227406646
27658,9385.543736038122
27659,18919.219373478914
27660,45496.06507600749
27661,61563.70361305018
27662,9078.917253041423
27663,42333.56862652593
27664,74515.14573230375
27665,43795.535117906955
27666,48184.37732522491
27667,86179.33027786145
27668,102647.1611129772
27669,42959.546964953646
27670,11485.917409325459
27671,12491.490234349812
27672,61604.73759874327
27673,37830.46946817081
27674,3197.708467992604
27675,23856.566303476582
27676,49245.719443004724
27677,4596.4375477355325
27678,50224.86785996488
27679,92307.61006090864
27680,90723.47109794854
27681,107166.40862332519
27682,11651.254167849957
27683,58985.5806151595
27684,36651.33298911933
27685,21273.840785446144
27686,74783.42851752293
27687,46416.248785903976
27688,49595.54915305317
27689,55128.0209371363
27690,48858.502342155334
27691,45595.15085011782
27692,105822.14041566904
27693,27270.88226977225
27694,12502.408570982676
27695,101047.56852947742
27696,2010.8869168393417
27697,8558.576080628554
27698,34511.09380255606
27699,56279.10091975733
27700,36256.035259009
27701,219488.76109228435
27702,10695.082424682292
27703,49177.542414187716
27704,58759.31883304757
27705,55924.520074589214
27706,49117.12736546549
27707,119477.72188551744
27708,40613.604471710096
27709,112555.88669498387
27710,80172.2965067978
27711,4695.918535992234
27712,116160.85370428972
27713,5592.453034554452
27714,142259.67493531524
27715,41433.92366219745
27716,252213.6475512855
27717,53098.47553690391
27718,96861.93958014756
27719,215058.34139599968
27720,59591.85410736662
27721,104631.36083836292
27722,34412.560818610655
27723,122310.41528419567
27724,50466.2029158125
27725,7889.206628166634
27726,35726.50727525852
27727,67429.58892994738
27728,23359.70997690413
27729,18124.18214256808
27730,22438.626797755733
27731,88810.36956909322
27732,138947.78370224757
27733,143422.94127980713
27734,149612.86243197974
27735,157676.7135084896
27736,72441.69620535338
27737,62338.129983107094
27738,128962.0896623386
27739,3696.3232598189447
27740,59403.55690226579
27741,98136.18492207148
27742,41688.222805474994
27743,146287.0633247113
27744,46287.3054723191
27745,53092.80384225588
27746,54804.16002042452
27747,5796.714205395597
27748,84139.53017395099
27749,59345.20938069955
27750,47126.915032817844
27751,90240.46039251392
27752,28287.18872571076
27753,81162.42892300748
27754,2034.537083175821
27755,60838.69314211445
27756,36113.95069843681
27757,10917.31773299201
27758,10556.343056839667
27759,37913.83497449596
27760,16985.65172684059
27761,24801.889206229345
27762,9457.320715696247
27763,4045.7998889292967
27764,42712.1059391424
27765,137373.5401279275
27766,46785.393476088124
27767,10957.040146809275
27768,22366.7918292719
27769,15195.470294901741
27770,71191.92835833218
27771,43299.31888911739
27772,85234.28948846336
27773,151371.716635207
27774,12010.275565503518
27775,183248.61761843352
27776,48843.668154328734
27777,26321.778250570398
27778,37472.16686333284
27779,96097.14989622861
27780,12031.506602872516
27781,55125.777787937615
27782,27725.966762260352
27783,88595.8432695231
27784,110761.41474199537
27785,60698.950424236216
27786,59282.797516992585
27787,86885.89963583452
27788,51575.43407027768
27789,45877.75764799553
27790,59819.878110644415
27791,64204.079747816286
27792,24070.672851156112
27793,35364.75881166043
27794,25714.32319259214
27795,202075.82318239482
27796,66093.9992288688
27797,67682.16055424754
27798,53243.79033298886
27799,49802.53977174394
27800,94679.27651888494
27801,22771.962763509604
27802,78278.00106516526
27803,2708.3715607800373
27804,77489.45251855697
27805,172946.7164040561
27806,92921.23917635741
27807,21456.367004007752
27808,63456.06868990215
27809,137448.0467883348
27810,24544.540575327363
27811,56684.4052489359
27812,71429.50029553601
27813,194994.9184590008
27814,10484.711791850446
27815,152769.82877861385
27816,89624.00085286783
27817,45602.04680294189
27818,82941.12542845194
27819,80705.52182659663
27820,30928.751978150474
27821,25579.415424349827
27822,41532.70749333905
27823,42073.56585901857
27824,49163.12498101853
27825,44379.772094341584
27826,38403.15664486511
27827,52849.706381393255
27828,2961.47508592181
27829,70033.34204060519
27830,51882.7093156575
27831,75952.12801444346
27832,40416.060698120484
27833,192605.1381630706
27834,31687.35004685848
27835,6113.752317390381
27836,38849.12299483244
27837,34727.265434240006
27838,6856.399003579591
27839,64485.70595810586
27840,75845.28729094884
27841,157373.00155234375
27842,40115.90567093675
27843,37278.98715417318
27844,48885.516411164914
27845,5594.3745556834165
27846,87466.018520909
27847,37303.349736944016
27848,51853.53759115678
27849,58442.70416452269
27850,65661.33171987385
27851,9180.13110655416
27852,28310.933109138765
27853,85708.26118309544
27854,41041.544461028425
27855,75982.03369927334
27856,100318.38620541408
27857,129062.1815270729
27858,81346.63502800165
27859,15372.879954892656
27860,65248.64689208025
27861,194239.2362180284
27862,42497.52745934166
27863,27778.914473117915
27864,111084.92490742724
27865,46747.71783565868
27866,38383.65178364342
27867,178541.00135674942
27868,147595.71247398198
27869,5286.493147879646
27870,50702.983294752994
27871,96353.30890682247
27872,111335.51934910979
27873,43760.63170104431
27874,25316.430884754154
27875,5078.7920027302725
27876,67449.25562499535
27877,40595.40807297972
27878,53641.76955538846
27879,75601.51724552475
27880,59930.7949953151
27881,2386.264951964753
27882,71915.22700372413
27883,86558.88866308413
27884,7281.436257173366
27885,49020.15668643128
27886,45076.33005660099
27887,86533.33629467017
27888,39886.23828846072
27889,63488.352750592414
27890,45395.31394821426
27891,16572.915569094694
27892,37912.45092871004
27893,219229.93305275895
27894,139267.43665693305
27895,90423.60249447769
27896,41941.655214243954
27897,151209.7861294273
27898,116483.29019836106
27899,95304.02765940428
27900,21176.54785571031
27901,35123.15488847867
27902,15673.039854551744
27903,40761.539213260054
27904,27460.330271070146
27905,11210.061923757024
27906,68108.56588405387
27907,23357.781860374744
27908,50732.46238169905
27909,167273.78084657024
27910,20489.020551889877
27911,107762.09442051976
27912,55847.17073048042
27913,10472.808162586856
27914,46611.91503620378
27915,11111.29730449424
27916,25388.031524277296
27917,66875.84113496539
27918,5847.441746582157
27919,49070.17072507272
27920,35091.31948198019
27921,23682.251171788495
27922,59697.335195407766
27923,54421.758378518774
27924,47593.2109073169
27925,118214.94932992701
27926,86269.0623405584
27927,148646.39045529676
27928,38671.28520648164
27929,28160.13455617522
27930,52134.4204659055
27931,89908.4874560723
27932,119660.59339416085
27933,61435.19610543171
27934,127841.56531572044
27935,200850.549758317
27936,9573.133661574248
27937,11153.777541311063
27938,49756.15934917384
27939,53218.741101426225
27940,141484.3607290234
27941,192046.1452416686
27942,71325.6378110096
27943,76532.8427988912
27944,70802.1592876828
27945,51032.59148895354
27946,51862.56053487082
27947,55316.30046188997
27948,70096.66165831096
27949,79232.62261260916
27950,95301.8447984954
27951,100831.559475253
27952,79620.32945382546
27953,88539.84139084583
27954,18747.865765986873
27955,97049.91598786076
27956,9872.123961295065
27957,85449.34999697737
27958,75405.42184482422
27959,81692.81708827126
27960,48178.77484048276
27961,7528.765746172687
27962,27177.11853237082
27963,62724.728230562585
27964,85656.00036240705
27965,60114.47639919844
27966,15560.008488832576
27967,46367.94359506368
27968,54393.17608687097
27969,16178.727488718134
27970,24258.157092380276
27971,204636.0604901126
27972,38203.54164633488
27973,45005.65694532845
27974,39650.39458950285
27975,46331.91746924254
27976,160533.75688507993
27977,118878.76481906832
27978,48863.79612790002
27979,92386.3159496679
27980,4983.551366915298
27981,54431.13706297083
27982,43911.42018286293
27983,89679.06601940065
27984,77723.00355230652
27985,105714.24545489732
27986,20908.61165146796
27987,15567.272796914642
27988,32543.95572736566
27989,161370.9166490315
27990,51566.45490551006
27991,55372.6045803071
27992,68286.19731012367
27993,216980.42588416275
27994,56198.82062392628
27995,90231.60011915678
27996,60402.576013392725
27997,126946.66129595648
27998,47727.62501760617
27999,13941.68004401643
28000,90621.6853328578
28001,68886.75965032389
28002,15864.86916942817
28003,24935.611417239463
28004,1631.72655284417
28005,73607.07241120203
28006,115269.02604486232
28007,6376.126272088768
28008,18732.64649675117
28009,29815.73075057976
28010,17066.065339085868
28011,45436.970775162656
28012,29131.52313975115
28013,196250.88786884292
28014,13253.79184149181
28015,62336.954424170544
28016,10824.32148229804
28017,46537.84047067951
28018,47347.5009703006
28019,60943.39822383757
28020,123771.87018371727
28021,36129.505385027216
28022,43360.556038824616
28023,54266.72518848704
28024,34688.89517784922
28025,120352.18398451102
28026,101101.26838633759
28027,66074.92692867732
28028,58148.486219750586
28029,36882.714660310754
28030,53277.8669565978
28031,6939.014095525635
28032,34617.894169122745
28033,69282.86198748184
28034,196292.91124695085
28035,78154.05241780875
28036,36206.1151048169
28037,34290.00058775047
28038,5119.7850993842685
28039,126882.64146758993
28040,24798.539722968508
28041,63234.739306596915
28042,65052.91069265127
28043,1218.032445752747
28044,190100.8169574203
28045,36951.193920852034
28046,62575.37934086936
28047,114568.08615699476
28048,38159.64495364746
28049,63885.98302398005
28050,43847.903820990476
28051,57060.89506196561
28052,80058.77144357182
28053,107397.54804823651
28054,27178.5172431649
28055,49430.530125629346
28056,8670.712938902563
28057,88971.3204363248
28058,56546.206362143035
28059,101530.50136891723
28060,82149.82050723862
28061,36566.82639860989
28062,56250.88284879407
28063,39918.88960062778
28064,69533.18522965627
28065,46389.741438297155
28066,113907.06077139729
28067,69534.04537876829
28068,6077.839337570361
28069,5736.331265346531
28070,36193.16422672462
28071,100828.01629721628
28072,26897.716190238832
28073,70075.79423643275
28074,36362.492555188444
28075,21340.295852416253
28076,50042.57533062624
28077,28688.091462069566
28078,57398.968648786795
28079,44769.2332547529
28080,65288.53259585154
28081,44689.79504269091
28082,139885.07538098437
28083,44405.29767318092
28084,84612.97317433065
28085,2570.504387186372
28086,114284.55937801136
28087,71433.4780197651
28088,122137.83889375158
28089,116575.24526458411
28090,50205.74273226198
28091,158316.47886807067
28092,104506.33500311151
28093,69541.01337996956
28094,23873.658429613595
28095,42045.77354312727
28096,49106.070652280665
28097,57028.74016175374
28098,108257.34254739663
28099,50703.3112518755
28100,31014.386356371408
28101,215305.03622358278
28102,117082.46181372153
28103,8048.142001921063
28104,25984.120718871145
28105,38873.981368490895
28106,38434.10227086286
28107,4161.068683602249
28108,197790.1929929196
28109,2271.9439158276145
28110,85693.15115151844
28111,43290.24263931341
28112,158772.14566925206
28113,89708.67267576333
28114,35427.18671958422
28115,2832.27235999763
28116,95877.68359701408
28117,24824.22387888787
28118,42642.541141304355
28119,70820.75579781136
28120,59539.641212422466
28121,96046.55654821487
28122,38332.48344495707
28123,81840.69751845804
28124,136253.50874771946
28125,86446.25086975242
28126,35112.15650274708
28127,18945.421517957864
28128,3231.4830305059786
28129,94393.91752562075
28130,239296.64178417498
28131,166898.04934884497
28132,18078.96796018634
28133,38387.257120474285
28134,75844.76135599364
28135,51187.81472725327
28136,146638.05896935266
28137,94942.81128206731
28138,4567.146985626831
28139,185825.83315249896
28140,37029.17449149639
28141,150723.8559945793
28142,52368.54253283532
28143,4337.0674490917145
28144,48303.97662026286
28145,7556.9618980170535
28146,89999.91666546879
28147,4490.679367092506
28148,116050.39645601729
28149,147497.98458576758
28150,27806.187186804014
28151,53927.43554545918
28152,23743.87805340712
28153,48230.92949081192
28154,42752.708889223635
28155,52480.65722565287
28156,106541.0732197211
28157,35771.68882589807
28158,11582.498939238145
28159,127866.4800266403
28160,115127.57462067783
28161,66707.91238399754
28162,97244.60052934824
28163,42394.663596887855
28164,5270.154099411155
28165,6702.875051586263
28166,25922.654886983684
28167,57676.29489472407
28168,66067.74002418599
28169,44159.99672441831
28170,4284.516955027202
28171,53209.26690491333
28172,59163.071404357644
28173,59628.303496580076
28174,44663.08352085071
28175,5851.574333198665
28176,97261.39177773219
28177,52951.21595987407
28178,36755.437277779354
28179,56450.03854865407
28180,47770.867150405364
28181,141228.91838921703
28182,101019.3849110696
28183,5238.8480449340095
28184,48881.27797374241
28185,78707.37227997277
28186,21037.014965024995
28187,7918.29971626741
28188,42192.18364905029
28189,13174.111848837429
28190,29435.14450039588
28191,41121.565228766405
28192,1808.7603085092585
28193,65458.41938271027
28194,47991.67409925173
28195,75378.95368249941
28196,51623.11061115043
28197,42981.06500822699
28198,64743.661165180434
28199,10341.814958757552
28200,46209.45510060353
28201,67758.08017315682
28202,87382.5400495956
28203,194134.92758428236
28204,22073.1442646571
28205,48642.76277238863
28206,42909.24091412846
28207,42787.010257237314
28208,2521.6944013436705
28209,11389.689462139677
28210,40831.71952137041
28211,84421.50292906052
28212,64870.79563667958
28213,22435.47852829747
28214,85636.40108479396
28215,125876.91584958359
28216,20194.07261682276
28217,60174.57916592073
28218,13538.122746337203
28219,12299.961601065886
28220,104824.47823222769
28221,72755.1479343469
28222,2455.3599867900207
28223,23481.514007406615
28224,40270.929259108554
28225,9458.815138634052
28226,134723.95484392557
28227,157026.01059344446
28228,19320.79043399974
28229,43666.013059005636
28230,4369.6706183385595
28231,122847.81323344276
28232,43000.75684852803
28233,52542.848453439154
28234,77426.59675597204
28235,72257.66257671463
28236,24157.05479217295
28237,88723.34548580027
28238,127777.02380098564
28239,77249.85922335692
28240,40407.932255380336
28241,67891.7363750765
28242,2223.936344443376
28243,44286.45196020359
28244,41062.94991055232
28245,5297.543032179807
28246,54612.2233670255
28247,39050.47804426989
28248,55203.11839231222
28249,10549.964619895794
28250,33959.15353704507
28251,1221.003428339836
28252,48109.53427385457
28253,133628.4153307828
28254,37591.71110507417
28255,101654.86427904601
28256,81027.42846830144
28257,52023.24013612543
28258,34001.492089708394
28259,61807.36735720754
28260,14346.646723230417
28261,48349.73899659262
28262,95699.01123339008
28263,51624.541787705
28264,184283.8544078971
28265,80218.1482554773
28266,50638.5842243663
28267,64700.56938485864
28268,40495.665643802226
28269,95443.73594922261
28270,121826.48263637177
28271,26653.13300312851
28272,63179.9343890064
28273,5314.864488881217
28274,59586.19251325535
28275,47306.00911729949
28276,36491.92965051925
28277,5333.5909531836205
28278,151221.84416059116
28279,64223.08525613898
28280,138046.11751505008
28281,4922.476756690357
28282,42711.4534085135
28283,120394.14818910653
28284,65238.7699175364
28285,81620.46879110104
28286,14064.624533908956
28287,38618.96284697347
28288,32183.78205400662
28289,10156.819787439354
28290,165610.52223085795
28291,89113.90601027157
28292,14530.442396615561
28293,17130.461955884013
28294,7021.141498886569
28295,4940.611242564298
28296,112289.83641736566
28297,47708.59242437609
28298,62179.579163888644
28299,12272.114083513183
28300,82648.02348209075
28301,47077.97190752294
28302,42617.186152536946
28303,5136.575837588569
28304,44923.11590715012
28305,36568.48237418556
28306,37345.25483065185
28307,117131.75016340376
28308,163332.1981161381
28309,103111.29424353899
28310,59001.05634566258
28311,59070.41845098186
28312,117126.77025712805
28313,28557.06348504207
28314,72456.40596072841
28315,64063.25000174754
28316,58934.45121360341
28317,131071.8202337577
28318,59929.96219933735
28319,74702.90818244322
28320,110580.71119934105
28321,50794.06685052774
28322,74421.91047843338
28323,6991.3978144480625
28324,83067.56472652388
28325,52998.35182929499
28326,35726.340838667515
28327,206895.08757069224
28328,149824.81451806094
28329,34701.404732169554
28330,59835.34031881278
28331,97197.20243031523
28332,23625.995673201764
28333,62756.659635293436
28334,252183.04072828637
28335,46327.520038003735
28336,42787.79488911871
28337,34182.46096241559
28338,4787.707076729385
28339,70613.69332588365
28340,14324.050588737744
28341,46992.382547772075
28342,125373.48512734896
28343,56040.857135959566
28344,46342.08723605838
28345,59540.25239814498
28346,66996.47930606801
28347,44293.88688788193
28348,70738.37812190846
28349,9569.58779032825
28350,35567.85461361664
28351,54995.260686879396
28352,12555.459438523874
28353,67645.00834927445
28354,42539.08123685976
28355,110721.91525902506
28356,6334.180515088875
28357,119163.35982144254
28358,42190.83444312918
28359,30897.900631855235
28360,108792.68916963165
28361,14217.811413666235
28362,5807.520965723184
28363,4057.0124699966873
28364,58578.99247978371
28365,57543.24763702104
28366,29269.28911164024
28367,4405.613080730244
28368,12314.707586934177
28369,37042.29742348616
28370,38989.81469580359
28371,83685.69976409836
28372,46423.30281883747
28373,142121.87905526411
28374,63655.68262895697
28375,60419.34507706652
28376,58162.56936114418
28377,5910.110520266341
28378,40137.311126188084
28379,41485.07048184917
28380,14807.578864500758
28381,85932.01860279529
28382,66260.1478061544
28383,176012.37032055674
28384,58435.71829332798
28385,43626.6384328185
28386,10374.457361785304
28387,42516.86715797981
28388,8214.378123564942
28389,5261.490042438181
28390,89362.71306375868
28391,3331.1846183587154
28392,39405.54055037675
28393,78305.86514302807
28394,19927.697954325315
28395,5740.727053594066
28396,61291.69814543575
28397,197812.75250133738
28398,61086.09084595876
28399,240124.8187557639
28400,1958.906624257514
28401,47682.57845499821
28402,14859.028146711853
28403,139438.5543559901
28404,31866.344940268573
28405,63096.99713725071
28406,50758.1132755731
28407,54648.032362148246
28408,224514.1586740238
28409,91973.81614253874
28410,71257.10145072745
28411,5116.1157245927325
28412,56698.16558279999
28413,9035.334189649213
28414,28058.4157946094
28415,28896.09824716447
28416,43517.876237946395
28417,7499.078838381359
28418,60591.612557152104
28419,140885.86385784837
28420,157732.49399192724
28421,2817.302437288771
28422,11837.878998401098
28423,8342.179472030402
28424,110275.90691589762
28425,54140.60094011519
28426,31047.100862167303
28427,55570.66820062716
28428,154555.53763096343
28429,61501.154271884465
28430,68471.87349554089
28431,42933.718045037975
28432,237708.46267745536
28433,19146.915130261827
28434,49677.407439114664
28435,62066.936922050416
28436,53268.59326163217
28437,8959.744778782364
28438,56096.9078779031
28439,59230.87059605214
28440,13139.847951242853
28441,32218.174391910754
28442,34398.720168962136
28443,39843.21196020545
28444,7146.3169437298075
28445,6116.332940871118
28446,24651.212741429135
28447,78363.5612778552
28448,8656.879717118407
28449,9904.633724010408
28450,42635.601901420996
28451,66097.07382143158
28452,43144.458354465736
28453,38741.0647902565
28454,112807.63231814305
28455,58982.431947245605
28456,154618.41015131073
28457,36124.53875401917
28458,115054.53241101473
28459,12088.050612076384
28460,42489.29244740052
28461,187929.76778061906
28462,9637.469873462434
28463,18523.876021637174
28464,103170.82287114099
28465,142052.0499179693
28466,61609.7411670684
28467,36459.25680580974
28468,25006.329153180002
28469,35065.12279913223
28470,39314.98334712093
28471,7121.48262815215
28472,40311.09718021917
28473,14428.71354431298
28474,53847.648648812305
28475,40305.684597781416
28476,36500.01720687886
28477,42918.2524579603
28478,41770.47478715007
28479,55743.499957308486
28480,58907.41958846443
28481,40294.56955123738
28482,86534.91902808176
28483,28381.29371247397
28484,82333.39310717354
28485,6402.234676887113
28486,33017.9776785466
28487,96619.27631040219
28488,3102.3368800591024
28489,80318.54211623683
28490,92155.19027414391
28491,43395.06932710374
28492,104783.38714527243
28493,48139.15867347049
28494,145339.11359023416
28495,54216.857940501206
28496,32406.97345807906
28497,57685.139488477944
28498,95319.71928770939
28499,10016.423988548939
28500,4136.1214265164135
28501,56736.41551366458
28502,46938.54269119477
28503,32798.09524400504
28504,11379.051338486966
28505,34466.602022924424
28506,62935.12828349277
28507,84117.83905594097
28508,58203.65374458042
28509,4714.866802754571
28510,160816.32098135733
28511,56058.26257605744
28512,63521.2738776668
28513,60146.3879283433
28514,19514.558459009542
28515,60922.85629229354
28516,43591.78729216387
28517,29901.635028267323
28518,9472.79037751288
28519,70573.67477412726
28520,4231.6249843911055
28521,46220.59874817073
28522,80785.83131181209
28523,74576.91946183442
28524,40351.11539281057
28525,11712.6708233367
28526,39053.27121940456
28527,37279.28869009388
28528,43446.562061772274
28529,5795.44283657904
28530,51662.696172409815
28531,30830.952494469653
28532,90005.09646750563
28533,18096.30043740355
28534,34572.96238346238
28535,18626.04805326932
28536,215496.14869055734
28537,70032.39423485954
28538,14419.063508192252
28539,119052.99151870768
28540,71346.06036225623
28541,11362.16038511183
28542,42802.42790210964
28543,6680.072968884243
28544,59613.464627570305
28545,30836.683885055798
28546,173613.81974581204
28547,44512.99867309145
28548,39953.13395396945
28549,58362.79497000961
28550,72687.6519478955
28551,82408.13320460495
28552,30289.27415205743
28553,52216.26853649563
28554,112036.25050365827
28555,8845.437728626932
28556,71030.00653224728
28557,5410.7487363079335
28558,78001.4798049765
28559,99117.73112729596
28560,36886.619893118856
28561,41277.980009364386
28562,77599.08660720594
28563,27690.80260178073
28564,68180.37614386063
28565,17629.338124328882
28566,18652.19071744205
28567,44697.014644625146
28568,69616.11385696467
28569,85364.41555236424
28570,120483.64707417245
28571,74023.92107461127
28572,32141.779790283625
28573,229919.09119798156
28574,38021.3561483508
28575,55581.41368326339
28576,20293.24012482891
28577,276771.2303578578
28578,148488.39147068522
28579,22710.604524194692
28580,101685.95189719887
28581,26230.528093138633
28582,75706.96016296482
28583,65236.1085031393
28584,49311.27443886549
28585,39963.38388382928
28586,40759.819668136486
28587,210012.03702699323
28588,80943.03616930309
28589,75976.16706668034
28590,159267.12533220096
28591,103518.99357240397
28592,50066.62618019652
28593,53819.13633225361
28594,42761.584239029915
28595,53182.94070979824
28596,252224.47556582827
28597,45910.27323749185
28598,171396.72247478302
28599,51498.789423118935
28600,48647.85142199551
28601,46713.370236681825
28602,11443.886323545954
28603,22578.462249106055
28604,2334.806956587291
28605,39557.16515088596
28606,5709.746326920575
28607,39045.15207534012
28608,160440.30881749498
28609,18605.26489028792
28610,46312.97170894413
28611,2691.2966574587863
28612,48788.56768408534
28613,39388.428038870756
28614,162608.4626283576
28615,96318.90550700578
28616,52494.88378408519
28617,8148.287402182243
28618,97116.45343785688
28619,55588.7940763246
28620,43317.17695508461
28621,31256.27896614842
28622,10684.713190659513
28623,8567.047119434465
28624,31959.2907041619
28625,48364.078321356894
28626,145683.18448281303
28627,144423.13428098877
28628,8147.131665876095
28629,58610.27267431237
28630,56166.80327253326
28631,52617.07435717731
28632,55909.6416110655
28633,118352.31515663104
28634,48013.28491339805
28635,40931.84250539917
28636,85477.17502155651
28637,85153.95935796268
28638,62654.05164027231
28639,46174.16061113126
28640,7758.567852165075
28641,70426.62895359656
28642,44832.156772549235
28643,171579.79905567924
28644,43181.0506010694
28645,74618.4623111467
28646,175892.89215441394
28647,56497.682877223066
28648,40096.289747307834
28649,34742.36436021021
28650,48099.74223112479
28651,74227.61932018794
28652,25241.0116192939
28653,57423.027262474025
28654,35305.194399096974
28655,66822.44412972123
28656,104216.45968478562
28657,69609.91483092743
28658,24056.831883644707
28659,69156.83451257128
28660,42147.06835370425
28661,120501.91436071563
28662,62104.206138753005
28663,36072.07450308191
28664,11814.270460454562
28665,57393.8345148227
28666,92903.36982977985
28667,42212.81736374859
28668,96935.47664872081
28669,56871.882464489005
28670,11071.737855621825
28671,194001.55183386448
28672,22692.36150929104
28673,37327.18341979609
28674,30991.05043529621
28675,118049.69025421518
28676,75416.75078415063
28677,9892.378284622582
28678,54663.04372408454
28679,19002.89985870671
28680,5468.780190775711
28681,98506.69069179345
28682,150153.95397250456
28683,10575.42996984162
28684,168610.7804804804
28685,188779.96829176627
28686,80243.17124555694
28687,72303.42776234346
28688,85349.68299013916
28689,227973.68543249005
28690,57934.39704842188
28691,38247.66028252061
28692,10160.508004276306
28693,20897.924763475952
28694,36828.195426295264
28695,52010.00098236643
28696,3036.4331193841163
28697,44079.555506727535
28698,22391.704363882025
28699,12649.313274862163
28700,68553.25998119396
28701,4920.979829874425
28702,32802.07281248227
28703,37495.88506983843
28704,62782.90560775114
28705,49475.617591011345
28706,74917.36095684211
28707,28844.521630083644
28708,42383.200946147925
28709,81156.07536177368
28710,13881.032619495933
28711,6820.00142083752
28712,142266.35141856963
28713,4401.269487751228
28714,52674.68730445533
28715,-2198.548341305416
28716,38813.38827543428
28717,29386.989563682037
28718,5804.457301935358
28719,41405.49088582499
28720,86445.71506904082
28721,8642.857735571652
28722,50543.49976198846
28723,47286.20138160021
28724,156061.98103363585
28725,22069.05011069581
28726,28532.893939997484
28727,43968.333318815945
28728,173789.2930410117
28729,3566.0920119590414
28730,22857.862034523183
28731,18739.750436905044
28732,201822.62447672593
28733,181110.27959617815
28734,78003.64934943964
28735,77465.00283255415
28736,197160.16518274424
28737,40754.27507508938
28738,32106.851506640392
28739,97890.22780299239
28740,38840.9465234194
28741,51559.88990992062
28742,54926.835894311516
28743,15136.694860432217
28744,54212.98459374399
28745,31480.15717873984
28746,45262.46692962263
28747,74213.89234041711
28748,72085.50884643274
28749,4850.903830582323
28750,41913.345210443214
28751,42582.073659311616
28752,35089.40758765406
28753,54621.88773958312
28754,47966.914737815605
28755,42424.30997213139
28756,74495.99446810137
28757,169463.99210045786
28758,32202.012972347744
28759,39554.795516838036
28760,113200.59942171068
28761,26435.878436139403
28762,6421.021887116883
28763,57026.7291110432
28764,81689.57739849179
28765,8530.203561025053
28766,52031.63916359724
28767,64078.46735948572
28768,42878.314187481286
28769,132992.51546508266
28770,177300.00598408235
28771,5470.809710032551
28772,91546.57814652551
28773,55499.48686696014
28774,49979.73443953022
28775,72119.65402886206
28776,16847.966222273615
28777,71597.18501521023
28778,34314.0539069059
28779,15941.027908713919
28780,62220.6077808884
28781,43919.41767458345
28782,84904.82126541321
28783,58523.152058992855
28784,20637.195936409476
28785,19562.34274783324
28786,4616.859539820838
28787,53554.10036456674
28788,5000.937545712448
28789,174089.41395047668
28790,42846.09859771451
28791,98086.81756760027
28792,55732.667269606616
28793,79506.233015658
28794,26399.43802339401
28795,41022.65688042616
28796,166281.46361533765
28797,30128.24927208584
28798,58589.56443635937
28799,46544.3951646884
28800,78887.58819007373
28801,42385.474956961785
28802,42873.402235826376
28803,142156.88290177635
28804,40222.8934064087
28805,225002.84785586386
28806,44242.742002032115
28807,50594.5917472497
28808,57763.65367660585
28809,1106.7329180435975
28810,54622.52873469289
28811,50156.06021646259
28812,133811.8210195199
28813,36672.02154916452
28814,37165.82134863266
28815,37512.989065117974
28816,228045.6646205896
28817,144873.21449532048
28818,160830.1399789163
28819,9847.442186162296
28820,84141.97461996756
28821,40722.826661569525
28822,30992.529340983478
28823,3037.486955120883
28824,4732.034421529872
28825,56958.91008456831
28826,30500.819958206732
28827,58328.738332679146
28828,75166.18152666629
28829,44489.647154458835
28830,23262.309208810017
28831,1911.069550818445
28832,29663.232853635043
28833,13526.214245592486
28834,39287.648777079216
28835,78931.0384591773
28836,2829.9902722439842
28837,26675.647939956765
28838,52950.73755772538
28839,51883.89890950798
28840,129044.96019974929
28841,14221.188768369055
28842,25532.945726965092
28843,44179.77454860438
28844,211079.56330344177
28845,9851.085130847267
28846,90805.96133711255
28847,143790.6183250372
28848,58203.80238777375
28849,38922.38058483751
28850,44497.35423220217
28851,77313.75510764061
28852,133723.95295920628
28853,3961.7925753971
28854,41312.30915022274
28855,43639.72852598192
28856,15775.416458029424
28857,83669.57739852714
28858,92151.40809806545
28859,43370.285977880674
28860,132168.9189177928
28861,58331.48774494633
28862,54376.23625367238
28863,26759.575239966493
28864,58328.758672979115
28865,40473.32760666946
28866,55397.27317086478
28867,31451.094975049855
28868,30811.079868383982
28869,59656.69837678488
28870,34834.20944452677
28871,2098.4881595413917
28872,51253.86298630063
28873,32304.744156619545
28874,65819.2303232535
28875,57256.46367310476
28876,83412.55417830465
28877,76628.60794194636
28878,39431.14720452134
28879,39634.862800728006
28880,24606.24405660066
28881,29991.984292945057
28882,77687.0205408112
28883,48029.257239979735
28884,29314.80429576305
28885,34109.67200233908
28886,49402.08297966777
28887,13596.279623146704
28888,2181.3549650972145
28889,10221.785871498447
28890,179702.10534424704
28891,101758.10146799228
28892,40722.653736057015
28893,34976.29763157235
28894,49135.63840900381
28895,83374.74257032164
28896,14948.468615954784
28897,81387.92245034069
28898,104645.88391093414
28899,29026.010867806322
28900,39732.4120618963
28901,47503.67218486226
28902,23029.95109067623
28903,130131.72151813841
28904,38730.70202984341
28905,68831.99662808195
28906,170890.82942926683
28907,110384.03067988009
28908,26472.875161574164
28909,125835.90867972438
28910,5191.366553841274
28911,183516.35741543837
28912,8121.155310641878
28913,52121.34316042768
28914,57833.138021448525
28915,169060.71447463817
28916,57729.61513970125
28917,127768.07638916376
28918,40599.45795775233
28919,51743.31920216301
28920,32197.739153191516
28921,33524.8277936814
28922,49103.91186346117
28923,64443.35193273507
28924,73536.1019625159
28925,31347.839964265717
28926,217817.7031338394
28927,37580.90472222399
28928,88945.36483120096
28929,121164.45595282615
28930,74722.34669887721
28931,89474.54452166446
28932,56368.91428482544
28933,146297.7953524033
28934,77507.71171533293
28935,27267.830466863892
28936,46828.901165297044
28937,16010.701629866719
28938,17421.440199476998
28939,5180.475167079547
28940,48699.344099000635
28941,94942.42211508399
28942,132512.47907830533
28943,25210.3455637118
28944,5759.7554379955645
28945,15901.761475159721
28946,27270.343773974382
28947,48681.722315659135
28948,4753.419253490706
28949,40673.01179842212
28950,99352.65625788501
28951,40480.58578796555
28952,43663.954697822526
28953,51126.53062286568
28954,4795.128592690349
28955,36294.6044353477
28956,209445.95662406384
28957,128240.36517858031
28958,10748.4043506182
28959,14635.359353931735
28960,59322.69506484669
28961,44513.82847201562
28962,129819.68547188041
28963,10615.004650042012
28964,53378.04406377597
28965,44754.043968444676
28966,36031.74088373957
28967,67888.73262863726
28968,47641.29163779397
28969,26638.43532480575
28970,59147.98940058317
28971,27676.850137688125
28972,32593.855908324473
28973,131352.52726962973
28974,85298.42988068062
28975,5278.792723512545
28976,73870.94194120518
28977,8542.583886920189
28978,48167.889103384565
28979,34687.31048790626
28980,31448.157956556086
28981,41260.058922955715
28982,72078.95338315336
28983,216847.2092681623
28984,124185.78177166448
28985,49778.59644049682
28986,128141.49461238529
28987,16372.192312584944
28988,41668.35379325192
28989,55992.0149466417
28990,56597.567405801885
28991,31014.14568976168
28992,147321.05174709667
28993,164903.39016514362
28994,70280.34297268106
28995,226803.00582572454
28996,1882.0250559894032
28997,59404.7824408114
28998,36979.350235469734
28999,71428.27003156411
29000,29638.562591125647
29001,116244.17961064435
29002,10461.23873022717
29003,66488.01978498885
29004,33924.46885159851
29005,169556.16586778313
29006,3454.4784512221695
29007,42652.83074642269
29008,61764.94022202921
29009,106394.60848311719
29010,49425.79179649027
29011,131801.91208955637
29012,9850.653958645778
29013,19687.721692298626
29014,273327.7917170402
29015,151613.47434963426
29016,49931.165944627115
29017,73219.56045293188
29018,58173.29134927644
29019,5333.392993023131
29020,51216.2747028241
29021,30154.598408461814
29022,48821.746129831095
29023,51021.959771852686
29024,9442.299414128433
29025,61676.073413910664
29026,62081.623495720625
29027,34955.680369204165
29028,14657.348451374732
29029,96646.87408190328
29030,12386.785530320802
29031,81260.00539466231
29032,73741.7766233698
29033,28465.717392601135
29034,5965.741221318798
29035,6385.2829383133685
29036,8189.582760260607
29037,59700.06859388985
29038,109239.56789473626
29039,40962.4585017542
29040,31579.51902241638
29041,37699.972911006626
29042,94159.42719959369
29043,13974.206275068063
29044,40135.47855506059
29045,172331.82932920413
29046,82495.36852735962
29047,62317.77735964344
29048,22052.463200847254
29049,54705.61190759528
29050,112315.35072399676
29051,112242.32937161559
29052,27999.62281716175
29053,41691.906756843404
29054,83439.28053002367
29055,125120.75582613195
29056,99719.19714311439
29057,23962.37375076152
29058,22521.05118843057
29059,51018.2604459155
29060,23696.173730739603
29061,36931.81194073552
29062,33909.107732143544
29063,37556.0329974009
29064,127238.77911388366
29065,99729.04099860323
29066,2990.5113285699776
29067,34411.376333620974
29068,8390.265790990428
29069,6561.39630525228
29070,66529.68855076026
29071,12764.551586685437
29072,35614.22071296127
29073,58678.896024884656
29074,107170.96359174655
29075,23608.931246482847
29076,51198.95098596953
29077,15821.0130000256
29078,40327.53599157003
29079,70042.52576826989
29080,81487.1500010261
29081,7384.829011972071
29082,47944.06067403629
29083,100516.20633048052
29084,31551.662219672453
29085,68926.40454288741
29086,171948.10524262761
29087,36590.555484271616
29088,7257.931129570956
29089,47247.885192387344
29090,43825.592701318994
29091,13782.55492943602
29092,120018.84745413998
29093,23867.99306756004
29094,40239.59007416861
29095,67796.66653423492
29096,10901.075664096741
29097,50952.268170166644
29098,11661.065140253035
29099,10930.341012640656
29100,260260.7807974871
29101,96263.84313012338
29102,68306.77097336565
29103,56297.85542874381
29104,38770.502802010975
29105,109055.75049783394
29106,60764.741583137555
29107,110635.79769634147
29108,9309.23921977833
29109,97566.09655705414
29110,68900.94344218756
29111,57564.36836135632
29112,74458.58288314985
29113,27869.931952789128
29114,8254.987857445481
29115,48045.59596219354
29116,112585.61907442639
29117,51413.75054199607
29118,10742.53297450484
29119,22204.07088710885
29120,55788.203010964084
29121,52572.466919082275
29122,42814.17878477384
29123,32733.709419316838
29124,40750.21531640745
29125,71436.67571142175
29126,146528.620743634
29127,50594.80871126416
29128,60312.66340491663
29129,64063.1849918724
29130,49208.863807387796
29131,4183.166624399019
29132,46368.98319623976
29133,33620.49696048245
29134,11429.097079214183
29135,113304.8187521096
29136,2109.0812334227844
29137,30987.462459859747
29138,47452.80055228807
29139,37416.68008844421
29140,39325.01549424855
29141,77460.03929397796
29142,47881.764305587494
29143,208028.40528865863
29144,10812.148947028449
29145,126855.02990750915
29146,42840.13149244503
29147,72908.91694250272
29148,99879.6017033527
29149,102922.56116878446
29150,8180.238252635405
29151,55206.121289718736
29152,142873.9323808132
29153,53540.747004715886
29154,49853.98657116063
29155,12339.545763681468
29156,17434.265192940766
29157,38729.70723185397
29158,22006.52071598419
29159,51262.23525413759
29160,43670.98573041746
29161,66140.45487162603
29162,72003.7792683315
29163,27253.434615154754
29164,150857.598791771
29165,95041.75709928728
29166,59393.02304339919
29167,96014.89945649037
29168,3308.040102883628
29169,51083.296073429505
29170,64131.79415174709
29171,76589.47790506404
29172,59501.76655279134
29173,58943.62868154575
29174,22933.257125507673
29175,10197.94146129851
29176,12532.89225331867
29177,48631.403087602564
29178,2005.9099124787783
29179,51698.26852658247
29180,82801.80695343498
29181,36799.249093989354
29182,50518.98064095215
29183,31847.840109566972
29184,84862.4023174391
29185,50137.874639549664
29186,124540.03878969092
29187,124319.29890077356
29188,7213.830957329234
29189,42577.32301303995
29190,37340.62985939711
29191,71902.91001770046
29192,14271.255358456103
29193,32528.801031444695
29194,112940.01570937077
29195,21505.593139749322
29196,27679.94399663359
29197,121705.0682836884
29198,45551.07928316516
29199,56719.24368290372
29200,56513.54282760673
29201,129195.3898582552
29202,47371.01544178226
29203,42671.61683733174
29204,19223.55922844532
29205,39963.65175023416
29206,65210.02501985577
29207,28536.93271243293
29208,45113.81967978408
29209,75393.48488233765
29210,26137.299367355983
29211,65077.0167650654
29212,12523.867630083741
29213,54530.62709418198
29214,28821.287283063546
29215,7791.745725768137
29216,66764.47008453285
29217,76813.59568433756
29218,89833.39069488348
29219,40132.09568887727
29220,16859.2893153289
29221,5466.6346370343745
29222,112188.67041228937
29223,77953.04495616055
29224,15419.617924334281
29225,34897.30016969201
29226,36803.052146705726
29227,41956.79109196503
29228,53149.131881947564
29229,53745.67052641159
29230,3737.5745323410165
29231,61250.86743039249
29232,4235.337930133097
29233,52276.56450305738
29234,79354.92459709663
29235,93968.31194964395
29236,64769.39903624168
29237,97941.2261726403
29238,110341.83555416876
29239,41296.04689240636
29240,82280.0161790103
29241,32300.89791091033
29242,27422.77754671578
29243,63102.26306969911
29244,26302.608983643895
29245,68316.70652293442
29246,127644.5236985743
29247,31979.762860174633
29248,47719.14545826789
29249,61347.51364865473
29250,84514.09559295657
29251,32357.321934664156
29252,4340.834127181082
29253,108812.01366773019
29254,38665.70867637043
29255,31322.484108910285
29256,13340.046178984143
29257,114458.7682375881
29258,2404.78301483175
29259,168961.06142189444
29260,85259.4524722343
29261,178020.3852479907
29262,14520.214710304135
29263,70923.92839711161
29264,59026.29651308118
29265,44296.89308487458
29266,12953.892656510685
29267,39305.164889701664
29268,11191.073851813378
29269,43348.97050235812
29270,8807.992839735336
29271,96165.54448730299
29272,50419.273999393015
29273,30298.33839981012
29274,56731.849855393186
29275,55952.69318261573
29276,35581.63144534184
29277,132968.89150294935
29278,45189.199368900074
29279,24703.17857654387
29280,50527.114431657465
29281,36307.44399550064
29282,273306.4014078264
29283,57234.391431188145
29284,16497.561265396347
29285,151355.9743083444
29286,39770.33022856215
29287,174086.15637731706
29288,5541.170212749984
29289,174895.58896603246
29290,26756.174251517426
29291,51966.37787041722
29292,2598.027547998248
29293,120450.72369161034
29294,93776.01864855959
29295,45081.6229483994
29296,8894.11897838826
29297,2694.4682574638173
29298,47635.218370624694
29299,43424.919561691786
29300,28635.366643794456
29301,55138.02502821662
29302,65829.7961282498
29303,149859.62363842694
29304,9437.514002314614
29305,69778.54683901765
29306,29037.399774456208
29307,55340.039573982416
29308,6320.227056192672
29309,69612.26874847637
29310,46111.58671557723
29311,52858.662397509834
29312,22234.37821295449
29313,73988.37564036329
29314,128795.68450765136
29315,96473.27463079717
29316,12737.825066818037
29317,188485.73460975513
29318,8065.623443613351
29319,47473.86713536755
29320,41989.20130853081
29321,5809.1325207222535
29322,28135.187265133052
29323,23401.751307944247
29324,165936.81649064057
29325,3732.0840304848116
29326,100111.03288114976
29327,41025.89615411181
29328,76020.53668075733
29329,147570.5133950307
29330,49775.00516254464
29331,132065.42132824144
29332,22582.242654183763
29333,198141.78073591966
29334,42100.95334496518
29335,53842.78725529167
29336,52565.460836149156
29337,53814.74097603878
29338,109910.28775918705
29339,3239.4802835302144
29340,100176.1560827555
29341,20807.83025496799
29342,63464.62916223662
29343,275127.3790513228
29344,40363.54152371555
29345,5741.068107610982
29346,19182.43050475122
29347,5645.773320044981
29348,161172.6560669813
29349,96321.97399962871
29350,33798.83213152404
29351,40014.67065100907
29352,111673.73707923174
29353,61036.341142134035
29354,60585.77399131788
29355,36965.68587582381
29356,148450.01053081432
29357,39803.557177423965
29358,66266.59291728844
29359,124625.73580126662
29360,56911.361354325534
29361,52415.55502307901
29362,38340.96902232721
29363,82427.31505069458
29364,25867.85147523449
29365,92151.07678093335
29366,56336.28258188823
29367,10653.539702095555
29368,33621.76882288419
29369,46676.03178261988
29370,76891.67139317734
29371,109536.44938764586
29372,62523.90741262535
29373,56439.37161192574
29374,36222.48569303531
29375,31536.29654487325
29376,59314.15065106554
29377,78733.87134099271
29378,66725.07313753215
29379,32829.412456121245
29380,51740.792011224745
29381,2303.907663394594
29382,31840.66541869981
29383,32982.91760003125
29384,90566.30499583528
29385,33391.3706798496
29386,118479.33726103845
29387,5682.624179083871
29388,67740.55135955538
29389,10655.202478658215
29390,252756.51374670264
29391,57425.027801883225
29392,69270.13744962566
29393,166483.49977941936
29394,3360.5585127639342
29395,2424.807550715275
29396,67870.57386424803
29397,48732.43284785326
29398,71069.50635215509
29399,49341.27257430601
29400,8320.764594908016
29401,66377.5498519156
29402,40076.6913193327
29403,4153.141834268425
29404,64421.65790132311
29405,4528.23167055425
29406,62369.36150823259
29407,64383.342365940574
29408,14054.425968788632
29409,41163.121199575624
29410,4281.88319317892
29411,79787.11205873951
29412,32415.93419875214
29413,105387.6418743946
29414,75955.83346346136
29415,10831.98554849228
29416,109167.50300647168
29417,25335.66967115016
29418,45566.82510401716
29419,45315.1925248402
29420,72750.2697010995
29421,12549.177115554749
29422,12923.596688026659
29423,61247.748008720235
29424,53399.92606508512
29425,73206.57537389
29426,39134.52489323478
29427,29726.729879548537
29428,6870.650204196156
29429,21432.54294546232
29430,46888.39432442053
29431,74642.25060459366
29432,45636.749438336505
29433,122909.47414923637
29434,47603.61466562174
29435,43381.089008871604
29436,100074.40196570313
29437,36849.36577752134
29438,37860.338614129134
29439,27545.331376976388
29440,24781.79326305236
29441,178576.05232945
29442,185040.88485284924
29443,122899.6108639262
29444,56480.64892605922
29445,211441.98589734064
29446,61350.25193289676
29447,130771.4896343568
29448,102935.15706659363
29449,125970.38818016728
29450,69577.12354736954
29451,49631.45585040102
29452,40247.80298335393
29453,33638.692506349726
29454,48800.37981382851
29455,134716.4983747458
29456,116064.13130082333
29457,43940.893500398604
29458,45428.08566768404
29459,53670.64793038086
29460,21938.754977425582
29461,6238.437552615331
29462,49384.534686390565
29463,47570.655799965556
29464,15555.114022797532
29465,41542.49914055188
29466,40826.23315896942
29467,26622.120715843903
29468,61114.66996664308
29469,82949.31368609735
29470,48746.47811625759
29471,13544.82603290474
29472,40473.913913300195
29473,64989.219466281975
29474,24997.24492431507
29475,76215.88835544902
29476,181151.99068215358
29477,41538.75122081181
29478,65189.98420643707
29479,40061.34687856261
29480,88271.30234746738
29481,16629.795278010428
29482,26569.74715918052
29483,4493.9889670241655
29484,42379.1488706351
29485,42116.53027823364
29486,47278.44376245844
29487,220559.01258682026
29488,41096.982718126965
29489,138507.58884890436
29490,21957.741647753304
29491,40066.989737607415
29492,37438.34839154023
29493,7549.0232138666
29494,146264.89035002363
29495,31004.077930052386
29496,77946.67349021124
29497,148853.15490066752
29498,38991.3882051582
29499,140842.23546382136
29500,63370.53780662664
29501,48137.12193326597
29502,68702.72926771193
29503,65544.47343532003
29504,132098.27693028637
29505,38240.50779627838
29506,42689.392981073324
29507,248060.2697299678
29508,39038.91920718861
29509,59738.4348124277
29510,7279.92661419956
29511,167291.65030684794
29512,30655.249005804577
29513,100851.60244355437
29514,26419.678872170894
29515,68941.7518835763
29516,60679.489058433246
29517,47562.66787170935
29518,24090.822918234113
29519,64999.269645767126
29520,24042.777468954828
29521,25425.374329177383
29522,41566.68438173546
29523,71892.04114125627
29524,72575.66833417777
29525,75597.67867360036
29526,147936.3023808027
29527,46363.85757513226
29528,31748.298171444876
29529,21640.289679745765
29530,19471.202053831083
29531,92027.06215316273
29532,37934.14301270938
29533,94919.19771753783
29534,187238.3908893266
29535,14885.057052325028
29536,193678.62065477105
29537,157384.71066610937
29538,47065.081854073425
29539,58731.48811815745
29540,11283.924276848558
29541,53230.76518092543
29542,50687.05903305339
29543,102115.63697873495
29544,61178.45252507661
29545,62238.596025446015
29546,4014.4736886377727
29547,16504.565940374912
29548,56320.26595411078
29549,54391.46858905003
29550,46568.062971930056
29551,39907.163938857484
29552,78549.55240645532
29553,76578.1394338373
29554,26615.39430522451
29555,64849.8271189366
29556,167605.66923730852
29557,142984.88697472104
29558,81973.61584413472
29559,58082.09940948472
29560,108706.83542595454
29561,73904.97921013356
29562,40839.26173360591
29563,181598.9241640518
29564,33867.59039457398
29565,74321.22083947825
29566,44530.59924179564
29567,42748.371676977105
29568,56660.43987280906
29569,18172.738234705277
29570,102908.56551801672
29571,151608.086326926
29572,4618.182067066551
29573,17550.458826222213
29574,47840.61981805193
29575,276013.40146850713
29576,50996.13597005427
29577,42428.85677467015
29578,56717.420047522144
29579,38163.0076364479
29580,6757.632747010334
29581,50676.62450373726
29582,25811.820345274642
29583,34667.027507886785
29584,38159.417824454635
29585,58568.24940472576
29586,58183.044451133865
29587,4009.805363214257
29588,85205.213642299
29589,18354.973573072515
29590,22964.97484120115
29591,50360.870066717296
29592,72859.81831654956
29593,10929.56469031903
29594,45368.58684304875
29595,74793.54028299506
29596,44902.304620208066
29597,37838.67741542701
29598,59662.3682393941
29599,31036.55028962768
29600,17547.19034075153
29601,147389.65349078338
29602,39772.34150497338
29603,190684.75615534396
29604,73599.85551788696
29605,49295.42734625258
29606,183803.0393184519
29607,44908.63733020707
29608,30254.288830870697
29609,68746.84203562522
29610,23164.87547841387
29611,80451.1844561577
29612,25484.83498375481
29613,85968.65505398742
29614,51239.08592638709
29615,49631.83292306983
29616,42694.9997515142
29617,84582.16690877466
29618,53562.43786827297
29619,39431.941150589475
29620,80484.28006767051
29621,30413.97573090556
29622,156684.76189472666
29623,9019.967258400562
29624,62336.7943575082
29625,48266.70716651571
29626,7702.604705167706
29627,58134.46931505258
29628,63666.10393208206
29629,33423.836080623834
29630,46621.90278640345
29631,169471.46988677775
29632,18937.887363233433
29633,66701.51870348795
29634,40838.32125594011
29635,101852.21054724885
29636,123811.9065782693
29637,44175.58407425707
29638,59054.360651134244
29639,53368.79907656012
29640,129600.31345259472
29641,72988.91785197593
29642,40823.22261680272
29643,28838.85429092937
29644,20145.45909803307
29645,116746.75940910952
29646,41616.35069467198
29647,175732.99468564804
29648,41383.69020222333
29649,38237.84084663517
29650,97877.95677186512
29651,12646.496801434712
29652,51669.966227749595
29653,55699.5788262896
29654,101914.28028939023
29655,56762.58618702438
29656,14471.367339731587
29657,46196.50645143243
29658,38207.159130981796
29659,78493.04112459446
29660,18911.823282814028
29661,40976.97021666784
29662,75740.34013513809
29663,44026.89227081922
29664,46456.91274212105
29665,46426.38409227222
29666,118700.26314710366
29667,48243.574300528155
29668,30099.795188238004
29669,74379.16028541306
29670,34678.81456256198
29671,40125.756194605034
29672,81283.82061586798
29673,123310.86448970195
29674,92247.86525685151
29675,92085.97638074955
29676,46571.53349720029
29677,8945.135075808092
29678,42341.5673452998
29679,57339.81207459804
29680,42109.722478984586
29681,9130.241320689967
29682,26890.7121433992
29683,44066.8546958704
29684,53763.71173509725
29685,29850.133804735826
29686,32424.849095192745
29687,5987.972560109607
29688,51593.49794326958
29689,58289.65960277887
29690,42801.93004019061
29691,71438.33089050608
29692,111642.63034433589
29693,87310.99844764815
29694,25855.987788837134
29695,41964.15698737272
29696,57449.118595240536
29697,90445.77596380773
29698,100158.87801923681
29699,109829.68275121764
29700,52279.76911116348
29701,218164.19605652563
29702,53676.59696842536
29703,24974.948506077573
29704,40584.96031858926
29705,49196.012089966454
29706,29363.467146225776
29707,1191.5845108403666
29708,53288.300050945916
29709,10847.633986199493
29710,94832.3342343356
29711,117205.93482167948
29712,5182.519025425736
29713,51408.71730564566
29714,19452.00849282769
29715,10432.015362701432
29716,36060.106313519595
29717,15967.291681443654
29718,191625.9126570236
29719,48843.51065016898
29720,40494.275917637424
29721,89208.16545862399
29722,43183.27333825666
29723,7327.027868401326
29724,40830.71354261219
29725,22484.782816592095
29726,21873.758642860725
29727,65505.55698432195
29728,66345.2571573587
29729,68236.22935621877
29730,10291.286948950848
29731,38947.72075849165
29732,53948.00084120364
29733,11849.554438882067
29734,42518.88155286627
29735,171558.9525456991
29736,137936.63005919743
29737,41832.382157596956
29738,23222.57731797974
29739,132441.68289905592
29740,42179.915450790046
29741,148532.80139413796
29742,25648.035243904644
29743,11442.835290071478
29744,44792.93554139975
29745,4355.632503647595
29746,7877.907871132522
29747,101191.62669648591
29748,55591.92472102375
29749,99194.0915945055
29750,176839.35491608432
29751,65592.22022932925
29752,4491.144432134982
29753,10821.36476001541
29754,153490.55363205206
29755,41771.77864629923
29756,202807.5757101121
29757,19945.844874690767
29758,48102.8328013841
29759,46675.4843272678
29760,39246.607903870005
29761,82119.06087525046
29762,213295.00150285466
29763,30150.250300721902
29764,44593.14975795921
29765,36763.05066846963
29766,39539.24051155383
29767,94864.58752125426
29768,53463.37160759408
29769,49667.87163120517
29770,79169.35859470005
29771,50862.12728488504
29772,55330.65995564301
29773,50527.37165300354
29774,56913.28272924948
29775,6413.990011067115
29776,55871.015193102336
29777,64166.65232838798
29778,133341.30648207612
29779,59767.22527694503
29780,12371.862555950285
29781,52808.50179055542
29782,29529.598783828365
29783,132844.33554191177
29784,64115.606339253936
29785,115875.49447430584
29786,154487.05282642008
29787,11832.752169958794
29788,4882.439515583652
29789,47428.8196987182
29790,122511.61443425006
29791,37843.41661259419
29792,221458.24836545857
29793,33710.75489599189
29794,9325.604797137232
29795,47277.18088639232
29796,28118.64161333746
29797,34685.92847368976
29798,44142.86009956149
29799,49688.22796486807
29800,47285.14115980065
29801,54961.874933904364
29802,80000.47536537383
29803,41067.95809224314
29804,24534.949251432394
29805,56327.76567695096
29806,39146.05010903271
29807,21088.938412571228
29808,46149.407730744606
29809,57669.94971624564
29810,100829.91694739004
29811,5265.779774710392
29812,3776.8348443886302
29813,235420.7497775122
29814,14704.137521410987
29815,77637.6343193002
29816,63989.58987096712
29817,5451.515096847175
29818,56935.05690597626
29819,39914.44364674053
29820,8882.292444889852
29821,173812.98227685143
29822,78237.6166214483
29823,88832.56418621524
29824,135942.76941867976
29825,28023.036424205016
29826,172500.8004223241
29827,40784.88672922218
29828,140120.0926924477
29829,41202.37629081588
29830,4205.285361258674
29831,46788.951467574625
29832,88192.16000562804
29833,55538.21649855472
29834,8347.964988517744
29835,95331.55067307131
29836,41309.40831170039
29837,37765.61708300836
29838,46681.87311129943
29839,29736.446093361603
29840,22084.231749123388
29841,25269.207970988806
29842,47609.30533389111
29843,35822.57945991799
29844,33252.192974300226
29845,52975.05079993631
29846,40051.49177977504
29847,74209.35398720122
29848,51681.26357024263
29849,23789.1850128414
29850,12767.814376940969
29851,34173.24286675791
29852,49104.367108901715
29853,10812.522195037147
29854,45553.09405892655
29855,74309.38240753705
29856,69293.88859880703
29857,30490.68617086126
29858,31451.044676051573
29859,9797.500490447459
29860,56069.81624048326
29861,33185.11474207421
29862,44117.8974714679
29863,67247.10506375547
29864,22078.08896689099
29865,100587.48727508349
29866,106079.15601450509
29867,78561.78945638686
29868,45531.95781735478
29869,25286.566718216087
29870,7554.919678496211
29871,30715.310162851958
29872,63940.687615214585
29873,39577.67196375863
29874,154741.1361242782
29875,7507.549700633165
29876,59678.52164841279
29877,61088.95555334489
29878,101837.05980882821
29879,19465.03750083343
29880,47083.512285373974
29881,80208.56849068849
29882,80766.84165909194
29883,150422.7437632482
29884,34029.21370917353
29885,31876.05845291586
29886,69534.41639775099
29887,67657.18640479627
29888,62594.442808997366
29889,47860.049978665964
29890,56694.31794141041
29891,21098.925404693862
29892,53789.19837947398
29893,239517.63657080187
29894,43813.482856507435
29895,12061.260426092906
29896,27627.984965603417
29897,87091.54942543467
29898,98775.53025445247
29899,53810.844764949834
29900,37132.19573669375
29901,77917.33157368323
29902,37552.48607199161
29903,140117.7142295581
29904,184241.14719650405
29905,11813.43985257132
29906,68974.66069966076
29907,11029.018199395066
29908,50696.881863671355
29909,154594.74345683996
29910,38278.460756452776
29911,63688.630045950966
29912,35424.43909800653
29913,6145.769535840909
29914,5943.176270121795
29915,50647.55486955269
29916,56744.599711050396
29917,104930.59156031703
29918,70911.02165167728
29919,33792.66539763817
29920,4129.819604573893
29921,63763.730855330425
29922,49116.00741637066
29923,134260.9518719493
29924,24598.235746203645
29925,39801.28290076958
29926,206772.66909447825
29927,4661.98097161515
29928,202249.71393781935
29929,165214.20486084407
29930,131918.98294862633
29931,4596.247529191741
29932,143960.621732519
29933,48192.04594238795
29934,99834.93571214106
29935,54507.87146974259
29936,74973.53091824264
29937,107335.60499579579
29938,40091.12590396256
29939,44399.28495778482
29940,38365.03557487377
29941,55123.73453262219
29942,90108.91960372245
29943,46488.438346545976
29944,35128.910869520376
29945,62109.75444926688
29946,68913.36450052247
29947,24728.747600242474
29948,10648.646245837024
29949,57681.30659217828
29950,6384.5149449589235
29951,108832.9734400403
29952,18265.107647500146
29953,39958.85192780925
29954,5765.490104617383
29955,50928.44711480629
29956,114156.73561621255
29957,77177.60524929322
29958,26806.29963232774
29959,8108.453627026973
29960,81484.8357985707
29961,38183.227711375825
29962,15947.007064175958
29963,44905.490418158726
29964,51239.47871069355
29965,157205.8052972245
29966,47351.50730161029
29967,54432.60062215324
29968,11254.593095096485
29969,14867.25244272864
29970,57285.92458918223
29971,62191.69556826803
29972,52142.12410017994
29973,59545.12528413679
29974,4543.645294295671
29975,49213.06004323063
29976,40881.43511277492
29977,7251.289010591217
29978,36927.91806615459
29979,114382.5480245645
29980,101107.6635167401
29981,21146.079604153652
29982,4386.96723357491
29983,48870.83501775992
29984,54666.10722867855
29985,38532.12519305025
29986,119813.33069229027
29987,94746.85514312892
29988,30312.174347489385
29989,46516.08974013913
29990,78342.22547817811
29991,122376.52828685293
29992,116122.3857976727
29993,160576.62530372784
29994,40365.12638672117
29995,202889.45893533036
29996,13932.09531816974
29997,34314.77107009227
29998,45393.66783762343
29999,124411.63088609531
30000,238772.739671347
30001,18266.096938228264
30002,36807.49196987995
30003,69343.69220810004
30004,45579.08259394779
30005,44308.801286937465
30006,42421.79190435778
30007,11595.796507327092
30008,12830.057256067463
30009,67706.32809402798
30010,52817.121860534535
30011,36138.24211780978
30012,70325.76853975651
30013,10655.635623115237
30014,48280.94745637719
30015,4647.13722589484
30016,50912.417205294485
30017,17085.648916381484
30018,162921.90888830987
30019,154153.89146000988
30020,39151.968514598135
30021,26246.367413256303
30022,53395.14835409402
30023,3474.448759695859
30024,51318.89193986489
30025,85938.21096648755
30026,63754.86698263369
30027,36470.6804844721
30028,54398.54732070786
30029,179679.6338944417
30030,16436.53275534439
30031,125354.8365654293
30032,56801.13936665663
30033,2716.0169523430304
30034,112706.46388550571
30035,2259.8006802466953
30036,41928.3966942679
30037,207207.94726098128
30038,33591.50517750988
30039,42857.63759687492
30040,37076.40424599723
30041,32034.660580785945
30042,3284.9600789061656
30043,64154.66009525678
30044,159186.75139398107
30045,72623.95587772847
30046,1852.6094028567022
30047,80074.2513214939
30048,70980.58596832251
30049,67703.15873209096
30050,41353.480397063155
30051,53748.19244612631
30052,44577.48810458761
30053,105561.48701573427
30054,50148.58667148942
30055,44254.35586676262
30056,7432.809545925897
30057,84078.93165360174
30058,146588.78889161625
30059,51082.87627553708
30060,66020.58113649074
30061,41107.225172693055
30062,49283.923970086675
30063,39336.60063656885
30064,60949.718472728644
30065,45180.93275106658
30066,33003.84668228935
30067,77945.29247103666
30068,1296.2541022114797
30069,32439.870280982745
30070,49170.49927763673
30071,75977.09236006116
30072,68833.95733101081
30073,53520.81580237734
30074,92988.15928335451
30075,117628.87733565415
30076,106781.65999330132
30077,53936.49401196355
30078,85158.93118080721
30079,209091.15002417567
30080,107034.24007057936
30081,182960.17313587444
30082,46830.52620183664
30083,112416.21280014256
30084,40267.45534985238
30085,44749.957242481774
30086,31896.2089338844
30087,22209.681093051688
30088,73094.76007777864
30089,30499.5327755127
30090,53223.127330362586
30091,127601.64976342423
30092,6256.004188616148
30093,146414.422541036
30094,86108.64524109205
30095,115258.07117077432
30096,182779.2853726241
30097,20836.07148194928
30098,19785.27446140371
30099,160140.46807914425
30100,43319.332912947444
30101,76837.43275892123
30102,55861.049642704835
30103,2019.7928646942396
30104,41115.16758036332
30105,161970.15993050826
30106,75493.63692606891
30107,67237.9946670396
30108,23173.15521890938
30109,128044.98114520375
30110,121498.9587974377
30111,275085.61587726837
30112,44071.705693226446
30113,4452.481441356364
30114,5505.968450143182
30115,38157.98482580487
30116,95598.57757463146
30117,67171.05589811242
30118,104686.97193087611
30119,157001.9886759307
30120,44840.92335498055
30121,36333.67209856812
30122,4858.830816974494
30123,39561.008218665025
30124,71931.44224919782
30125,206306.0996688401
30126,63736.41681668197
30127,2772.9178256163195
30128,24495.235444640217
30129,12126.666312658988
30130,67010.21639628673
30131,11447.4282013847
30132,62206.816675757036
30133,53160.42824385731
30134,26804.95063111249
30135,59781.89674286531
30136,41839.88470339653
30137,83319.52110483192
30138,41090.23479793654
30139,34600.75964162667
30140,50901.97496429977
30141,69268.84046314347
30142,89611.83809043985
30143,113728.21588729559
30144,84063.25109325266
30145,64256.29110946659
30146,52873.94860273958
30147,70384.74500795318
30148,62794.97079493934
30149,5388.772910382502
30150,11508.928019982126
30151,158665.5737958413
30152,40093.16279673827
30153,61998.99254511911
30154,24791.71942321648
30155,7698.913028946513
30156,2843.2295687184505
30157,9982.330206073126
30158,41198.4939900983
30159,39395.12085862063
30160,64228.412254878946
30161,52155.457517044415
30162,184429.8580832339
30163,151020.45401033325
30164,37529.69921102214
30165,57731.33867540886
30166,78611.17624065645
30167,181995.80382822224
30168,81046.7087492633
30169,191325.04164917837
30170,55382.577988692705
30171,41104.1621832885
30172,95084.25403419716
30173,159786.14016204997
30174,200844.02886226302
30175,18756.60303935822
30176,3237.201656963524
30177,117191.62176612022
30178,46775.57611126731
30179,16888.869319552257
30180,20736.720147445936
30181,129792.95759218704
30182,35504.342489051785
30183,45222.31856132053
30184,78201.03790789365
30185,59170.04954897935
30186,42804.652098515806
30187,54360.16106117075
30188,39125.28030473313
30189,15247.110851801423
30190,2485.5570845710827
30191,66218.00683335122
30192,53233.16738176495
30193,44853.53542702913
30194,61006.11153242511
30195,39502.1224961967
30196,64194.433650219165
30197,30601.18656804184
30198,75145.71556346206
30199,20019.86998399177
30200,30297.724348527696
30201,52953.072004036505
30202,15324.493250043251
30203,84117.89638282867
30204,36806.18995684663
30205,13611.081296739985
30206,12710.17164967173
30207,45100.8295559864
30208,27356.529219056378
30209,7769.125136025425
30210,79906.04584817024
30211,80614.21650936053
30212,117532.70925080443
30213,47879.57699965773
30214,63987.31293077027
30215,37565.46436355303
30216,80619.63424778376
30217,53394.54133666846
30218,52155.66532881332
30219,26200.571260168057
30220,221414.599087917
30221,86726.93652034046
30222,156184.58481665936
30223,48986.883021743626
30224,84718.32150880653
30225,49177.1924502028
30226,116767.30209780476
30227,270095.8031384624
30228,53498.376121395675
30229,11513.982516260012
30230,69376.77648649315
30231,162703.26914981034
30232,41543.569271787004
30233,63189.3275424947
30234,32235.263855172998
30235,73491.44210461115
30236,23753.301093208796
30237,53456.677222613456
30238,12533.49247388176
30239,32390.591053029082
30240,121658.7560888505
30241,83742.6071036336
30242,38883.61231561831
30243,99823.92732038676
30244,26217.71341643486
30245,3949.012288731332
30246,28037.14571710765
30247,57055.80828356575
30248,33683.73807407903
30249,97996.1998998906
30250,70464.8955742287
30251,43286.078064793546
30252,137273.3982351482
30253,43579.2100126088
30254,32958.546871964645
30255,16474.50945198336
30256,41243.26980919155
30257,11898.6365973589
30258,48260.85371210741
30259,13668.697214241594
30260,168214.92318394544
30261,49063.76719992621
30262,28220.928811989797
30263,71788.07804945788
30264,48047.289349600076
30265,36615.579573969655
30266,118272.69325915251
30267,76685.71017426552
30268,33225.87804951392
30269,111851.3537956443
30270,9747.601799500333
30271,7293.348228231342
30272,105019.70426986738
30273,38560.064747513614
30274,71484.11503893374
30275,11091.333866768893
30276,5340.156205138349
30277,46388.58305201611
30278,87231.18629330465
30279,7672.981975166046
30280,8622.79605487635
30281,30717.409625650413
30282,104499.1001352949
30283,13453.669224187848
30284,18624.18276378866
30285,35186.039484870875
30286,86962.50347972832
30287,66948.25430589695
30288,151702.09055263543
30289,127249.8018392542
30290,44270.72321563391
30291,122947.53542123309
30292,152441.11719548426
30293,34193.58858624492
30294,43971.56562295019
30295,20410.561510125364
30296,1917.9233761719458
30297,116531.29865671489
30298,66709.14976823184
30299,42720.04033831037
30300,110221.10271860675
30301,17247.875792506962
30302,3940.2221939935826
30303,34100.339711837674
30304,89877.50610857602
30305,6735.186087618027
30306,3882.9702496655964
30307,129742.44828874987
30308,39562.52522590251
30309,54122.93982723684
30310,8500.4504050267
30311,194769.24483594016
30312,60992.891731333635
30313,63041.35064165622
30314,27977.700425491268
30315,48688.30849324713
30316,106310.89754813208
30317,16785.105887757938
30318,34955.393601911856
30319,155564.489269789
30320,31601.692842532433
30321,8579.721142002885
30322,78551.13919735445
30323,54150.13400218557
30324,54164.20497212996
30325,159659.9467584634
30326,54957.98556237035
30327,54622.518071844584
30328,38088.27806075786
30329,69656.25515334701
30330,24283.36243044784
30331,8494.455567716746
30332,97685.95081443292
30333,40663.07073490302
30334,27276.231011908043
30335,42114.263502432994
30336,51719.453161801655
30337,18465.448970650184
30338,22189.47960761358
30339,156687.77074159926
30340,3920.5052192943517
30341,59496.64790841662
30342,21386.80092074648
30343,104952.88870586823
30344,146640.7585546436
30345,40380.14022245538
30346,52929.50130863602
30347,59597.08944288052
30348,45462.661416655465
30349,91941.46610135882
30350,15371.314352229541
30351,129834.41360067719
30352,65708.506697877
30353,52478.87558646417
30354,54860.17130861096
30355,119744.94145942281
30356,33452.625125187085
30357,118857.0067774647
30358,31249.37453838787
30359,80699.68738893002
30360,160532.6031771531
30361,40549.864040969675
30362,36646.170227156654
30363,77340.42359424107
30364,48236.48543350749
30365,87221.16420427278
30366,127351.70968459443
30367,28573.309008433476
30368,117268.82147169487
30369,44764.47305743443
30370,6510.373918578862
30371,1438.8209910989426
30372,88610.71830312094
30373,61028.6173235999
30374,49179.94473151645
30375,53530.39158964822
30376,108499.21061197679
30377,2068.925118226691
30378,37380.974293603
30379,28065.333686633447
30380,42377.146006481365
30381,67787.05299894475
30382,7933.032290712658
30383,20069.155961624434
30384,39677.48659635243
30385,12615.19071310069
30386,149776.05959876347
30387,39722.89360187068
30388,204159.63236254096
30389,89909.75260221587
30390,39746.97242696651
30391,47028.64962384109
30392,33937.17539959515
30393,102103.88561596985
30394,216858.5258903515
30395,8163.041222365184
30396,44849.7725455069
30397,4451.3306263315
30398,15417.212117610236
30399,83780.76909185007
30400,55681.968391479546
30401,4706.390441050211
30402,58064.58884206651
30403,49305.66180493256
30404,277375.3639218541
30405,52859.25052460687
30406,27624.69678179926
30407,78801.30221557766
30408,50383.48695345903
30409,27146.93065094698
30410,21914.011377728453
30411,20873.855739945706
30412,40736.91424312241
30413,29490.836835964426
30414,40241.683762063876
30415,68044.92156766442
30416,214558.34974000443
30417,16468.114768303964
30418,64436.303823303955
30419,249349.48449558072
30420,146084.61987876674
30421,190397.57501583177
30422,106991.28811885191
30423,36279.1396391327
30424,50622.658547642735
30425,46915.51102295978
30426,6472.977717396656
30427,52368.280528489726
30428,67314.09998557727
30429,102007.9729121283
30430,43789.86393763703
30431,5651.915611809147
30432,45053.82523921877
30433,105990.39516967231
30434,54643.63358580917
30435,47792.83769491851
30436,5487.753147873371
30437,163353.03648152403
30438,167546.66795262834
30439,55144.38525914835
30440,19189.17737751165
30441,100716.29015436559
30442,48967.497127859555
30443,25405.45746221119
30444,101371.56133405006
30445,36786.835350674985
30446,135264.4531676394
30447,54526.90225118342
30448,86542.66916818325
30449,71926.46959366056
30450,46073.6236051798
30451,12467.180311349264
30452,79938.91237291798
30453,174634.13410422707
30454,19277.80469520382
30455,8779.685634089825
30456,5210.438399299743
30457,59872.890651906484
30458,49482.589176802256
30459,54749.089563089765
30460,21951.7402776348
30461,7965.589997458975
30462,33758.01137647721
30463,8145.320364286505
30464,15545.658868267212
30465,52995.54549355839
30466,44546.31864810409
30467,49283.23393754049
30468,42643.95258476657
30469,1986.579469420065
30470,8475.407343859668
30471,46985.52225920939
30472,64385.79270916066
30473,38239.508578911154
30474,9789.219442216823
30475,25612.392350482587
30476,35536.710699646566
30477,40104.05950892253
30478,46476.348851909825
30479,26166.708676118717
30480,8958.349562746269
30481,72533.51811507347
30482,71276.76910072246
30483,23824.334522065023
30484,12922.249506952858
30485,87423.75399814142
30486,38579.41285601108
30487,81390.89946912004
30488,74708.35643545778
30489,73652.87582309208
30490,43625.91971371596
30491,79575.15926529313
30492,122767.793956294
30493,10376.488019503111
30494,68448.74611879213
30495,38649.97150943638
30496,15584.929025418209
30497,80057.257242846
30498,38464.23902854011
30499,71857.03280617158
30500,3348.584531634583
30501,11494.841785772387
30502,85147.93018880147
30503,47276.08908468568
30504,8522.146230403765
30505,45807.25844950684
30506,18425.185516390404
30507,5182.689036103629
30508,5451.719377691045
30509,109482.71756476145
30510,149589.9161232759
30511,33129.507178609194
30512,50803.73630960693
30513,85618.58659808921
30514,71604.16229995126
30515,36956.44475646149
30516,115464.40057799549
30517,59892.396949916154
30518,41313.76564767762
30519,54688.32608588974
30520,236633.49898218177
30521,8080.608326874278
30522,65588.64931771602
30523,12154.015291919935
30524,4809.609759367163
30525,849.4251002649347
30526,26639.860155842533
30527,40007.46176197
30528,44388.35439787135
30529,29953.140142999826
30530,173038.96669009692
30531,20148.23587208569
30532,42181.72511801477
30533,4413.400810545497
30534,38128.05871156008
30535,70242.27608058178
30536,4206.257078003152
30537,27580.57824678038
30538,41721.09134565851
30539,71641.95856514278
30540,136023.24270126346
30541,15802.267695028238
30542,19090.970836927558
30543,43071.670549807415
30544,32601.812627814797
30545,218972.33838258084
30546,155839.5745062299
30547,94084.9178574023
30548,2452.078438847643
30549,54309.68721461808
30550,5709.032418467888
30551,25809.310539645518
30552,51307.90326113752
30553,46322.061940414984
30554,66640.79889213943
30555,51582.22237366404
30556,70548.43483469833
30557,60655.23956850807
30558,42438.98407808585
30559,32905.437086316815
30560,43444.53039351965
30561,25033.139305936485
30562,16171.411849060583
30563,81331.75073632505
30564,7848.107442123512
30565,35062.40287708211
30566,76335.26577912734
30567,32717.146983969404
30568,30970.915798784645
30569,160744.02473677832
30570,86816.68632245988
30571,86006.70493842622
30572,70386.17525562232
30573,92338.78094427488
30574,41697.8669547172
30575,50222.37886900905
30576,52707.977846923575
30577,52019.33011870557
30578,6414.865497536035
30579,54745.00834433508
30580,8691.776420244636
30581,6982.270266092311
30582,84211.49930197305
30583,122676.08412122467
30584,31916.353227785672
30585,15247.081398615992
30586,4553.465509681723
30587,24515.224447988072
30588,91522.33387452795
30589,28092.333216731295
30590,46270.829670327585
30591,94446.80724285857
30592,21875.949507138692
30593,40008.22309246218
30594,3347.680344652993
30595,57927.07671412005
30596,36026.92470504949
30597,72431.32194287362
30598,41387.5521533221
30599,49596.31327245327
30600,40885.041835655255
30601,43439.48011781528
30602,72947.19019314724
30603,3590.4924196809056
30604,213321.2955504039
30605,241944.60361435922
30606,62578.52338783857
30607,46129.162992397374
30608,10254.616968035627
30609,57876.24049603135
30610,56937.02054049697
30611,85260.5070514257
30612,179295.635524426
30613,161079.0188926193
30614,37572.0661544801
30615,94547.39957748218
30616,73701.3590852087
30617,58832.83798651602
30618,47407.15775246093
30619,43537.901397447364
30620,48445.86801481958
30621,57127.56322614318
30622,68497.6183281524
30623,116795.42149822622
30624,43956.80676782117
30625,196213.85309324067
30626,37998.21987751536
30627,73528.29625762143
30628,93471.42456674976
30629,28517.1195262701
30630,26578.111223464963
30631,153578.39756756817
30632,2856.817220809712
30633,45853.04789145946
30634,190900.0126284104
30635,49121.17453358651
30636,66722.41172905346
30637,7050.541862392902
30638,10345.071972346046
30639,143264.55319375964
30640,48887.997509157365
30641,24949.9858500592
30642,241137.78861147613
30643,4461.0058070657615
30644,37640.53536138835
30645,34168.353418270024
30646,34059.19503705141
30647,13771.719218496408
30648,42959.97870935462
30649,71038.55294202719
30650,47717.93537044336
30651,35153.14185578681
30652,49376.98068734209
30653,28740.86808488461
30654,58739.46142446197
30655,24219.44821806947
30656,37243.97648468775
30657,55914.42387989786
30658,93715.37756432022
30659,218612.6773475821
30660,109776.8349368062
30661,99995.6806537835
30662,88586.0961685129
30663,82246.44931437563
30664,1805.8671672183023
30665,22008.91978992719
30666,59831.326187097955
30667,46632.696285545484
30668,68033.51438965369
30669,69663.77497459865
30670,87855.33853546661
30671,51355.97008647818
30672,119120.6919054641
30673,46773.35374113395
30674,44679.98547448299
30675,42859.52077141624
30676,8229.37880438816
30677,56117.75085722926
30678,16268.065272927668
30679,207325.2383077008
30680,110258.00753841874
30681,62311.76830019126
30682,183310.95339329925
30683,75277.35593414391
30684,5688.560475625884
30685,166055.82675220832
30686,46793.05733297569
30687,50873.590248853536
30688,48016.831713307016
30689,4021.886692187822
30690,93689.87456898135
30691,42648.43656731298
30692,50467.180038570354
30693,65433.93866911035
30694,55437.19468563943
30695,45836.55018391196
30696,109482.5504438218
30697,141005.16390099836
30698,28083.152484580278
30699,4928.226044481019
30700,10443.672700818186
30701,55523.13607926872
30702,216609.35263913957
30703,59578.817517240816
30704,90669.79119787704
30705,64644.608775595174
30706,169729.17360158017
30707,21838.235393417785
30708,11682.494663398533
30709,29605.25186178675
30710,46641.335086457395
30711,161370.5486873359
30712,59219.29691795681
30713,89058.21982457406
30714,8344.734726531986
30715,76125.29608736695
30716,8242.492731291071
30717,52977.950738800944
30718,6142.256623040797
30719,50063.040481303906
30720,45931.04291091219
30721,19560.771106345313
30722,73659.58553010006
30723,118471.09609325719
30724,96366.78459379723
30725,77812.53734118743
30726,97687.3542810885
30727,9442.588376923004
30728,54392.79040245491
30729,75931.79037173062
30730,12832.23999613787
30731,5561.728252610962
30732,18516.518059230755
30733,45589.84448953304
30734,255046.08131180037
30735,37267.138108237115
30736,37133.63374869066
30737,100983.8329678032
30738,105932.82927767596
30739,73473.64422717158
30740,78754.19995553882
30741,49588.070597342354
30742,53230.927936454595
30743,75155.56567832083
30744,48233.69248546454
30745,6579.44081153706
30746,6211.967987465201
30747,62741.860505491895
30748,61900.29308588809
30749,14892.499872075596
30750,59427.639164838016
30751,40096.35539863323
30752,41058.078678627884
30753,89791.48474413126
30754,161498.95063251886
30755,24242.485372666277
30756,57790.735470173706
30757,88740.42947742582
30758,85171.91022254665
30759,52915.178587551825
30760,57455.24711997643
30761,42812.74960544306
30762,34892.68178164136
30763,42778.51172246095
30764,37199.99275476127
30765,72043.85548565187
30766,57348.48321566316
30767,7322.307122416342
30768,140676.55772653094
30769,44079.925689582604
30770,73867.86439941109
30771,67113.43362549359
30772,18390.807849161753
30773,140840.91834045984
30774,40825.5921264465
30775,13303.976881854218
30776,70579.61693528068
30777,32913.722855078624
30778,46026.34675864269
30779,135050.38994864852
30780,61536.799405804806
30781,100710.87474688394
30782,36387.218158897354
30783,44854.558859594326
30784,120871.2960999725
30785,34244.583441233204
30786,22978.409642736267
30787,75230.56104587002
30788,99003.65313027549
30789,146061.39202871238
30790,14426.347843402491
30791,53243.876977071464
30792,35776.54813168948
30793,43076.95233299147
30794,20622.46719450467
30795,39840.91404487746
30796,19031.319461048053
30797,45215.47287784338
30798,56256.20446429732
30799,3612.725813602962
30800,118698.25569850304
30801,200954.500174051
30802,41774.86455853751
30803,50974.68564186898
30804,34428.74977460551
30805,86779.92128173429
30806,10787.47502498197
30807,32111.79718783501
30808,3620.6350915608928
30809,2094.112721822713
30810,17823.86317884232
30811,57021.81326996553
30812,19744.34492801713
30813,83219.71121511854
30814,27271.856839353535
30815,53771.091626162
30816,62751.61890556086
30817,61555.41083022567
30818,77909.23033923717
30819,3454.0889611624484
30820,30027.064443662246
30821,38016.564315695556
30822,109452.0636588249
30823,239545.39129537006
30824,3485.315924502132
30825,33442.70098955876
30826,39368.47647562419
30827,18899.037711771885
30828,5412.95938426014
30829,152144.99695294935
30830,35571.55214281333
30831,33206.14670044166
30832,47908.937875200405
30833,43731.13677089454
30834,89488.38283517651
30835,46061.73674410767
30836,39903.37246255176
30837,42467.32390780658
30838,23583.49443067453
30839,57344.42649530249
30840,4130.074488589969
30841,145135.80637531407
30842,1224.6469020778657
30843,158807.57916248855
30844,35357.87703501117
30845,58094.1862745246
30846,27958.546149056947
30847,10035.741271724337
30848,112205.2573353322
30849,105322.94206175415
30850,61117.839693010064
30851,10245.264885837789
30852,59763.266471315204
30853,6551.14844594934
30854,42584.890446741076
30855,33862.269404553386
30856,108617.41409054522
30857,11746.109473357574
30858,2904.351877571225
30859,51865.328675879
30860,81818.55307174716
30861,34074.210910149995
30862,45338.706286105415
30863,80161.93441412208
30864,133103.5350514459
30865,46945.912780613435
30866,37917.06123240048
30867,35941.99251130249
30868,30564.815930493416
30869,41979.08481916867
30870,58155.63841123421
30871,88345.95575084192
30872,27902.289313590896
30873,77659.20672484141
30874,38328.169967597096
30875,4382.813737996906
30876,29209.339026713995
30877,39452.26905870425
30878,66943.27301206179
30879,42125.91481946648
30880,183297.5423808181
30881,32338.45909016855
30882,30292.905034940475
30883,2566.5008409295087
30884,50182.76192521245
30885,177535.69749306457
30886,33540.0751281371
30887,30984.711769462123
30888,188206.90403222098
30889,35398.169995692726
30890,11117.27727055706
30891,30420.467401843904
30892,46241.81350590146
30893,39566.218869995864
30894,81230.31872320916
30895,32144.791697728044
30896,4779.101432968493
30897,15799.152298459963
30898,123358.20794882694
30899,37690.357371034894
30900,56650.73354403558
30901,11791.73302777917
30902,91148.54635928509
30903,32389.515602752956
30904,59359.75741076228
30905,65212.63295930752
30906,45167.612133252514
30907,44938.11589618878
30908,163214.32120017533
30909,39092.952632779474
30910,34313.87202208432
30911,51350.135291075196
30912,33014.9287586846
30913,52644.2133202532
30914,65688.87836840445
30915,17935.78653150562
30916,110951.04733391448
30917,34897.34210002972
30918,44614.533994237485
30919,34225.86803603002
30920,14663.394719179149
30921,37729.8401118878
30922,277548.9522889763
30923,37615.12374343605
30924,59473.888162306524
30925,56545.59228819379
30926,174104.65682654784
30927,20919.860563203772
30928,54118.72681033802
30929,69232.22192263395
30930,30588.44178729089
30931,42807.67805484584
30932,39837.275622899295
30933,94523.62963993158
30934,16992.169600713583
30935,130300.30475424719
30936,2765.7595925753244
30937,145130.89523343887
30938,74554.49471960742
30939,51636.252250785255
30940,32815.79133708602
30941,183328.05312322383
30942,45113.081469192264
30943,113656.74292742829
30944,44601.994439341004
30945,35926.15613539584
30946,10450.856400431698
30947,148399.06101156434
30948,4058.5935009713126
30949,71211.46628168676
30950,61193.849340381865
30951,50785.3152528592
30952,27944.300214404644
30953,51702.05113186302
30954,38919.73829389031
30955,9214.173462467455
30956,47706.469597940246
30957,28310.10496307452
30958,3401.6301611209565
30959,32421.27978898791
30960,50956.306497295904
30961,41228.144613066164
30962,58699.36940269839
30963,48686.32963909641
30964,56542.036462628355
30965,30087.39785496132
30966,147258.31513112993
30967,32157.698501303075
30968,59703.99955980995
30969,33845.47412145073
30970,213027.23984789912
30971,58159.63086797373
30972,8445.27537257525
30973,13900.199901599051
30974,47780.5168417243
30975,31081.296496691262
30976,7891.489606035202
30977,28574.377870469158
30978,33941.428428871324
30979,32196.0278071377
30980,47983.9108730367
30981,75886.14211574077
30982,70140.21853016365
30983,79969.50118833146
30984,5217.808794437089
30985,112892.54889882321
30986,110638.08743172653
30987,44806.938272457286
30988,43528.61759552626
30989,31699.322016429367
30990,33492.81026026013
30991,63855.76775159197
30992,32449.855411593995
30993,59895.63867894862
30994,31123.33291843075
30995,61185.37607698847
30996,8638.542042947372
30997,4637.718287358784
30998,40644.480227820764
30999,4850.237271620914
31000,52566.182643451895
31001,162744.0915548795
31002,29471.24660426117
31003,8480.37796457788
31004,40411.01185038724
31005,127124.04334895767
31006,40624.54649935546
31007,123249.8951233881
31008,48047.0910702264
31009,57688.69770311981
31010,8556.35488273286
31011,68446.95445334564
31012,41411.9709189709
31013,43911.86684513161
31014,32844.376151216464
31015,84534.84459753247
31016,15554.281281613643
31017,130667.80797336291
31018,40766.57362572149
31019,106728.99692925715
31020,235221.78716065508
31021,45976.85314251219
31022,55655.746955941
31023,62779.3520452517
31024,48600.520412154874
31025,24476.97589653035
31026,26534.856716424503
31027,85765.8036945637
31028,10476.577571803411
31029,40578.49427645697
31030,43695.40469290637
31031,32907.56058254993
31032,65332.46355822896
31033,33328.15777655898
31034,42169.47039734335
31035,152885.1237660033
31036,36877.114249327555
31037,103585.91563955709
31038,59110.508757035714
31039,17588.456340414526
31040,53269.212719824325
31041,145108.02330009663
31042,36659.04861732543
31043,37885.86209130387
31044,7387.056990399145
31045,141228.7597401645
31046,55555.14500643213
31047,29059.978389299384
31048,51269.34347072159
31049,65403.88381126677
31050,117685.09642367285
31051,219035.30377999163
31052,57592.60914877869
31053,80341.54479498502
31054,156306.54106957538
31055,39922.49963488883
31056,49946.43325496562
31057,45353.08771833251
31058,41881.570371897535
31059,61203.00261026825
31060,43209.311867996716
31061,42949.06496020218
31062,37594.045765687486
31063,91061.0261714636
31064,11442.225424284012
31065,68028.90076038615
31066,46067.336405298396
31067,23562.87818175936
31068,91503.65549997345
31069,5197.795910188067
31070,23855.94481247824
31071,31252.419448920435
31072,200481.17021273766
31073,109580.46262882097
31074,67796.08169263914
31075,146706.3588590862
31076,7918.910787321042
31077,9297.713895698456
31078,21774.859077042747
31079,128190.57613814587
31080,178115.0591635987
31081,7289.490070333326
31082,82536.29552872
31083,40790.94762689278
31084,110711.55155695694
31085,20361.69788370663
31086,45061.963632997504
31087,1184.3262857539871
31088,44594.93099240168
31089,47529.01204142441
31090,6091.368691107
31091,2616.4757928587674
31092,27434.919500557753
31093,209446.42052808157
31094,62598.85248087824
31095,2616.203510091644
31096,27378.302684604518
31097,56755.48951704765
31098,15311.109495548113
31099,134834.57266323987
31100,6050.28246012468
31101,70081.96595950906
31102,47492.1487902995
31103,173977.88553221727
31104,56329.396937157086
31105,99876.89775648538
31106,88115.01248438259
31107,38886.94531308615
31108,59688.60462506023
31109,15567.916877316578
31110,49647.76117413012
31111,59475.51085037599
31112,12851.468641880816
31113,34632.668479171
31114,116208.876235477
31115,24976.491832039752
31116,65511.30606698866
31117,20948.155454188287
31118,51558.29285037193
31119,80019.28909203851
31120,28264.643604368062
31121,3685.4029014755693
31122,22765.294720062844
31123,25319.04796405546
31124,90057.65044153054
31125,23537.122043460473
31126,44168.92234104519
31127,69339.6963760624
31128,201539.2665616005
31129,23132.781776482283
31130,76226.53191503616
31131,26948.564820835778
31132,231050.667320469
31133,8944.525707079807
31134,51193.59436242676
31135,35070.64504108166
31136,25314.351755959786
31137,54967.61067762893
31138,10518.777820116626
31139,94485.79981058324
31140,136765.2134008261
31141,12088.275149183275
31142,70064.86771532039
31143,17810.601213244125
31144,38062.23847343573
31145,71701.75544480607
31146,183206.15783951423
31147,42254.13473444742
31148,44724.54977284226
31149,69750.22351215428
31150,62165.98620634213
31151,49699.36109978231
31152,80817.68148600207
31153,47666.14458252052
31154,143553.90557866177
31155,23580.49084831787
31156,28160.744668444215
31157,36304.25119888836
31158,10078.215743318782
31159,71863.12618811635
31160,42447.19100085601
31161,101054.00186114913
31162,15805.491792901496
31163,28594.020220261344
31164,51989.449716772004
31165,22852.6037166617
31166,64849.71762757531
31167,47409.75806622865
31168,65892.35239520032
31169,55512.876168539915
31170,13689.093123253047
31171,43000.47567039413
31172,20114.343636210568
31173,59109.5752209651
31174,169176.59364471037
31175,53811.51981483722
31176,30440.9269316883
31177,87662.52428125343
31178,67616.37911035774
31179,197372.69281186996
31180,27175.340106357453
31181,39710.42666594491
31182,150564.42575781816
31183,100847.59544536179
31184,49166.68241611961
31185,4195.406798493016
31186,183348.68672475594
31187,72060.13621739748
31188,3457.1450042678707
31189,37906.61372695759
31190,4718.322370010702
31191,8273.831746454742
31192,38318.07663697833
31193,56201.79215657707
31194,12303.702145376556
31195,38500.573208982925
31196,88476.00734784448
31197,98554.72610028632
31198,205925.15889413035
31199,50101.264049127574
31200,41027.0033242802
31201,35691.954568353765
31202,69738.24869386108
31203,74346.50958933815
31204,275324.4945401895
31205,3537.2287155560994
31206,32850.07221817257
31207,43024.11868172401
31208,76767.45965784877
31209,30744.90763947512
31210,72324.73031838803
31211,35785.298934495
31212,36852.85578118149
31213,11910.056822167748
31214,58302.96914610115
31215,29775.63326822236
31216,275595.15422897355
31217,33242.78886234793
31218,44719.380155837775
31219,94695.66884038395
31220,35749.733639386664
31221,32057.61942960177
31222,42954.47283594023
31223,902.0346810709556
31224,91193.3124479092
31225,53661.762757662116
31226,30388.10593175252
31227,48270.284433184446
31228,45037.50094999131
31229,53087.23234878853
31230,29044.22194069531
31231,37933.75710593007
31232,8955.592045079922
31233,30539.906880957267
31234,84554.58080236768
31235,46802.75552657127
31236,64625.82571096922
31237,4024.3435643717467
31238,75990.93576804218
31239,44315.862184090234
31240,47480.35837377907
31241,59547.7700691191
31242,130891.12890759748
31243,20125.71725948321
31244,24942.21462472498
31245,63748.94977806002
31246,20846.290995275092
31247,65422.740041650504
31248,70654.11362027917
31249,12725.458584557631
31250,38778.27980671323
31251,25800.605218285098
31252,44938.753341006974
31253,28349.63805578275
31254,107854.97585574872
31255,154819.06367228448
31256,51897.671052008416
31257,68713.73103226916
31258,6238.638482642105
31259,48894.78741397393
31260,62573.224137709534
31261,77169.04322699111
31262,34299.995060347195
31263,46690.80413274851
31264,87982.44689363638
31265,34907.8917233357
31266,69594.12611582303
31267,24219.992966822767
31268,25701.341094601572
31269,103567.70326197078
31270,44786.19350687179
31271,24692.251290029704
31272,84917.20626710472
31273,41766.07713275089
31274,51580.36600562322
31275,19068.212019549635
31276,40925.57086141289
31277,49919.968092451534
31278,4992.168589591136
31279,113788.17307851548
31280,12508.409140259593
31281,53591.46019047444
31282,69916.0688516295
31283,65968.8991479934
31284,51014.795676598165
31285,75829.58437115616
31286,18675.17031855079
31287,12191.091902331676
31288,169427.45889761558
31289,59623.11010198379
31290,9125.504592181154
31291,21135.749344854183
31292,56043.37006605368
31293,134381.56213970634
31294,61993.064842824475
31295,42062.62154847718
31296,16663.18934453895
31297,18252.240062757322
31298,99485.06119343864
31299,29695.802859415297
31300,56439.72614554115
31301,31898.087379491935
31302,37250.61705536942
31303,2500.541828660578
31304,30935.484934146385
31305,58989.25496811712
31306,116342.06414459019
31307,34664.226368636715
31308,97127.26755930531
31309,59637.52096388289
31310,53477.996073965376
31311,5832.455797801991
31312,33741.94611007863
31313,46952.916805464294
31314,46671.4522222111
31315,41813.90243471324
31316,4772.402840380061
31317,50692.616849742044
31318,16359.3370773328
31319,103217.25446385924
31320,37022.52195246418
31321,39011.90158719938
31322,92724.73491961864
31323,15256.86814451911
31324,121997.04434059416
31325,67661.90869393609
31326,57130.45191146152
31327,107339.4407252937
31328,34726.715958423425
31329,77039.45693608593
31330,79624.27859247108
31331,18535.120141711457
31332,43657.87924056206
31333,19664.683476499184
31334,52237.20870088416
31335,14026.083268157154
31336,35340.371814601334
31337,46164.8473221403
31338,48355.67586296235
31339,42391.57094528878
31340,40626.09557878164
31341,28194.953525443245
31342,29263.797008894708
31343,57625.637494592374
31344,48345.69820613686
31345,104489.76139290615
31346,62049.611617188886
31347,42221.20987413597
31348,13535.158661973
31349,10968.71662212756
31350,45698.938917748026
31351,74010.74548230963
31352,3498.4472500459106
31353,49766.758590712154
31354,180590.0403634664
31355,82619.93934434716
31356,50117.081566108485
31357,154694.75206927324
31358,38126.87649597546
31359,30825.88388441913
31360,104770.09858343069
31361,60683.53932239833
31362,24658.925405718543
31363,40967.71637238819
31364,71858.2864547123
31365,38474.82582108858
31366,3642.51665536959
31367,98840.36762952445
31368,94539.3669147923
31369,3937.568977426314
31370,48634.931429884804
31371,5073.553102394
31372,34850.72148878092
31373,98137.52405574473
31374,39334.456189881166
31375,10054.464005249558
31376,131622.44489080898
31377,6375.942993238029
31378,182787.9655108865
31379,10829.686807016973
31380,8784.373989129632
31381,16571.70348653302
31382,30501.72411686251
31383,32343.70506329576
31384,27267.41822779662
31385,125796.04895749388
31386,20130.769231220598
31387,89951.09828774321
31388,45728.41344739192
31389,23603.586208376837
31390,69099.68908925081
31391,145391.7007746324
31392,46600.224543522396
31393,34677.26699945179
31394,17321.090129879372
31395,72964.18494869128
31396,220793.4147944025
31397,107191.29288036935
31398,4342.830001998736
31399,27505.36596227385
31400,51035.900047047544
31401,140771.67416294815
31402,43720.81521184195
31403,25481.446748420163
31404,7022.478536932262
31405,73567.15069459888
31406,25798.6282243604
31407,4276.158869360607
31408,20675.471202584624
31409,36061.59066282117
31410,40543.57843442532
31411,40037.49473010702
31412,37877.80992574338
31413,43684.646309835545
31414,15357.141081268463
31415,49246.18505479648
31416,118859.93606457587
31417,69198.4544425522
31418,49714.16197441175
31419,39451.50819982553
31420,73940.59478646965
31421,58341.924663761216
31422,78548.36479966869
31423,19302.006610108852
31424,46542.42132630812
31425,33565.11142873106
31426,25584.377116124335
31427,89780.24521160316
31428,158860.37093451095
31429,40838.39181577175
31430,54684.8960021918
31431,186648.46347948292
31432,59070.774498129314
31433,54040.21538945832
31434,44438.28597647741
31435,85873.69706781235
31436,18946.59192997544
31437,54046.509439715315
31438,11290.511114510125
31439,19302.227901694914
31440,56101.76989741708
31441,19502.65597551992
31442,164107.45305496862
31443,73309.99600246685
31444,145951.7995810272
31445,54602.39679821979
31446,5652.186140950746
31447,39585.647010221786
31448,36829.21138443089
31449,83823.22936402426
31450,30924.283854283065
31451,247530.91146139393
31452,108809.15363998922
31453,60827.5736172591
31454,39044.878249515736
31455,2564.296078752588
31456,47029.37638223973
31457,274917.34970693075
31458,127683.50256678704
31459,157772.8206400917
31460,12012.331794460804
31461,53082.26766181858
31462,4705.780650038639
31463,26156.546500040415
31464,73008.65057852311
31465,91962.54377182371
31466,88086.63743723273
31467,13408.480201346505
31468,48714.03290106205
31469,55715.63489504763
31470,77779.15749557792
31471,35828.292660753345
31472,38280.74907435462
31473,103224.81509371981
31474,27898.220234894885
31475,95755.5055441347
31476,29100.497111546087
31477,71004.43674698396
31478,47977.94065937037
31479,41676.20532264852
31480,12541.069945006897
31481,68704.36346823482
31482,92029.71446848434
31483,84264.59069130935
31484,46980.65723298166
31485,18168.906078605072
31486,94821.21342797038
31487,172575.06508745303
31488,64487.229006032816
31489,39228.671367972805
31490,156690.52764037135
31491,33408.23405439117
31492,105833.15372744953
31493,42769.189512014054
31494,98475.02238680187
31495,192020.0791808224
31496,239489.93380627476
31497,7264.400805645368
31498,46226.084682162924
31499,1934.5845628542836
31500,16844.713831446
31501,57218.297573048
31502,75886.26165406208
31503,43907.17393622762
31504,32096.3436255301
31505,61140.189784456685
31506,33083.31918609673
31507,88582.0972983245
31508,16703.65789859827
31509,82340.15010120026
31510,30640.749171779695
31511,143269.97512139805
31512,90377.04331203955
31513,41515.84771268893
31514,46393.560851932394
31515,5396.639282067944
31516,160350.63167980206
31517,28915.354058128356
31518,35340.07423687298
31519,76463.94815348406
31520,59481.61821483477
31521,5432.594011076513
31522,51481.601408707225
31523,23222.19287927012
31524,38371.91021852671
31525,74739.60548032906
31526,42801.757908252155
31527,178544.92696928466
31528,74405.06567840597
31529,150293.8036126378
31530,22628.808656079265
31531,7297.322052143489
31532,60570.16371454916
31533,35865.187642006626
31534,32124.0127857898
31535,169521.59158525406
31536,10548.125453180875
31537,79121.5027381638
31538,18369.982301404365
31539,42388.26965542858
31540,69096.59613157398
31541,78035.15833400036
31542,21744.520351821408
31543,170555.943017377
31544,49925.895844713006
31545,80264.56984813572
31546,14792.414273923412
31547,6779.1878229138165
31548,10319.730971979678
31549,82179.5245838733
31550,37829.1659370758
31551,64741.69250333666
31552,137946.44929307554
31553,74971.40960609507
31554,104989.23882255585
31555,74685.60165510597
31556,23524.096357408594
31557,47146.57570150408
31558,59861.804564650236
31559,34902.71365851818
31560,40151.309261256945
31561,33506.41771304595
31562,38701.94971733851
31563,17227.844505076384
31564,172285.35891312602
31565,54540.38036718388
31566,45345.94036092501
31567,118597.15865348099
31568,57248.11423766669
31569,38905.52911524095
31570,89539.50734255271
31571,158798.68042164357
31572,27307.74101627139
31573,3986.092595238776
31574,59399.10930335055
31575,140646.0951100605
31576,7475.744714548394
31577,54262.722303227594
31578,46181.18398474417
31579,6857.850905601136
31580,45891.03785192719
31581,36023.28282108502
31582,52583.19258584568
31583,39853.326765982856
31584,24674.175515848667
31585,46510.921824492536
31586,140379.37253572245
31587,67820.3618791172
31588,47115.52605932721
31589,80717.78678130935
31590,112340.18518909153
31591,5946.569740139272
31592,9875.523321921624
31593,57099.91889162092
31594,51985.79602386604
31595,66704.48132690978
31596,62539.982682794434
31597,208613.7841581039
31598,57393.39267534397
31599,37920.41192475071
31600,61767.24234895916
31601,69752.77909662652
31602,42552.66221840232
31603,6136.905215476302
31604,5681.121878314205
31605,13581.351070941679
31606,29583.75509305967
31607,87308.76158744839
31608,28015.535479056063
31609,3256.7970514589224
31610,49345.82601576414
31611,50993.469308859276
31612,66024.29743784685
31613,6830.688996513305
31614,189986.27310378014
31615,4542.065687730041
31616,67690.95850773042
31617,38297.160296812646
31618,54245.5337432049
31619,31126.88874559452
31620,144672.37347755206
31621,3119.9402064384317
31622,71313.82239191404
31623,49291.239221860444
31624,126246.00542153444
31625,45244.58620135829
31626,102078.69210634322
31627,61424.43341572188
31628,106077.20419829633
31629,19350.367930821332
31630,21680.651255019467
31631,34639.87316300962
31632,128840.31691044805
31633,42148.900152077294
31634,30590.727476102587
31635,37749.825712851074
31636,2152.705675988117
31637,53174.19998890489
31638,51970.50079113687
31639,70276.7380870564
31640,43401.06678387591
31641,38439.630784335655
31642,34732.48066127713
31643,48523.53924777294
31644,2236.710916864432
31645,45116.39257344767
31646,5906.2084302554995
31647,32797.188816209666
31648,156677.92072143583
31649,42576.339161198026
31650,89776.27240850904
31651,73460.70530194207
31652,31351.23571600297
31653,38639.15761696461
31654,38167.1191125363
31655,45225.314129219754
31656,178806.8028852954
31657,93979.56651394472
31658,4614.302024924512
31659,30027.655318947756
31660,155369.0681297379
31661,54001.676386427054
31662,44512.64676822813
31663,155912.12185717036
31664,115327.78611601696
31665,79313.79430660445
31666,140228.5116394835
31667,47099.11771259973
31668,33128.7984595104
31669,54102.96852238801
31670,41667.36685819241
31671,108444.34593151945
31672,40939.21735636126
31673,52727.93798564651
31674,25589.36301366793
31675,64071.923357207736
31676,3949.7298421958544
31677,46655.77249464135
31678,43536.07275912452
31679,54560.27902770468
31680,31780.27884412672
31681,48387.26673580182
31682,30352.266831550027
31683,117947.6469275665
31684,40287.40382349013
31685,43346.62233661304
31686,23349.56128556106
31687,49397.99362337603
31688,115568.71799744031
31689,38403.16075940513
31690,69865.87597030694
31691,9719.792829114638
31692,53756.421891994825
31693,89127.9018676642
31694,275277.5483224553
31695,21519.55880148557
31696,177055.83146295758
31697,34964.12552282744
31698,8240.137871392772
31699,4156.756114401475
31700,28706.53613369219
31701,109946.69861099933
31702,71663.17642861811
31703,69927.36755822877
31704,63092.22478431153
31705,36715.623767184465
31706,38192.31056474701
31707,48595.460749114274
31708,52055.9512403247
31709,85157.75135573099
31710,86909.89836616082
31711,26085.240963586588
31712,71847.41074244282
31713,66705.7016049188
31714,94105.24088628599
31715,34815.67519087083
31716,54794.53864020438
31717,7239.192292886259
31718,55498.48423405128
31719,155016.583201141
31720,130598.97610168369
31721,50800.07312412386
31722,3958.5023605035803
31723,120926.2692903726
31724,68259.11574875054
31725,85272.65445984181
31726,45410.72235839699
31727,197836.05837131044
31728,62743.789634014945
31729,164245.51845294485
31730,36392.89725218477
31731,57893.42310118111
31732,55605.416042648154
31733,66376.13079893515
31734,94272.74085879864
31735,85434.97987762414
31736,11531.24639029337
31737,87183.8146352678
31738,47742.10139335279
31739,51699.33879762963
31740,46473.73717179976
31741,120241.8820850173
31742,54096.51939728235
31743,201668.30449121023
31744,89484.44056264583
31745,97014.43613391164
31746,3695.522786589971
31747,37886.917324177615
31748,40483.03760767729
31749,27031.271863820864
31750,71653.33020939339
31751,66636.17834726068
31752,60455.19208131292
31753,45100.86799644581
31754,23458.1512583574
31755,66398.74194929004
31756,69249.45155215643
31757,1469.0171816629934
31758,25449.344237608242
31759,59344.85928542618
31760,12581.98514518513
31761,46212.324392481416
31762,118799.7460489472
31763,1681.9585756062622
31764,53010.98829624271
31765,82756.85285865677
31766,18416.97950346679
31767,20449.014871229345
31768,60134.08277005902
31769,38491.085325798085
31770,83015.71096976525
31771,19796.790303427762
31772,59704.589766117126
31773,110759.74463750095
31774,8479.231241252399
31775,216142.01717956673
31776,16016.73453768366
31777,58304.00787105139
31778,53020.30810728426
31779,239965.8659074206
31780,57656.38408730181
31781,47950.45446826604
31782,83271.60937523592
31783,57906.52982259487
31784,8724.998742596123
31785,2103.0357574424715
31786,103276.72398270053
31787,32743.143456562928
31788,41490.022880093056
31789,8585.79252137618
31790,36939.10295339093
31791,26645.607735630434
31792,6637.784690999024
31793,12486.038431111285
31794,50698.50682784007
31795,13781.908370518435
31796,98451.66097092725
31797,13787.813836418383
31798,128223.32795335336
31799,51308.83752749631
31800,53356.5123700888
31801,92676.13440811682
31802,26732.48505302681
31803,58520.6208335897
31804,76889.15142159576
31805,158990.7331230948
31806,53791.35633000629
31807,40145.4759081036
31808,17400.517669439607
31809,2255.4413811859185
31810,31056.432373743453
31811,47288.6802507762
31812,31857.78717812547
31813,66286.06032334937
31814,54075.27541469287
31815,2084.8151689041033
31816,17541.397894294074
31817,64584.43248913252
31818,99303.35943504186
31819,13146.076008593525
31820,60627.173612198145
31821,155885.4100574645
31822,14501.51929132666
31823,97032.4900673374
31824,75254.22164632239
31825,164571.18458934152
31826,119467.44939764432
31827,58622.84250638381
31828,70072.15695379107
31829,8322.496849876787
31830,7412.246699071416
31831,118800.41737375173
31832,36590.22249963033
31833,5578.16323990989
31834,31414.041734424223
31835,45847.738525633766
31836,25491.361355089542
31837,30666.055347787213
31838,123830.12588441907
31839,42513.63596794708
31840,9810.580043629348
31841,153214.1387373084
31842,44805.01446565172
31843,8039.131750160678
31844,62985.40038935265
31845,25982.73521820088
31846,110559.24389013676
31847,70670.67509332148
31848,1560.5802307861775
31849,25755.278563011147
31850,11876.794018377946
31851,10844.382548477122
31852,3074.489586759529
31853,41453.78509964447
31854,7804.755831872147
31855,56101.895582494886
31856,12822.81977421181
31857,38681.97733991261
31858,144178.92658786543
31859,29318.815606529275
31860,45800.68710619698
31861,62997.656484714076
31862,105103.4627460482
31863,4453.956406307715
31864,17798.17413465891
31865,91200.81974179286
31866,57505.24743696648
31867,30198.453706269287
31868,52194.09955331673
31869,53527.06697144142
31870,50635.948553597394
31871,34615.68233979712
31872,124953.00506095296
31873,195247.100155269
31874,8551.686312000878
31875,174683.79563306647
31876,58611.04646653184
31877,25620.67095235226
31878,47717.93537044336
31879,73712.40372252947
31880,162157.75677846838
31881,63696.30459647114
31882,86094.74562046948
31883,53932.08715221454
31884,46416.739193510475
31885,13174.353356700609
31886,183059.9813947361
31887,3153.445181371745
31888,11700.230603193302
31889,40024.645612731234
31890,35709.150721288264
31891,112772.0121682756
31892,89929.93067603462
31893,140142.92805081402
31894,58663.69939611211
31895,5745.154831155614
31896,43056.59439060585
31897,108887.59947609056
31898,56700.3003683929
31899,35731.84618287481
31900,85191.34674172156
31901,52287.720979276
31902,43294.943067717046
31903,45860.191477344226
31904,141515.6295255193
31905,182703.87924054262
31906,9795.847840754835
31907,75272.21225809843
31908,44529.37734817592
31909,45315.19612259182
31910,58415.45675642074
31911,70564.78841091045
31912,77435.62957028978
31913,181036.92171094456
31914,4134.406039153147
31915,64376.38189545689
31916,42724.40465087635
31917,4080.946264008074
31918,58106.88511927959
31919,221333.61137858048
31920,3045.641872077704
31921,67719.88485141478
31922,6649.72297760059
31923,128634.05063626626
31924,44866.97480292241
31925,24397.0813594522
31926,28888.386552513748
31927,43777.28443090209
31928,80860.50398097376
31929,104355.5981247107
31930,18392.260488999284
31931,81812.01220362475
31932,29360.65005543913
31933,199187.99926703685
31934,36497.02684211335
31935,121126.9745629187
31936,56296.54066929243
31937,32718.923818282285
31938,6613.394795197952
31939,13682.688111550959
31940,27462.583264278866
31941,46212.891065571384
31942,73877.1532179889
31943,72264.80279612604
31944,8166.973793733427
31945,58037.3941640343
31946,105620.1485581494
31947,38594.035000083946
31948,27850.508142640356
31949,157871.75008667033
31950,121679.13685772367
31951,37224.11874138816
31952,63187.45153607709
31953,44507.05233362325
31954,39085.3082608864
31955,46988.537670351
31956,192723.55663913974
31957,115546.6401054804
31958,30203.99473515491
31959,38947.50156152032
31960,81834.97982092694
31961,45999.77668280373
31962,30092.06816320725
31963,125168.23971655538
31964,34799.171374040656
31965,56735.704183420494
31966,52976.91756718565
31967,100828.04048173375
31968,29633.938010711154
31969,114367.12730318123
31970,71814.44120909137
31971,24346.99101652152
31972,143257.15366188268
31973,58803.68802629126
31974,36893.37754150722
31975,53762.64441144143
31976,95865.70502722349
31977,55501.075992563194
31978,25904.089244152154
31979,71420.02005687932
31980,63874.92172505853
31981,16493.345169653792
31982,58223.6252276802
31983,7330.061624944336
31984,66520.41682197241
31985,63332.06923037371
31986,132164.13272523318
31987,59126.925463592954
31988,77919.37452999128
31989,12540.997201966915
31990,53114.65208746343
31991,40607.94989907188
31992,47775.03578545051
31993,4557.936775762803
31994,87219.3010870861
31995,201311.14132658934
31996,6458.289707310554
31997,51482.33396184718
31998,41047.0196221506
31999,34102.768367366094
32000,14269.391206837861
32001,11453.949239379635
32002,6047.479192987362
32003,4002.9370273638187
32004,5570.242743490602
32005,17870.228996626116
32006,85673.06883297498
32007,2732.7221718452734
32008,11061.65019383596
32009,10513.114768753076
32010,70783.63738466753
32011,21930.082022293624
32012,63838.76032702102
32013,10257.810513142422
32014,86521.19537513748
32015,42144.95091063029
32016,14313.036842108335
32017,8563.011984400295
32018,6692.605807394554
32019,4364.103935037103
32020,20911.953463113678
32021,4368.182484929391
32022,34302.24179840686
32023,19345.812941733646
32024,16763.199143849135
32025,3753.282506854816
32026,29489.621620096754
32027,9973.505915419728
32028,16668.584866696434
32029,3834.572723106599
32030,29558.404009363374
32031,48377.948499084094
32032,15670.18930778658
32033,15438.58358784083
32034,11137.589467924916
32035,12782.785074241523
32036,24336.017314985183
32037,4042.8544385377954
32038,13792.874865306598
32039,16624.697605675527
32040,33739.616082431974
32041,20198.049890345694
32042,19116.000328292903
32043,4588.989168108334
32044,26180.473572891326
32045,25820.72297096561
32046,40089.36655862115
32047,9405.032221987483
32048,17026.302922973922
32049,8789.06827323735
32050,34664.88731810684
32051,37999.9003272674
32052,14231.015510702027
32053,1103.589584332772
32054,21765.117406911944
32055,49189.545370611304
32056,12769.375986791452
32057,12618.247958039114
32058,2816.7696033163597
32059,21721.079149683206
32060,8135.1018875230775
32061,62754.67696106129
32062,17546.804425779555
32063,73555.87050451557
32064,19313.53812030587
32065,13228.283226732563
32066,7313.03779146257
32067,27521.056371031347
32068,28980.86211556535
32069,36145.93662258307
32070,12380.273256397315
32071,15377.12205116328
32072,6890.373770222987
32073,22940.106433320747
32074,5411.900995408443
32075,16252.816033926367
32076,20212.15068891262
32077,8458.189222383542
32078,11785.953198649262
32079,35873.44783458336
32080,38567.24871913781
32081,19268.55729137698
32082,20708.973571218463
32083,40769.19304006913
32084,6189.642192983527
32085,48241.40237817373
32086,9822.520362019335
32087,6474.413983336099
32088,9407.357666745602
32089,4277.024725176701
32090,25544.49823035775
32091,92106.71229949377
32092,24642.137387954765
32093,17459.234079802663
32094,49315.56676241643
32095,9305.832338966393
32096,76669.46144531746
32097,17691.15413250575
32098,63628.196692627505
32099,13539.980525760586
32100,22331.597131244656
32101,16320.70802754006
32102,55572.51328573478
32103,24637.368991905543
32104,60513.00172731493
32105,31123.564193221137
32106,16218.982799769095
32107,14276.688693310627
32108,2426.7406832254123
32109,15384.542484888289
32110,19141.88129631243
32111,6294.93993798199
32112,17555.18547108249
32113,23209.759083605917
32114,16626.973577305012
32115,19556.648635528112
32116,18719.88280573374
32117,19593.35775574831
32118,53828.29283573781
32119,35749.82429149331
32120,13534.756503483137
32121,7408.722405337914
32122,51574.538044673085
32123,15783.627779027813
32124,20443.544675786517
32125,3166.668862684448
32126,9229.715194458895
32127,64860.28667764348
32128,25688.886365760347
32129,49697.50419267165
32130,17633.215103579325
32131,5480.4719237847485
32132,91329.3837123006
32133,10045.82845231894
32134,5479.633821636592
32135,38251.4684399757
32136,22669.278563023177
32137,2753.1253312259637
32138,50945.396754017456
32139,19853.19104516526
32140,59743.50606692503
32141,9659.085843939078
32142,11836.454394817018
32143,63855.76707890684
32144,33977.31745718725
32145,45405.57187431916
32146,5508.906231070975
32147,22948.78416266546
32148,23980.14695460268
32149,25894.41629162493
32150,18617.745958378615
32151,33881.672214961625
32152,16659.168288205852
32153,10969.65358668014
32154,20015.699457685343
32155,39385.79057544956
32156,11589.329294070567
32157,30529.780183110426
32158,29062.365222974255
32159,43341.55695357684
32160,58546.920682183736
32161,20164.618617072898
32162,24691.891255706116
32163,45218.27177954353
32164,23334.034059913196
32165,29682.53362920334
32166,22020.209130963427
32167,41795.93302731342
32168,47314.930139824064
32169,38710.86225349199
32170,5867.273252592267
32171,22602.88674405983
32172,15814.595243704565
32173,59168.3619464571
32174,15063.090027928421
32175,21966.84300823237
32176,21400.20484331466
32177,37730.634705150704
32178,24740.75383342297
32179,1201.1471114334777
32180,72970.88349021805
32181,10615.761226518447
32182,39264.03490042499
32183,1102.3240256340412
32184,27245.85097783145
32185,36951.31764418992
32186,18783.016525629762
32187,28045.011609544807
32188,19205.659476096596
32189,58357.46281232452
32190,25651.256886232426
32191,85296.53880716313
32192,64627.45130610783
32193,52524.43430723252
32194,4008.689344692304
32195,17962.936704282893
32196,3679.577793199914
32197,10967.840089996396
32198,35370.14429203899
32199,4915.53988389987
32200,88806.27403478848
32201,6089.507163109642
32202,18557.08228498064
32203,13635.058656861851
32204,20639.561153192346
32205,15356.213690631705
32206,27315.485063017062
32207,7160.970293131746
32208,5385.193394060351
32209,32154.724369513388
32210,35640.80064332553
32211,18447.164329605843
32212,37018.755911339715
32213,20810.33096375244
32214,11498.205228797851
32215,26880.227407723487
32216,26216.350248740036
32217,34642.50473765613
32218,54217.760843623655
32219,49494.067838628245
32220,19494.110184926158
32221,35239.98206463401
32222,14762.054885400716
32223,25875.049745978715
32224,75957.52932915285
32225,72440.8890753388
32226,33955.45611188083
32227,6997.717117077428
32228,28943.661096942265
32229,16816.71306121176
32230,11653.990550441653
32231,18956.261293626078
32232,6499.857999122126
32233,31065.35251562796
32234,30171.549181004924
32235,3838.4684040972734
32236,45911.83084347137
32237,12250.883067943956
32238,25670.013686507136
32239,6421.972988010906
32240,69430.45341868054
32241,32846.656653035236
32242,3527.57485782054
32243,32103.461122732413
32244,4173.652949073619
32245,14384.057670158838
32246,21999.809755649192
32247,24814.933296015337
32248,108689.9153757324
32249,34930.832688207294
32250,18437.285319947612
32251,11458.387467090482
32252,32186.80147095391
32253,4629.571860837998
32254,19610.295453817456
32255,23642.5338041305
32256,7892.036331793176
32257,5995.248739969702
32258,11875.39834162245
32259,67074.71263487953
32260,1663.4181162561072
32261,16185.670069565802
32262,7835.688810742343
32263,25034.05674270023
32264,5963.484615791266
32265,5281.666741387659
32266,19590.988044002723
32267,9143.630439026447
32268,8639.94686006427
32269,4924.817732403014
32270,3169.596582544083
32271,47913.463976238716
32272,13152.968000001694
32273,36038.95894002775
32274,4234.871167239181
32275,10537.586221979544
32276,7815.296479918144
32277,12247.130510901972
32278,20176.8763443407
32279,25629.19174976797
32280,4375.253531616726
32281,19804.00056544269
32282,45696.33437304865
32283,5506.983851246411
32284,2975.7344030375743
32285,33292.459056912085
32286,6623.117378863046
32287,24771.36899796149
32288,21365.2529893686
32289,19542.235231364863
32290,21353.239363252105
32291,36781.74041066385
32292,18690.2079658064
32293,2497.003953221649
32294,30098.768396628173
32295,54742.02121977519
32296,32068.8628897741
32297,11893.766285065647
32298,25486.410644692947
32299,17563.513519540524
32300,1505.0287539174365
32301,3163.8308885183956
32302,16073.430720851142
32303,25352.773215190286
32304,25553.51076740006
32305,4172.852140684379
32306,27395.203947834347
32307,19432.72410872612
32308,35384.612701250415
32309,15370.724377368571
32310,22124.75501710078
32311,16501.224421008978
32312,72029.68325641844
32313,73149.5829041445
32314,7076.94776020261
32315,19236.625858506515
32316,30546.316522904395
32317,12278.156125420626
32318,8401.331231388
32319,50279.396768547755
32320,1329.6686336618495
32321,21556.832180148926
32322,4947.3813405186775
32323,16597.902813736182
32324,4879.754427617331
32325,42677.2242680014
32326,62324.695098211014
32327,21643.07865089937
32328,56340.58396656189
32329,11580.747057501563
32330,27891.690865900888
32331,16565.042029055232
32332,10234.414656758134
32333,9665.758031483305
32334,8661.915291894768
32335,81220.18833144185
32336,24240.273635480968
32337,30369.212893396336
32338,32049.12488310285
32339,12848.690962870502
32340,14577.277799816624
32341,24636.52327492297
32342,69918.63385828273
32343,1586.301355237609
32344,25302.540614781985
32345,32041.81904298196
32346,4776.639256504103
32347,28793.869058264463
32348,17566.78217167176
32349,33764.305171446256
32350,19398.565057178294
32351,9296.855936265927
32352,41860.76484774608
32353,91995.2063357635
32354,32425.51866393657
32355,36328.63726301335
32356,38460.955801706
32357,31906.39319136066
32358,29063.51864314571
32359,92618.60995638417
32360,13555.093849812924
32361,19310.622588655857
32362,22030.31352106552
32363,42841.65272507042
32364,41178.46247931074
32365,30985.702751977024
32366,5002.27952603322
32367,38477.937220157604
32368,39420.10166726375
32369,32318.388254735837
32370,10058.318487693616
32371,11631.693300055489
32372,20025.72858588378
32373,23813.289833212715
32374,13586.073836690535
32375,3300.377444312669
32376,21351.5476991289
32377,150654.6874716717
32378,14594.950334430116
32379,17486.534852241006
32380,31025.69648438876
32381,45597.94553070709
32382,3041.6379564429126
32383,3056.7444143955486
32384,19672.059267933237
32385,40606.54545510336
32386,32277.514110347656
32387,9933.283817455067
32388,13691.100090907912
32389,22800.071845043734
32390,13963.421374643443
32391,7714.952863911479
32392,1201.2720045528988
32393,35522.80673399656
32394,63957.832466658394
32395,24130.79055671785
32396,3926.0411870599014
32397,31103.61232609555
32398,18229.656015703178
32399,5406.71788760408
32400,37159.59345821741
32401,12171.844986462695
32402,12673.094974616017
32403,41184.83675761166
32404,31699.301717772363
32405,32412.50919195833
32406,20224.180771259344
32407,15510.66784455258
32408,1578.079526778328
32409,30121.793199086973
32410,15359.154257756405
32411,25807.249424330512
32412,34434.386966134116
32413,8193.432522216212
32414,41669.25935907163
32415,23150.211865004385
32416,8472.499243895825
32417,7956.375693010989
32418,64928.148459528384
32419,11656.606065047568
32420,33552.2329070969
32421,6241.343200199977
32422,23697.580795551545
32423,7838.8668147872795
32424,25750.322583634417
32425,11406.974424979346
32426,27042.476255635465
32427,44360.01163573032
32428,4996.457401530321
32429,21957.753643225824
32430,13901.676209727626
32431,6688.778045141403
32432,36859.47789842871
32433,48380.81235524803
32434,9430.114782842646
32435,10266.419788734356
32436,57176.26584996626
32437,15221.251977168264
32438,26484.299065786
32439,24052.49914497632
32440,12958.560349023197
32441,23209.853432565644
32442,16815.067453030737
32443,21044.64900096619
32444,44281.787923711265
32445,28246.226529225703
32446,17581.80809048255
32447,9187.977413178722
32448,12649.492385845291
32449,70826.69525892558
32450,4211.447099628986
32451,4700.336252715509
32452,5924.501420521584
32453,13565.894173898672
32454,23313.50071598737
32455,8567.855060152486
32456,39900.60242877492
32457,11017.778097072243
32458,18143.520540814894
32459,44776.59624710225
32460,33966.49758207631
32461,7070.673662538747
32462,6158.139205810838
32463,50965.26530536274
32464,6840.816331930472
32465,40435.80805791508
32466,4321.268883863046
32467,20956.741679441773
32468,62126.15275569938
32469,34253.15632382482
32470,3483.9536471601828
32471,45418.591930915194
32472,50519.68205047217
32473,186748.39471777933
32474,28016.239424567862
32475,13048.230131033286
32476,32446.94464065306
32477,35156.71343874045
32478,52039.51613602216
32479,59339.93952905922
32480,4106.25734843037
32481,20928.677608858397
32482,5085.694200121456
32483,25354.114477234227
32484,32561.753304045378
32485,16741.85905860952
32486,8219.735419113456
32487,22322.46437195951
32488,8384.288705482502
32489,34575.446907093996
32490,13456.7447687475
32491,12743.668803918836
32492,25828.167992610095
32493,37143.422598981764
32494,13605.470240893508
32495,10093.233141843415
32496,2742.647882873695
32497,14046.738674326674
32498,22471.08450811223
32499,16191.425822751335
32500,10685.07589923861
32501,44207.908744446344
32502,33372.31903689903
32503,22634.08260234828
32504,24705.01393746062
32505,17731.849917592383
32506,11750.219027816678
32507,16969.12600449686
32508,7867.11856211188
32509,31673.53242487844
32510,51904.70943390518
32511,24555.73449910674
32512,3868.1108896735495
32513,108122.24826238338
32514,5532.463659325423
32515,12806.687143249152
32516,3883.868797507704
32517,35066.27420871546
32518,20168.54831056129
32519,25498.553046361598
32520,5140.3275336686365
32521,10358.7086621695
32522,18027.695640802736
32523,4237.183427730827
32524,92929.87156842844
32525,21031.591272495152
32526,3028.9534601978694
32527,21228.667886812287
32528,34836.77615199317
32529,3473.6092253088746
32530,31067.388477459648
32531,30912.398665472385
32532,24420.1152887691
32533,30960.79492093989
32534,7167.675980446667
32535,17146.388696603775
32536,48588.86653634865
32537,19661.60718736984
32538,36369.80307673399
32539,8521.332811829565
32540,5286.477480565477
32541,23255.132721831193
32542,9266.66165940523
32543,43812.75388903643
32544,1294.9095588152145
32545,16036.049874397659
32546,25734.705046291016
32547,23799.782122858272
32548,5027.038117432915
32549,19366.924127201204
32550,974.7813833896068
32551,27713.686989207068
32552,17224.822982011312
32553,15939.252308313553
32554,3519.4895978496265
32555,33352.770802810934
32556,3678.9556911758027
32557,15354.890363956618
32558,12118.397633776287
32559,10324.420676823336
32560,6431.801734501444
32561,28985.530731106937
32562,40716.47314120706
32563,91093.61016115536
32564,966.289467373977
32565,20900.468172903515
32566,27865.796913640275
32567,4975.815828950095
32568,38925.52238120112
32569,30274.985357483816
32570,12890.87287825018
32571,27027.02475421932
32572,5980.156929063322
32573,29963.33938460355
32574,11835.972919132017
32575,19947.366685160167
32576,26744.695475666944
32577,21447.809819011793
32578,52788.87173338945
32579,17047.71013685233
32580,108216.91296235546
32581,43259.36741046763
32582,21075.866167265613
32583,28479.84712037111
32584,15628.310193957039
32585,65841.16674994485
32586,14557.639332232864
32587,39538.20991128047
32588,6551.288953509158
32589,84315.41017844781
32590,1211.760429666848
32591,2817.179453825433
32592,20714.83365802196
32593,6508.593971920958
32594,34464.54678097011
32595,11142.82329742371
32596,2476.484543837855
32597,7483.664270620456
32598,30511.047236670584
32599,11837.257521865153
32600,7310.822395695988
32601,7478.482783051639
32602,31054.64535138987
32603,35886.88848501175
32604,41426.18700753972
32605,9697.806855123956
32606,21161.43093499003
32607,36334.753459783664
32608,2315.749293942626
32609,12219.62606659013
32610,51168.5090010578
32611,17513.900975624387
32612,8420.55134700318
32613,31965.343831357433
32614,4700.3105078919025
32615,12615.861400588095
32616,37971.13322206289
32617,41278.30036091105
32618,53797.75387060801
32619,34351.041951311665
32620,5417.46683236735
32621,16874.225227962437
32622,21899.564352933783
32623,4525.080284894677
32624,11611.471464567452
32625,77037.14559983066
32626,40143.75648152505
32627,53170.888525621835
32628,11689.591416387315
32629,31634.752113418876
32630,18361.46760226099
32631,10833.238661754356
32632,8086.740782003314
32633,28149.560629431748
32634,8068.4897451964935
32635,29211.6124574086
32636,25079.48328459609
32637,10068.847037559595
32638,17656.311538403377
32639,10531.908035519524
32640,6913.546468733352
32641,56711.18182159861
32642,10144.080032994076
32643,13718.13611110563
32644,25112.67858501461
32645,63143.03710434656
32646,7841.733088942597
32647,5773.346532003236
32648,26631.23715027535
32649,4878.34027676976
32650,1092.3575126847477
32651,20581.791438458153
32652,21711.79756445903
32653,23446.73139427425
32654,24922.923817387833
32655,13958.572350343795
32656,125222.58921459268
32657,42354.633740624144
32658,23647.835736199828
32659,20260.913112806502
32660,25720.842366068853
32661,44863.02270128601
32662,50415.333882795305
32663,12064.224901306818
32664,17429.5182537239
32665,12148.938882135766
32666,6942.373921724538
32667,17709.9018653874
32668,14725.256823855614
32669,7552.496698218379
32670,15822.297544759016
32671,6990.56012532992
32672,13191.995295940776
32673,30288.49354686675
32674,18695.548300236216
32675,7335.17123501477
32676,9805.034447827287
32677,12641.01328398603
32678,55730.94319615086
32679,8379.8525178093
32680,9995.64341675251
32681,53551.80038298875
32682,11221.257770380727
32683,10083.160982521746
32684,10834.340676317255
32685,42768.34315417084
32686,63112.05572455312
32687,10954.3847564604
32688,28038.821344333097
32689,35825.93652672765
32690,33300.03233890808
32691,46754.40314290861
32692,17739.932455759652
32693,84243.77402848916
32694,12720.760180090081
32695,11163.167316917114
32696,10686.071903776965
32697,18180.04913191366
32698,2328.291063148658
32699,37132.8253122346
32700,20692.46701310635
32701,37572.292648926115
32702,5440.734724682211
32703,43953.47644378933
32704,20847.706232728717
32705,17826.134576361328
32706,36935.1788984135
32707,13807.190882379986
32708,10092.460595687879
32709,19527.33816026736
32710,9951.23486202657
32711,1378.6290133544642
32712,6143.866076860516
32713,8401.054242654924
32714,14159.32758965978
32715,28784.97054415286
32716,22435.766278968367
32717,20378.46796249798
32718,25712.05897258781
32719,21571.000298841183
32720,8700.499597653072
32721,18846.861223630458
32722,59525.76639572825
32723,24169.194668314012
32724,6673.268351190117
32725,59895.837143745775
32726,18510.33982605352
32727,14420.795549044395
32728,20763.86364914873
32729,11794.74789242785
32730,14341.12688669679
32731,9998.527058276139
32732,18773.343021930337
32733,46060.5617333202
32734,34445.22821854201
32735,9353.772191527452
32736,18129.141817533415
32737,3195.44775024832
32738,28095.682640714505
32739,3155.58192709462
32740,4488.926386606415
32741,871.586970879026
32742,27731.934797366008
32743,2881.1151825238985
32744,6075.912635259222
32745,28342.39179978997
32746,18688.745058458117
32747,904.0053168291116
32748,48811.41228826841
32749,14301.235084800837
32750,2147.296498818653
32751,16007.388797451984
32752,19841.82901241001
32753,24862.513063214832
32754,85544.56200556392
32755,19509.678025218116
32756,8289.467062654317
32757,15928.05784089051
32758,17266.577010799847
32759,14291.60639870754
32760,41350.50304115429
32761,21489.5148094495
32762,35275.20538070401
32763,9034.688505211709
32764,48750.266409968404
32765,55438.91996418926
32766,12085.625755187317
32767,3311.1718924662205
32768,15754.777790462369
32769,29406.315785074206
32770,29750.20232465432
32771,14835.909723812269
32772,1411.2790923932562
32773,1266.567943865538
32774,9265.339876862745
32775,9372.126582732095
32776,22530.934666916095
32777,21165.58634913843
32778,16384.643079730347
32779,22969.63998261468
32780,3686.46569238613
32781,57355.64835069303
32782,22247.76272072862
32783,36456.639852169814
32784,27262.210974754213
32785,5258.222186555369
32786,6329.866929048891
32787,15902.67045762587
32788,45891.356086433705
32789,13735.891123742866
32790,9760.220829485612
32791,25003.515716867274
32792,17611.43124968729
32793,1872.3567764244385
32794,128048.25862729744
32795,18180.871970513203
32796,26006.56802009036
32797,25752.984592294677
32798,10044.707030224035
32799,25535.938094656965
32800,28583.892667721633
32801,14701.738700304835
32802,52926.860305543356
32803,34262.72598260191
32804,12250.14557592212
32805,37985.59300784053
32806,43928.109776241785
32807,19264.107460227737
32808,32037.897155766408
32809,19039.948821601978
32810,11410.528218252053
32811,29713.579375286437
32812,16593.279180692847
32813,30136.80846796785
32814,18477.165497640555
32815,2565.185359038148
32816,23148.341425790786
32817,24297.636140270446
32818,78327.16913387904
32819,21649.253038056137
32820,5279.600775889899
32821,32000.980135068043
32822,14121.35707963399
32823,1600.5997230475573
32824,3214.6738324159
32825,16726.565732969782
32826,2583.3366469426696
32827,10324.165343205088
32828,14352.840030427638
32829,3509.917929793375
32830,9594.88972357003
32831,2817.2047084036326
32832,2537.395842089162
32833,22517.679720973974
32834,13511.351308064157
32835,99977.1127872518
32836,45380.94107962086
32837,27993.794819694383
32838,30789.138724049197
32839,47610.28490267988
32840,13826.040224576143
32841,17997.637415196354
32842,6609.866960594839
32843,5231.453256325274
32844,7953.010956188337
32845,5629.497969825723
32846,20766.998972132507
32847,26678.574800248523
32848,9066.33668250896
32849,129314.91449299401
32850,15725.428730793037
32851,7978.258175885927
32852,99618.14295892858
32853,16895.783382873946
32854,11890.395345029332
32855,2137.62171857549
32856,39820.608301641405
32857,6881.014408343582
32858,14736.131649251156
32859,46153.965003579906
32860,11304.337747766953
32861,22730.175920463138
32862,18042.891727328777
32863,6237.960400820227
32864,20030.54428073018
32865,7716.466557371447
32866,33238.05329373932
32867,47189.71562979615
32868,5772.426584837156
32869,23057.7549269925
32870,5289.521904975531
32871,9589.438549315797
32872,7388.310952286616
32873,24520.421965332433
32874,9931.099700420766
32875,10116.597891974376
32876,22706.75172664369
32877,80354.8934473572
32878,21154.06218018203
32879,10284.60942110216
32880,4214.598589629997
32881,2906.536568820005
32882,7164.523353520135
32883,13550.461510503485
32884,3186.500060043288
32885,70697.83952762852
32886,45338.200120569716
32887,26852.786085106254
32888,10702.441612599174
32889,66272.2891062939
32890,22577.225154672717
32891,20539.1788982823
32892,30996.010973362754
32893,20650.014995148736
32894,64040.874722294444
32895,29754.6338305226
32896,1972.328257252781
32897,49700.58404069966
32898,3739.777424701512
32899,9834.378152560234
32900,30423.893330360755
32901,10365.583877077544
32902,30380.264621011458
32903,5480.048292565294
32904,11494.413558621314
32905,118352.61083392236
32906,16065.12024589204
32907,15837.690840273493
32908,6954.69360949872
32909,5992.929200527092
32910,30092.066112314213
32911,23854.494826477283
32912,15830.733732933611
32913,8853.56432870616
32914,21885.122518545377
32915,1802.4278896494993
32916,6404.2992888253075
32917,13391.662635450424
32918,43054.81490123579
32919,64375.48910662242
32920,2606.393567915899
32921,23072.25560181247
32922,3742.108408642577
32923,46241.52200040081
32924,23713.114017172422
32925,25706.60288942374
32926,55125.140475692075
32927,14236.212845819111
32928,47069.61749635723
32929,16506.62695773288
32930,24747.791363291497
32931,19082.9797373285
32932,58405.513349090346
32933,5451.046744308141
32934,21558.20249918289
32935,23411.255791813477
32936,4717.501857156062
32937,12665.5877898926
32938,15572.282212709022
32939,12759.899143457258
32940,6386.389388384469
32941,15583.296871832055
32942,6531.929948538632
32943,5209.4381846434
32944,39291.24051697485
32945,32440.832274966844
32946,14872.484242060427
32947,27329.832109887233
32948,120378.24141495256
32949,30763.390469161997
32950,7685.805079879871
32951,15797.76798127547
32952,7464.860321943425
32953,18124.005985823944
32954,16600.198809228914
32955,24366.337401936544
32956,2083.6546418372236
32957,37070.050125385955
32958,22419.363817968166
32959,48593.870306024175
32960,63301.960892279385
32961,27540.715611700776
32962,34275.96881772686
32963,5297.2014621767885
32964,31070.27392304791
32965,8301.254890362818
32966,2224.280191238109
32967,31164.29395870746
32968,2147.292577118941
32969,15252.113484401261
32970,51207.039190962074
32971,6509.456678013858
32972,9081.720641966649
32973,73927.26108361453
32974,32665.100809734733
32975,55067.13601590742
32976,84962.14799124953
32977,37814.774669194274
32978,83392.46907550402
32979,29364.249374152678
32980,7405.942865745193
32981,25393.042353640576
32982,76499.39379569683
32983,7643.864576018174
32984,33424.544176397816
32985,25867.980682199443
32986,18874.428043957385
32987,18606.877193838
32988,13756.418794139536
32989,37245.21031364579
32990,29802.105823971746
32991,14314.934917670511
32992,6040.736045784239
32993,13136.082097514787
32994,4562.244237083586
32995,65924.87018814906
32996,43267.83703249311
32997,54498.73608602824
32998,14024.058498072185
32999,28350.54092431644
33000,17475.15183616041
33001,29708.432452365294
33002,10984.407017841528
33003,1663.141201311132
33004,35448.276216382255
33005,3640.927783761125
33006,8328.699585777718
33007,11214.335782114189
33008,13956.575443607262
33009,15948.791840502963
33010,26873.871155888985
33011,41762.79864492119
33012,8979.294618759059
33013,21232.296009077643
33014,30759.021106404478
33015,15760.628765733009
33016,21908.621665087085
33017,47978.55155385408
33018,49666.630864215236
33019,5740.707811019267
33020,9439.034009975312
33021,16253.692714181487
33022,1767.1490843393933
33023,16505.400976611967
33024,7117.515078351242
33025,36860.80545057491
33026,13895.892062796484
33027,7300.718722651277
33028,4686.034371809461
33029,10377.572691411844
33030,11214.72389562332
33031,12132.801296893704
33032,16779.864383952456
33033,61146.37361465638
33034,49999.972255424924
33035,3321.356593594743
33036,6704.617504137405
33037,17641.88601206707
33038,12143.855102229356
33039,44537.214274801
33040,37359.186963835295
33041,7394.85345817996
33042,67646.87787143084
33043,17550.407527032134
33044,20100.698561031808
33045,10920.029617541519
33046,10607.258783173374
33047,82605.65551269891
33048,75773.70989727897
33049,23015.614215912705
33050,49001.88840789724
33051,4810.916524407846
33052,48906.63965017905
33053,20750.73322040595
33054,18333.493528471303
33055,117432.79050756553
33056,5180.38453479698
33057,19233.803303856137
33058,8623.281997288757
33059,17091.50566785563
33060,56790.14226462156
33061,5276.297780603969
33062,16445.153958428837
33063,12727.431009126907
33064,14017.756740533421
33065,17012.90087683513
33066,11756.405923633743
33067,49924.481802500115
33068,30710.728234970888
33069,102144.17630233493
33070,25874.16545326392
33071,48972.84882808581
33072,21043.573197396636
33073,7986.934879469104
33074,16806.905998691043
33075,29241.790567899534
33076,13259.230600006804
33077,22350.101963999936
33078,12426.845453154905
33079,98583.56101940636
33080,5590.683188583311
33081,17840.818049047848
33082,37240.28979972393
33083,27453.732499331334
33084,4491.06238399326
33085,1892.8020643239804
33086,30315.26987529122
33087,3298.597845776674
33088,20087.821169592313
33089,12086.075783812932
33090,10270.596673901438
33091,61675.538898707724
33092,14143.773315153525
33093,20472.462452510965
33094,14788.278183976126
33095,17979.54717719388
33096,34065.3167871263
33097,9050.941309116137
33098,20972.937935804817
33099,6999.191936294595
33100,29546.48411160978
33101,27361.95340613617
33102,4452.73327992381
33103,26350.721251233877
33104,13359.38959694044
33105,34266.38705584758
33106,64781.96402100406
33107,23668.45511124717
33108,5424.514792066774
33109,14419.55978052655
33110,50436.22621993839
33111,15678.99302005152
33112,5755.793047992949
33113,27504.759920201002
33114,31710.207671256612
33115,6599.150083125212
33116,16018.159213393777
33117,56638.51252986373
33118,3188.216173820733
33119,25599.34215553298
33120,35510.243969496754
33121,21028.949733302627
33122,9774.541973878173
33123,6988.531240426988
33124,11170.972428557967
33125,25609.725834800614
33126,9212.130765788519
33127,2577.2193996304313
33128,3989.335845324914
33129,25810.420853733496
33130,37078.5889958004
33131,28638.147674030464
33132,21144.44431785637
33133,17634.96661672193
33134,27915.301933424453
33135,63172.151087202685
33136,41947.90355187654
33137,42495.17805675394
33138,58155.9953629552
33139,26036.563389652987
33140,57483.02248255309
33141,23228.36584272753
33142,16370.498642657612
33143,23493.084474775493
33144,10558.133269080126
33145,13435.330070448357
33146,3755.663811061123
33147,14757.081072361221
33148,36399.01283601401
33149,8165.771346018895
33150,27758.35538428044
33151,19119.59181766987
33152,83390.12010114524
33153,22547.837699704396
33154,17551.807977798187
33155,13409.099576378534
33156,19816.146365978373
33157,71657.11444180542
33158,7129.492323102362
33159,114387.32930130836
33160,16073.946051860587
33161,17488.60123850631
33162,22340.837910626546
33163,24509.35023068141
33164,14645.316817187719
33165,13739.321444922009
33166,4900.582823874218
33167,20912.087044795036
33168,15709.923889268097
33169,73270.50341513792
33170,33524.34464896831
33171,32947.64404151755
33172,7768.40290627595
33173,32867.5638156677
33174,22018.928680090783
33175,16665.330484562182
33176,25183.003249195594
33177,4737.366039950626
33178,18150.854843430778
33179,48948.200213351185
33180,18588.857494665765
33181,15442.82580500451
33182,6172.868947922856
33183,19000.706074084144
33184,69894.65228911862
33185,43639.53188942952
33186,57627.231461591575
33187,30727.494177430133
33188,8386.889314425911
33189,10910.959247081886
33190,5798.137168164767
33191,5177.76146434042
33192,8426.385070045697
33193,77594.2560584933
33194,29171.44334149357
33195,10959.029935768624
33196,27495.42432529872
33197,23597.357882508044
33198,7903.2281625007445
33199,13237.243970024903
33200,3455.1039350704796
33201,13919.648727165637
33202,1381.2458871152985
33203,27767.40200793763
33204,20846.34910249307
33205,114059.54284274197
33206,22110.478645449522
33207,55391.503087214354
33208,7430.193604474527
33209,13899.355731752832
33210,28837.67456497271
33211,16652.890934995332
33212,9780.477581630072
33213,25254.911757974056
33214,11110.024488796204
33215,22311.729374416762
33216,51451.37959526541
33217,24591.836554271857
33218,13774.270242110302
33219,2034.9124312296954
33220,3177.9176148710103
33221,15327.471042028266
33222,20364.60586991665
33223,3381.86134503425
33224,7665.176926306269
33225,55527.823610525214
33226,11944.366198343772
33227,48237.334696084414
33228,5664.075125758241
33229,7076.580077160855
33230,32169.60762452788
33231,9299.124532091733
33232,24774.528760098397
33233,8768.469644641511
33234,22877.438863364114
33235,21681.07649485695
33236,29952.459535146267
33237,16477.655336022286
33238,3231.301502549679
33239,49946.02837884509
33240,32731.92019798083
33241,3643.5205241578283
33242,27800.578701856874
33243,11966.81324354098
33244,36331.83702636514
33245,15348.184323732181
33246,55677.6749864184
33247,88072.00057640212
33248,22566.038690776935
33249,47676.62844789059
33250,6832.763438119261
33251,26626.869761428236
33252,3904.323555238369
33253,27311.54356344082
33254,25586.788645725523
33255,17580.62204571472
33256,18724.08449298224
33257,8981.325682967734
33258,11983.188402806794
33259,57545.59102672955
33260,22161.75071773368
33261,27937.186915680322
33262,26735.205137414887
33263,23963.70502897215
33264,23545.46102191357
33265,59906.73744943623
33266,22306.653768012737
33267,73905.46608463443
33268,4751.261510650714
33269,38561.60550968586
33270,30145.279612618353
33271,19408.378448835047
33272,4078.025228149005
33273,8408.635431187324
33274,35658.88886884234
33275,31567.24938064735
33276,24823.798452153915
33277,9824.465288400737
33278,25435.03671932132
33279,33978.48075786564
33280,17660.721942791348
33281,19374.46841735133
33282,8967.821966511412
33283,11836.985341413636
33284,13112.844996044045
33285,53725.48094562164
33286,12880.41338480816
33287,7902.289443347186
33288,36540.992981068724
33289,45521.9847776897
33290,5498.513435780022
33291,23757.326843123443
33292,8630.583558361624
33293,22572.18689819147
33294,30883.994890431455
33295,24744.95254117475
33296,19859.21481769112
33297,26286.89061129448
33298,5051.7747559487
33299,81689.11594613026
33300,16276.476048236975
33301,28186.06975609851
33302,60278.6345690912
33303,35598.723625217935
33304,32263.775082569606
33305,30357.060709317324
33306,16473.6415784037
33307,17251.928852140285
33308,37750.66271035383
33309,14523.16582011401
33310,7143.722687394528
33311,30115.275966745863
33312,28889.839558984677
33313,7627.294738745412
33314,36849.73663712583
33315,89121.75712341914
33316,21231.802746719604
33317,26170.1669367539
33318,64980.203466466606
33319,108165.13929945554
33320,10390.238951813875
33321,26211.405698187453
33322,28336.500818330114
33323,19614.69409629285
33324,43666.215884387086
33325,10735.710195411277
33326,30592.676143359316
33327,13401.103419677103
33328,2311.4774956128026
33329,20758.52920216956
33330,11002.332814647189
33331,33197.81366088339
33332,12444.916307380865
33333,11742.758366957327
33334,24931.333753327937
33335,26560.43718787764
33336,13671.81602666869
33337,11480.38461644899
33338,4288.02743817661
33339,3390.8682201027837
33340,23538.27205212845
33341,2581.967046839998
33342,13516.870294266211
33343,28920.51123272095
33344,30080.44274969733
33345,63723.495160613376
33346,64751.17736257534
33347,18815.009315491647
33348,7076.627605950722
33349,4280.931859976733
33350,39853.809979980295
33351,14939.582090736521
33352,21372.799255523234
33353,2278.3706905246304
33354,21763.52394196927
33355,36857.69725538601
33356,7878.260503895298
33357,34767.581289372036
33358,39009.92814343563
33359,23816.06245509377
33360,17382.533644428153
33361,7384.010493218103
33362,35374.52132995447
33363,14563.798560362642
33364,11193.568141234167
33365,8564.149840567481
33366,7954.810000465385
33367,11031.328243630664
33368,5893.470858756344
33369,19060.00014427262
33370,25843.430437584273
33371,18696.678961731
33372,15848.476793141775
33373,14108.230556615
33374,47318.64162642121
33375,19848.74361029955
33376,17417.33098277542
33377,29897.945810658224
33378,7899.254427712952
33379,25193.206597117703
33380,27243.411444652007
33381,30999.500149075622
33382,5371.615010259341
33383,5325.7801323943195
33384,23382.098358666142
33385,21306.783449556242
33386,10853.999482395098
33387,6413.857286916418
33388,15712.150802038026
33389,20622.09113024494
33390,12789.055202545109
33391,75147.21209684332
33392,14332.720071043826
33393,20452.429582517
33394,12241.373807751446
33395,73527.0683772383
33396,5563.358661580733
33397,28465.06956123448
33398,2988.9748660327878
33399,7582.186823772348
33400,36470.373911772156
33401,22730.591991766316
33402,38233.840307923536
33403,20643.038415118044
33404,45369.529218926284
33405,14348.36709897845
33406,34917.44626619085
33407,19327.878913339933
33408,5547.385584694689
33409,23507.13877748826
33410,15792.082533020599
33411,6996.248152823677
33412,14831.841980970858
33413,1558.517582849317
33414,7541.189090586234
33415,28476.363760210963
33416,44430.31698751977
33417,17143.202684984033
33418,33111.9791337523
33419,8714.987808420447
33420,21991.00909669502
33421,8670.65098689325
33422,24251.538328847797
33423,24425.84816344326
33424,40037.51477847386
33425,55409.9608747465
33426,7805.692881347444
33427,5295.270936847133
33428,58073.018284482656
33429,16645.315945261947
33430,13983.746120816102
33431,6360.6914086408915
33432,2835.2700230604023
33433,22472.38102058261
33434,43544.85811294476
33435,25500.918311678055
33436,107002.4639419676
33437,16443.097653131434
33438,8553.322928266456
33439,57923.15948861808
33440,39731.29104682532
33441,21483.26707204675
33442,64023.761763367416
33443,14750.568822155246
33444,12877.38112824235
33445,22459.287255117553
33446,32792.93242038221
33447,9963.848946703016
33448,7127.191881082669
33449,39759.60298237985
33450,29290.627127933913
33451,12615.604112811327
33452,24011.3729907528
33453,6519.127630404296
33454,2451.5191255999794
33455,14574.470608265809
33456,3680.8865538537952
33457,6169.193587408944
33458,35077.97306827611
33459,5578.410013090648
33460,24815.880803313856
33461,24952.10073944534
33462,65163.87838319551
33463,50188.0270140644
33464,6305.780386294423
33465,11431.47156388007
33466,29627.25465189897
33467,15945.570751440468
33468,10311.541392941463
33469,7727.412818142147
33470,32839.91370817425
33471,20509.318301119227
33472,22831.7719104434
33473,43378.90145369015
33474,5474.2179966337735
33475,10752.415450062073
33476,28711.91777225518
33477,13457.213803435232
33478,33334.81418614664
33479,11643.712913394285
33480,18351.875582463344
33481,16124.544449530647
33482,32336.167768172723
33483,19940.636315786905
33484,3462.7060623240927
33485,33388.4150361276
33486,12228.43648266579
33487,10436.078359591931
33488,113204.00022314649
33489,49663.41128619198
33490,10476.119245129034
33491,46262.713646988814
33492,31671.432809074176
33493,16440.99962177123
33494,111763.90499275904
33495,18002.016097363918
33496,22273.987595788527
33497,28346.441771941176
33498,7566.47325264834
33499,28129.26886420296
33500,16952.869943842587
33501,22288.527773654194
33502,34222.57644737915
33503,23998.049494095794
33504,36612.00596663257
33505,11600.56862445319
33506,18031.457156529617
33507,25703.31997398983
33508,28252.180315400416
33509,23577.552770424674
33510,6896.587799402457
33511,21344.995826998635
33512,12718.252901587852
33513,20640.132681597282
33514,22004.185335578222
33515,3488.5068212175406
33516,31885.88253336272
33517,19066.90366262465
33518,8997.207045852436
33519,7942.238341883497
33520,28790.486983261213
33521,21636.931450136133
33522,10697.536803767403
33523,18736.661163989756
33524,32163.24978379729
33525,5502.447365922457
33526,12004.671002669533
33527,15710.22285589727
33528,29701.46421627715
33529,954.083224040591
33530,7213.294018753408
33531,7396.180278657654
33532,34856.95818529239
33533,24124.387812104185
33534,16250.79786480628
33535,25437.637785290757
33536,63578.06920673276
33537,16581.647970139766
33538,45611.35276878033
33539,14255.7437917826
33540,5221.774090567494
33541,37619.80261505184
33542,6041.029112682706
33543,38557.2573623484
33544,20553.47128522273
33545,21107.205061310306
33546,19470.013055676856
33547,2693.388869842598
33548,13685.941240191074
33549,2326.1709153959214
33550,27719.98711692064
33551,35795.58380124602
33552,73044.54800280195
33553,21961.78892225599
33554,16435.861079867114
33555,11441.719038184629
33556,32559.878760149037
33557,26109.488935673417
33558,53589.60847216611
33559,16801.880967828096
33560,19478.13839840471
33561,16285.432289813732
33562,16441.478337865017
33563,15268.03282921572
33564,16319.764612448416
33565,3847.21386632247
33566,32479.799821531244
33567,61853.690032107246
33568,17042.247789164878
33569,17630.273938573886
33570,9203.176396442574
33571,24099.320425879192
33572,58159.6741754306
33573,30854.902156817683
33574,41441.7244485973
33575,40593.40498154338
33576,23193.69651057333
33577,17729.745680821165
33578,11026.731804898198
33579,4281.399360861369
33580,35373.89450983313
33581,22673.46680962508
33582,7456.085511791553
33583,6641.448981874732
33584,13949.092030394197
33585,6056.785726206348
33586,38676.3144086877
33587,42650.65912819853
33588,49938.37116460426
33589,22819.612054602883
33590,13711.781178073696
33591,29452.69009844054
33592,17667.770179435895
33593,20437.785588707313
33594,16165.453613117103
33595,35941.96282262445
33596,4667.264701764668
33597,12755.133844527909
33598,12471.063765407835
33599,31396.558355212324
33600,35804.7938412084
33601,8496.482178356297
33602,5966.958569209187
33603,1186.3600499704996
33604,44233.515914614174
33605,31602.83872697781
33606,57309.51111518398
33607,26584.318135646496
33608,30984.786343510248
33609,8504.490230494162
33610,29145.229329235834
33611,11453.578698838975
33612,11162.257783961884
33613,26144.970140511257
33614,17342.797689251573
33615,2950.6732619674876
33616,8011.3908984642385
33617,33637.19364410001
33618,65386.21844728948
33619,13577.807067333797
33620,14839.401359049356
33621,42617.478196375865
33622,3420.496634223563
33623,23995.3793923999
33624,39383.58510663727
33625,4763.872256269709
33626,24293.211602554962
33627,2572.6915332946696
33628,21314.7625281252
33629,14698.860355486115
33630,9274.44302460471
33631,43532.770262108286
33632,981.8295083300749
33633,31039.92784280572
33634,37862.66693712984
33635,5411.2926713261795
33636,25950.635016795673
33637,86315.49962096197
33638,28026.169189237244
33639,11488.134987726036
33640,27446.348240786843
33641,11712.638842356804
33642,20590.446872141256
33643,17781.763777174434
33644,17757.22275241673
33645,22339.905710459465
33646,34231.04120093842
33647,15418.836166804382
33648,13894.483719048767
33649,60551.40783600515
33650,6238.550789938441
33651,49924.80929035074
33652,6798.589129632064
33653,46461.70645563188
33654,15184.096379987686
33655,98340.18680415145
33656,14017.334558160632
33657,1676.9875624550796
33658,12877.699929916189
33659,58050.69285674625
33660,71398.45952870185
33661,5614.2443283910325
33662,22372.309058058665
33663,37920.77464350237
33664,5853.082873739478
33665,19401.799581562944
33666,43900.31586240374
33667,43312.368319185494
33668,21651.080455961117
33669,3803.1807981603247
33670,10584.505126043601
33671,65656.04484732375
33672,3516.353062924705
33673,108437.36746868696
33674,12142.463427030596
33675,22427.624448858027
33676,14359.274882280002
33677,10115.244247381323
33678,28364.246696989925
33679,89809.13621845127
33680,36658.02696371172
33681,11837.62716872769
33682,21432.803105456325
33683,2060.451341308433
33684,19094.46046024784
33685,20866.84427584642
33686,38751.260247901664
33687,17483.28723826507
33688,17297.159227425884
33689,11479.167998483612
33690,19943.017829492033
33691,36158.41665449874
33692,22105.014611761762
33693,34736.28124117141
33694,8342.046786875486
33695,36577.14234058872
33696,64738.92861679727
33697,28295.25616983058
33698,24547.836410891112
33699,16810.490643665653
33700,66829.04390424925
33701,12608.067977249895
33702,17898.260030411435
33703,22749.28726106535
33704,26965.910759856168
33705,5387.041680856977
33706,16537.265076098363
33707,11401.201837409986
33708,50815.63529395699
33709,17944.17010396216
33710,15062.837385426921
33711,9057.250961896263
33712,29706.82788107547
33713,22869.917434584233
33714,23715.28648266015
33715,3607.0026996323923
33716,13257.55629725735
33717,10166.07364039913
33718,32084.088915774384
33719,3235.6840444103004
33720,15830.79592078959
33721,23853.536782613326
33722,25058.75188267634
33723,9180.047893491765
33724,20307.18522372841
33725,8045.1028748915705
33726,24172.609035930673
33727,7550.8370124112325
33728,12085.409172760674
33729,13098.862229858976
33730,4104.528786164398
33731,20200.24405668928
33732,25490.85817628659
33733,3826.7140234722046
33734,75746.27457049208
33735,20322.76125334576
33736,17709.29031281807
33737,18650.59591030152
33738,32674.62826776961
33739,29559.80982196882
33740,2912.1931472751967
33741,15145.993834010938
33742,49832.63443920321
33743,112324.7983667215
33744,8089.403545389847
33745,21855.184796122885
33746,42935.42339425045
33747,25228.21662346484
33748,30607.81514475167
33749,27698.67272529312
33750,27147.54403593196
33751,28745.09113250494
33752,51432.567985800044
33753,36822.03487941445
33754,7020.768350367177
33755,39966.105914981315
33756,14283.085919593075
33757,4252.083103967212
33758,18161.936828925704
33759,10883.473016381891
33760,9162.482916964998
33761,23688.677885874917
33762,7290.56802782579
33763,22200.809035157396
33764,12344.72447164748
33765,9843.072268642687
33766,38133.336250268956
33767,3427.7663356903
33768,32904.24267555457
33769,38218.15811582185
33770,30817.776569141126
33771,5464.494062801276
33772,18032.117966161193
33773,19640.167736520954
33774,17464.899178380965
33775,27598.78739167926
33776,61719.359820196114
33777,19648.20250612094
33778,17476.200617090908
33779,22295.79324784179
33780,55516.14649128192
33781,19402.30693409192
33782,18984.623079747824
33783,4902.612404321345
33784,23329.02449941151
33785,17756.119537245493
33786,35614.58024774079
33787,19053.3431423773
33788,6022.577749634965
33789,12722.624064595808
33790,102329.09654754552
33791,6336.610311233886
33792,17039.716176745897
33793,20760.03407369612
33794,16601.463909127448
33795,10511.478787332258
33796,6871.270992582001
33797,39949.65102780674
33798,8747.34995620683
33799,7658.111754765737
33800,17419.86439658306
33801,36698.46616339465
33802,6601.571379558651
33803,28559.256994679527
33804,47471.347272292245
33805,4835.723310901842
33806,23669.665951124236
33807,22793.003075761662
33808,33079.71369992137
33809,43069.98294025399
33810,59086.96315630311
33811,6452.032055274008
33812,17065.672131745745
33813,4539.203190655013
33814,21295.726431902804
33815,14249.432533999485
33816,4404.349440479415
33817,13363.704002830616
33818,9463.555777008776
33819,16636.313895454547
33820,10707.541648398625
33821,108818.39521758028
33822,14145.292460639714
33823,51496.915383690364
33824,20096.5205026293
33825,54028.63199013481
33826,2173.7471605404717
33827,75539.97587533588
33828,15746.89591482463
33829,36746.275889981625
33830,35613.036152753106
33831,3554.8653975889138
33832,15505.043139525662
33833,2302.4178932338614
33834,59582.95437879313
33835,4353.275262966748
33836,41405.527014044026
33837,41052.399562766994
33838,58673.12928844365
33839,21733.717083710988
33840,21515.428654464253
33841,11239.4018965655
33842,10436.21946631201
33843,44355.732613481174
33844,48089.89518787839
33845,26682.368418402533
33846,26487.207506654533
33847,7125.687016289666
33848,23725.336540486463
33849,52133.13890549933
33850,43590.86995501826
33851,5045.52009353813
33852,24732.857678155517
33853,18279.858284146147
33854,12142.57386889941
33855,35155.062428909594
33856,10633.213056218836
33857,85616.79135332417
33858,16291.867693009126
33859,38937.00866124028
33860,42138.78139615524
33861,6853.791962661222
33862,26723.426083654063
33863,14220.43678027033
33864,3544.539549180675
33865,14233.887642215843
33866,15914.738181837563
33867,3600.086457196896
33868,47665.37684458466
33869,11096.363542739768
33870,13112.959904678162
33871,14846.345190924092
33872,7617.395383584065
33873,31464.06158660055
33874,19818.48690968969
33875,24170.62453051809
33876,53825.070809488105
33877,28793.356961873742
33878,44744.184224685996
33879,16041.190727925314
33880,13731.897542203988
33881,32001.45213199947
33882,24973.117229481253
33883,12363.482540173747
33884,12350.835162167823
33885,77504.02375863274
33886,10945.665098744497
33887,20384.81075534469
33888,11673.85795517094
33889,4790.524674043505
33890,26151.988404452495
33891,27485.555468541566
33892,71301.54555300248
33893,54119.73562726105
33894,12347.019973489863
33895,46319.89414459189
33896,86307.76329009132
33897,3593.894031121922
33898,43544.42659944421
33899,29115.977850742784
33900,11500.59475708949
33901,23584.444391107103
33902,10151.437608766119
33903,9123.010696929257
33904,12647.984689542476
33905,19288.435829186412
33906,29246.73333938879
33907,8576.889320145257
33908,2906.892935259691
33909,18948.190109874955
33910,18972.9718293952
33911,3484.915017309498
33912,59094.77582250032
33913,13207.871185345753
33914,8441.236238632853
33915,20855.145968024302
33916,15731.780574189967
33917,12280.610228441814
33918,40682.25476806957
33919,3064.7779661470777
33920,29406.943927056403
33921,18497.953877466694
33922,34011.870022244795
33923,18080.351400101397
33924,23272.860837400578
33925,18046.061360072243
33926,41379.784107615866
33927,5095.682386861081
33928,15421.72570126505
33929,18996.319931914557
33930,27330.77113407348
33931,13543.29705265446
33932,4490.322297834451
33933,5524.66442596877
33934,31183.46099094149
33935,51322.29589039532
33936,5235.539548472104
33937,50152.21591610138
33938,24848.717939538168
33939,14241.393257966927
33940,16889.329551575105
33941,29646.295116501762
33942,19152.326727138243
33943,55225.61539840114
33944,44619.706837483485
33945,4239.464458855039
33946,11961.725193147504
33947,2718.5926002773
33948,16302.759484218723
33949,11868.637393192692
33950,23393.63402728551
33951,10314.866291057262
33952,20217.424376521085
33953,9719.016775434118
33954,19387.088587738996
33955,65833.67528696841
33956,26523.35918554763
33957,32204.19307883926
33958,21779.87740876858
33959,7889.424084111733
33960,61826.01808986875
33961,31346.064569895116
33962,45787.167067690796
33963,31356.822098736906
33964,42167.37920868669
33965,39531.93486673745
33966,20730.581603302704
33967,14366.047964463227
33968,37884.5165902071
33969,19409.549701149816
33970,24350.547834437246
33971,13961.218770779435
33972,2467.418919072382
33973,31548.36947507482
33974,12452.977366280278
33975,25931.463373470237
33976,23212.08052015268
33977,38234.923675050486
33978,52630.94711611685
33979,12874.802077100052
33980,60742.60579547601
33981,39906.012729721886
33982,20711.33190680967
33983,18635.139768805002
33984,3730.076856388047
33985,26212.560099411465
33986,51892.68231576692
33987,12300.310331213239
33988,27668.560365291567
33989,20856.515354208306
33990,6660.9228972668225
33991,22931.832133904536
33992,52633.639836283946
33993,11764.450380462846
33994,26338.803157621773
33995,23746.151613770162
33996,47586.49935283801
33997,1242.8200771463892
33998,5924.268933723101
33999,3509.750406113909
34000,18520.141307762722
34001,88022.10578284085
34002,95571.85230666627
34003,2340.146954242693
34004,18380.963772758394
34005,23293.67229609279
34006,5323.76818417119
34007,12877.783533752821
34008,23967.854770700076
34009,24279.770614599645
34010,63495.71241595052
34011,5942.202122078172
34012,48803.369190810976
34013,28167.158339028745
34014,23581.631967241254
34015,33619.85468173219
34016,9625.95827965553
34017,25347.42251361152
34018,21254.852310545815
34019,1049.773002371537
34020,63446.11816438985
34021,13161.690681505566
34022,32999.99003054625
34023,53825.47206344487
34024,7800.074380627614
34025,16191.767159736395
34026,6853.065455591153
34027,29614.38086843471
34028,23603.874133819343
34029,3608.121740891251
34030,44058.25971273343
34031,12652.57181616759
34032,21303.22714577895
34033,12470.85529173575
34034,6510.977753001017
34035,80233.81904291413
34036,22493.007893625054
34037,39789.49352733838
34038,20037.369579260812
34039,25043.664193136516
34040,8195.274315917139
34041,2920.3078054822745
34042,39090.58906895518
34043,25351.236435644965
34044,19670.66847710699
34045,22913.82967802863
34046,21331.79554923166
34047,36974.060747270254
34048,4562.210520205807
34049,12233.277824846346
34050,9257.64101108124
34051,35372.615081619355
34052,14137.143173117482
34053,12939.41676442259
34054,34816.81083589905
34055,901.7475870820502
34056,36294.15874513197
34057,12807.138619614174
34058,21834.39524007483
34059,3098.370043808988
34060,8864.384833474991
34061,11548.755679421049
34062,23768.30426609116
34063,14565.641073019706
34064,20770.55124618555
34065,20431.510159423175
34066,6579.717857924445
34067,31673.090160871576
34068,2285.386329549926
34069,9523.927485819955
34070,16351.588962396621
34071,15820.361695566558
34072,17954.61177261613
34073,17676.150816698577
34074,13814.082919567783
34075,55517.75270959929
34076,17576.417547706773
34077,19451.750814311672
34078,8839.896270846904
34079,3103.0471790395404
34080,19643.817701760556
34081,7247.057538301452
34082,12945.850353101247
34083,3664.6448939281954
34084,14201.572856209472
34085,94164.2109025611
34086,46704.6536197428
34087,104069.72852332256
34088,29372.205412504056
34089,26821.95731941642
34090,18434.64165132442
34091,36456.95776070256
34092,2317.689994019994
34093,70202.4572143259
34094,28811.4915268472
34095,25672.573359438793
34096,21684.4654022756
34097,33133.470723462546
34098,4629.887628131739
34099,5422.8260023281655
34100,32710.48737276119
34101,25538.439406348276
34102,38792.50571492207
34103,5674.5412195724275
34104,10568.379701662445
34105,27994.804579137173
34106,16324.659097932958
34107,9280.436025836341
34108,25665.71819461728
34109,24049.367609206172
34110,14478.100260957479
34111,14651.394772818405
34112,134274.0667622882
34113,23285.822343533175
34114,16702.493929583365
34115,847.5904520180165
34116,16420.996799819008
34117,23644.66066863889
34118,5467.794660294355
34119,23723.330228010793
34120,41300.39919752037
34121,30220.417464735452
34122,41222.4977675336
34123,9910.895244592797
34124,2641.151389361089
34125,25496.933655419027
34126,21357.949777905895
34127,16890.48069846112
34128,31720.181014814312
34129,24231.771368063608
34130,1340.4356516220685
34131,17608.35162631695
34132,52086.326806290934
34133,5123.619529352108
34134,9158.922646639849
34135,14672.597069825522
34136,60289.23024853919
34137,7719.730397620993
34138,18501.64413738797
34139,6800.686599901038
34140,52288.12507727703
34141,3353.1217971970304
34142,60779.33034032702
34143,11421.312221430117
34144,5259.984094150373
34145,181050.08332697747
34146,38665.324416140895
34147,26038.416994310348
34148,17728.2665098972
34149,21915.06637024938
34150,8511.99562518553
34151,35795.28979486645
34152,70355.59309189982
34153,27388.072773570126
34154,24791.07740911871
34155,19042.96376835637
34156,25336.872014353707
34157,36056.78090611703
34158,15471.972401934867
34159,5202.294044773458
34160,2649.8886306201985
34161,21285.440469473597
34162,32839.64500575462
34163,24462.53251973056
34164,4626.989730835505
34165,15370.057148921855
34166,13507.219304186756
34167,32989.06054751983
34168,25347.074483429664
34169,21003.954314259434
34170,19379.149184472986
34171,52661.71080202745
34172,39793.460184476025
34173,65452.69467398406
34174,116569.15272477538
34175,17911.786526826363
34176,33138.792266055316
34177,11808.057005396453
34178,38876.58236241143
34179,122063.61545230061
34180,7348.683129704717
34181,9525.867532646564
34182,18107.345107615667
34183,18427.60756209059
34184,26586.55662653176
34185,9588.966087841405
34186,46651.38672994807
34187,17305.64796460029
34188,9469.938462450362
34189,773.1967984326202
34190,26409.15309508585
34191,5973.67841326251
34192,22190.80701247458
34193,32406.830149852725
34194,78734.23879019589
34195,22284.695148834504
34196,28968.884022748454
34197,7660.482926548472
34198,1390.500229580917
34199,31529.28394348587
34200,114850.66794669608
34201,56259.24535482762
34202,77461.71595808458
34203,5618.854875231526
34204,5662.19022233821
34205,14603.383826481984
34206,62011.64317982234
34207,6759.050647802886
34208,152149.98173228354
34209,9903.51208071021
34210,13374.402848056356
34211,29791.390115883005
34212,80845.85682949226
34213,7374.756383519049
34214,21357.476835286983
34215,22696.158634688527
34216,20214.55197364075
34217,26132.62504912228
34218,86021.87816184892
34219,45944.49256861463
34220,62067.81906380032
34221,18977.41596908063
34222,11285.218745810073
34223,6268.079789841484
34224,15630.716099877554
34225,17615.13144680667
34226,33772.85609099831
34227,14467.800031953619
34228,30512.114691490144
34229,13485.28118245926
34230,32056.501549819986
34231,5917.706399904393
34232,33696.17647674776
34233,35695.04411212871
34234,20239.29579297551
34235,18975.002858640077
34236,58701.12530546549
34237,20846.066137084927
34238,23416.99453039052
34239,57489.548175889366
34240,9938.630340618065
34241,14492.261564151713
34242,6377.938948909421
34243,60266.462596953796
34244,13239.53630459626
34245,25124.986106950102
34246,12395.664088445074
34247,20800.09556486806
34248,15546.970431161462
34249,5319.839421692037
34250,1798.4849689400971
34251,10416.60229260516
34252,29788.617307249162
34253,27625.816174855434
34254,20654.60676909267
34255,20302.423395940714
34256,16964.423225342005
34257,24157.57797903185
34258,19947.91759016646
34259,10494.194332945035
34260,17978.592958903813
34261,26773.931957899433
34262,50569.39107424454
34263,28737.064531636486
34264,1509.8595803049122
34265,6403.96982825335
34266,22844.881858940098
34267,8910.575998712064
34268,16214.176967265774
34269,10963.471981493962
34270,15790.930531560987
34271,32096.919854073665
34272,58609.20549469312
34273,45743.39652525955
34274,22917.900095261175
34275,23326.431531547973
34276,27152.25716903156
34277,15333.585356800302
34278,12854.984725847507
34279,21895.82928210005
34280,19308.31709567028
34281,48348.101282511336
34282,23583.42232520855
34283,13088.158269064243
34284,50445.09991048424
34285,29336.64222654833
34286,13563.403432658668
34287,9238.506328607145
34288,42132.419931336735
34289,12385.53506052583
34290,36445.519183795055
34291,20175.591929104077
34292,7513.817054571284
34293,6899.598842863861
34294,24896.748546036793
34295,5594.330878876217
34296,12123.070276294524
34297,3851.4023273019334
34298,59935.58264586244
34299,8627.786393692519
34300,15491.35572337042
34301,18273.535732455304
34302,16178.601996422405
34303,8847.337048348762
34304,13685.80344328411
34305,29485.836886628895
34306,12114.389321085857
34307,2200.3821142200245
34308,7365.9857814726165
34309,79683.58543003009
34310,72367.14782513937
34311,9530.106649925072
34312,16246.224996537763
34313,12049.789387008399
34314,163187.99503365858
34315,20416.21845361372
34316,10260.797779510138
34317,7735.423424026976
34318,25971.249593887107
34319,15688.60731352482
34320,5218.81518137096
34321,8645.195825504798
34322,7259.817778427739
34323,30547.340134685866
34324,17034.07481479953
34325,35365.02954670721
34326,4148.6960655759685
34327,17670.90569392266
34328,22882.285961104113
34329,5151.597636122318
34330,41856.306020949945
34331,68080.43678768384
34332,55203.869181593094
34333,56413.27874288865
34334,21297.568013113454
34335,17815.315391383807
34336,24800.018405349558
34337,10293.99618031428
34338,4340.5100181481785
34339,18888.932128918786
34340,2229.436741725438
34341,42919.137590611885
34342,14295.330563468046
34343,44772.67360836138
34344,53152.62625225563
34345,9188.692260222217
34346,10715.97894935831
34347,32553.671113161632
34348,16591.60442683185
34349,12699.222307231728
34350,101519.56292926107
34351,3395.626448305532
34352,65361.4797069191
34353,27507.105706393177
34354,46205.78768119736
34355,32019.240951321484
34356,62182.44100371091
34357,12142.978159648294
34358,23718.91576130661
34359,7320.440943108035
34360,45475.18431990743
34361,49966.98071896447
34362,13892.908503303617
34363,30648.600479745735
34364,24694.508295120042
34365,47689.10488509402
34366,30820.73729759524
34367,12794.148218804063
34368,5939.498282152397
34369,12799.49369437607
34370,24799.6025700815
34371,36954.171635245584
34372,20013.25479687363
34373,55377.95644091019
34374,4753.829399923901
34375,14436.185089451796
34376,38012.4619102123
34377,31088.86323391891
34378,66889.99900657662
34379,19349.17620212881
34380,2850.11222874924
34381,19054.795173560087
34382,20457.165569790934
34383,15328.282314066253
34384,18287.95944212629
34385,10746.895772208638
34386,9146.143593775854
34387,38339.21719093981
34388,33086.62064346204
34389,18211.656751538405
34390,33127.349141537765
34391,21615.614560065962
34392,20514.733352635136
34393,23461.394779830884
34394,10758.882328807287
34395,3451.698431771105
34396,56888.28520588719
34397,28670.073121636713
34398,5212.820324422743
34399,6105.9415144553595
34400,23900.25761708428
34401,39761.12399047849
34402,15666.947424835402
34403,24382.171438773843
34404,1088.4634113673749
34405,28936.77882803757
34406,96256.19234513326
34407,9939.095975870074
34408,37672.83142161525
34409,26930.032120822565
34410,20938.170149489564
34411,23186.563318247336
34412,3337.587718755788
34413,5691.553991928128
34414,72726.56832212427
34415,26121.836982655725
34416,38196.70484184198
34417,10074.984860446595
34418,20737.473233724657
34419,1009.146744806407
34420,12031.737187252733
34421,21829.81045209979
34422,4380.013498272154
34423,29984.29972487529
34424,16734.82732272348
34425,28554.80995221025
34426,16654.57738849755
34427,15076.818683200327
34428,23755.639243494537
34429,15618.58833926747
34430,6718.848926130773
34431,52420.865727209566
34432,4174.127681074995
34433,17438.247245460403
34434,13125.050265210068
34435,9870.719426522272
34436,78585.37198608201
34437,9160.644087392548
34438,1012.2643887574253
34439,14715.577621095706
34440,1042.516892837505
34441,30195.96916846499
34442,29419.914430299134
34443,54603.6350546902
34444,23291.882143975574
34445,8344.551724474486
34446,6204.849889102736
34447,13878.917839825384
34448,16920.611396062443
34449,10892.743881510027
34450,22382.45470592043
34451,21299.01127620517
34452,18940.487806354893
34453,21815.63099417809
34454,4346.495346763832
34455,40745.62031573894
34456,17181.43977441508
34457,22612.10451949167
34458,24467.526445655192
34459,39957.79234106919
34460,11124.840791292409
34461,22653.61124571333
34462,7125.563670735456
34463,20565.686571937957
34464,14254.039826106782
34465,7342.86685863783
34466,3341.2236931413104
34467,3720.61177419611
34468,7614.45053880836
34469,7501.0628625323325
34470,12694.023660377434
34471,28495.47806186502
34472,30585.84748166613
34473,11092.434018786358
34474,28524.76978937553
34475,33370.88552422521
34476,23993.15876133927
34477,31045.511048935216
34478,58725.924668228
34479,23587.14850149778
34480,14502.112360692927
34481,73366.33199037335
34482,26663.436940867185
34483,5537.612472071209
34484,16399.397913383153
34485,22977.985919294933
34486,22924.97444416393
34487,58307.273514795546
34488,4020.0443826891674
34489,32777.13251951671
34490,15916.395598636187
34491,16866.3240840984
34492,30346.601439981707
34493,31173.467130612782
34494,8609.033164587783
34495,51432.9708131694
34496,30989.712303659115
34497,27668.460294978817
34498,6800.843987237904
34499,6281.622368565609
34500,55781.913033680874
34501,10305.48624125802
34502,8524.815611594246
34503,20313.072544953062
34504,30641.47926534993
34505,22933.970421484857
34506,50219.21244955993
34507,10409.506726288915
34508,30630.067008293845
34509,86479.24828467194
34510,45187.21045978537
34511,20963.60081553797
34512,16178.440558445887
34513,21535.683890827037
34514,28685.52853692209
34515,8099.121650658444
34516,43948.161852535384
34517,8344.56072941993
34518,32445.56873031896
34519,74066.8345052914
34520,27180.090710055807
34521,20743.12666417719
34522,35423.27464912497
34523,50177.147767685885
34524,15439.557434011696
34525,2839.270144035838
34526,18108.242859238708
34527,39930.94722285017
34528,1448.851488316502
34529,5068.658443958955
34530,26148.514172501167
34531,22457.05660521451
34532,33820.954565807304
34533,21217.737365319284
34534,63830.627383404026
34535,1709.632383648225
34536,28365.879803864627
34537,14168.874606555497
34538,49356.2494396247
34539,77355.48546690191
34540,30267.68093593573
34541,11215.615946803782
34542,14834.66167959018
34543,5311.306242171206
34544,33274.14969989994
34545,25894.80447407573
34546,13990.435772192965
34547,18860.89825145578
34548,21067.456244133817
34549,16970.035433159137
34550,24459.726683000255
34551,53827.86036117158
34552,35023.46404562702
34553,41357.44903830833
34554,19954.370119739262
34555,10869.103295352086
34556,8619.722347357369
34557,30733.45960911833
34558,22666.142037358753
34559,28228.68747684812
34560,20896.4980779527
34561,10075.392264864946
34562,11007.537721885345
34563,15779.523711570693
34564,33465.8014722375
34565,29385.89654096503
34566,22048.024828831116
34567,23081.73691327298
34568,22563.48301529583
34569,24277.536348093956
34570,6711.123943379097
34571,17186.06558047062
34572,12487.366738910347
34573,10225.753557615477
34574,20417.00609393345
34575,19050.46754094264
34576,32998.59998666572
34577,22669.16538891864
34578,16501.784229314406
34579,18331.461630018748
34580,19732.37977644167
34581,4811.025934583268
34582,17678.176455630968
34583,33616.90967893015
34584,6017.589715611566
34585,22500.220313360893
34586,12074.997636167218
34587,6020.6933702087
34588,5584.401971236591
34589,43926.31783099345
34590,21808.14471012697
34591,18851.41757681551
34592,4260.418123362381
34593,10500.354871747752
34594,8009.381072550668
34595,26452.506769619726
34596,3149.7077352877677
34597,17626.052317884143
34598,2882.302487217955
34599,6265.15577151186
34600,67044.61978178735
34601,20855.308477005066
34602,24448.724625085306
34603,3103.286851808114
34604,10862.891562016861
34605,25803.31235076915
34606,42588.06481091217
34607,31098.295354891852
34608,22637.557024130187
34609,2257.674103504117
34610,24329.635163173432
34611,26108.74077416165
34612,925.3995528238165
34613,23692.91773533478
34614,15962.737578227263
34615,30679.024132235638
34616,12269.223476291307
34617,28244.07974186782
34618,27579.053228957426
34619,13124.664328729836
34620,11054.631277595414
34621,8322.65773999773
34622,12203.64370822055
34623,5439.639476569343
34624,7333.210940989769
34625,4846.941314477978
34626,3549.646017967093
34627,9120.117806357779
34628,11688.840748471224
34629,13213.370198894841
34630,8825.983465829602
34631,22981.230032945965
34632,13258.269702087066
34633,14482.62181180057
34634,14225.972020863272
34635,37641.82891016306
34636,53852.26278572694
34637,26510.772841528073
34638,44112.2293375091
34639,1112.179539192999
34640,6711.0949759295145
34641,15568.242480973959
34642,38949.396287501106
34643,74448.55534226526
34644,3168.6641197805534
34645,19146.836699661104
34646,43085.69951485283
34647,22485.064227487743
34648,16715.903567050667
34649,3607.1693462547414
34650,10816.100381804466
34651,12800.420154210064
34652,10162.399377969685
34653,43504.458496180094
34654,15347.634294947235
34655,12615.62275251581
34656,9893.303535684114
34657,7018.330286060619
34658,28874.146271465863
34659,65525.65378039599
34660,16147.249480041673
34661,3856.71347020877
34662,7676.5895479238425
34663,17685.004996842912
34664,3655.457070918581
34665,20525.947549756023
34666,27940.41644572773
34667,53462.11267816379
34668,23014.080127211455
34669,10089.18956948711
34670,4065.0614879452737
34671,18289.65244649138
34672,106615.48874528025
34673,17551.470547414567
34674,47802.22433322329
34675,43963.487070266885
34676,34397.33218550057
34677,5649.957133917831
34678,50144.0166766822
34679,19318.487815743923
34680,65457.90896753006
34681,13241.600791292793
34682,9772.886678579398
34683,39174.925930787365
34684,3234.1210613991807
34685,27596.708489890214
34686,22915.016845241284
34687,6841.53328735931
34688,19187.3356822837
34689,18690.133719600595
34690,15274.253912843691
34691,27062.852790895424
34692,27205.60237154774
34693,28024.949127826323
34694,14703.540713748993
34695,4183.226683910277
34696,2710.1526324987453
34697,26825.16829728988
34698,8570.600116083942
34699,24056.16832925951
34700,31692.60684539367
34701,33103.995170181675
34702,44722.19773971703
34703,13752.441379936536
34704,4051.2826100323105
34705,14119.555402311258
34706,73980.6309835001
34707,57364.33617216893
34708,27809.464235651874
34709,41074.397940660914
34710,21617.629579489796
34711,101994.01291383068
34712,1223.8344181220143
34713,11820.17222477706
34714,2101.3397569172735
34715,2459.0790308890073
34716,11445.550352939323
34717,9578.15840792638
34718,25227.852387581934
34719,12347.24495411528
34720,21091.606797672575
34721,83704.11934375596
34722,69300.94319261625
34723,29944.970316830044
34724,4006.4732711738366
34725,13846.1051139428
34726,13717.015458224247
34727,7777.186085380987
34728,42053.99036591444
34729,35782.77576578517
34730,33680.763386359926
34731,6011.900854720282
34732,52034.81300153034
34733,14098.539981729786
34734,17295.44146739745
34735,20568.401464602277
34736,7134.050802877031
34737,14401.915547669718
34738,31509.33796847783
34739,54111.771850776655
34740,28997.839200387312
34741,10561.032397157755
34742,28078.88946531975
34743,9754.33401691092
34744,18414.320483286738
34745,24022.0998388943
34746,4353.343811947256
34747,26127.426225708914
34748,23108.825739592565
34749,2392.7032253604134
34750,18204.842395830085
34751,78174.01767866552
34752,5780.754986330804
34753,13145.31267232853
34754,20445.173604256455
34755,19053.04999125651
34756,24490.85543248116
34757,56219.57228849812
34758,105212.37222177484
34759,8102.102255261327
34760,12217.318147526794
34761,8362.832610352201
34762,52834.42111473196
34763,20174.22914241271
34764,23180.63072852602
34765,20062.385174479165
34766,1936.426613678827
34767,86407.95411524273
34768,16761.396193695044
34769,3506.609252236519
34770,5519.4419889933
34771,38071.67169324478
34772,12204.67992978216
34773,23239.49782955016
34774,29626.101299785274
34775,7245.133290044818
34776,11265.704165348612
34777,11966.500959392495
34778,13929.403665894142
34779,21199.17683197343
34780,14904.5470779647
34781,3086.1901211353725
34782,34708.28636545177
34783,13633.352253764904
34784,47778.94996546046
34785,16019.256733045719
34786,45266.05136663626
34787,21648.67561176862
34788,49978.44031890216
34789,33941.86825866321
34790,4321.301661258795
34791,27266.11483679317
34792,21098.426135963407
34793,54265.873163503355
34794,14353.369303141088
34795,8190.898380788316
34796,4400.910714438606
34797,12388.360014752203
34798,50404.99686887503
34799,40533.59244011336
34800,23434.310429523906
34801,27462.744199098004
34802,12806.081061073413
34803,40001.26209680585
34804,32728.59648629049
34805,3097.315883013987
34806,39306.02174573718
34807,41854.0770304482
34808,58093.768418516505
34809,12191.330581669747
34810,32262.50842754474
34811,16900.439479051252
34812,34139.71505636504
34813,7649.796107090477
34814,28000.18642751858
34815,8243.80997800768
34816,9808.38323174761
34817,4714.235934361841
34818,36674.62886284963
34819,19739.987314447695
34820,26123.076846002135
34821,5982.775065892988
34822,1681.2928439697457
34823,31763.033962831283
34824,7986.668743134105
34825,30682.906335098767
34826,13803.0270021391
34827,21214.73028149242
34828,30269.598139602323
34829,15943.13540883843
34830,8008.89401634404
34831,20106.934668726866
34832,11432.44811906611
34833,47169.293343297024
34834,4644.083027480975
34835,99720.31633227512
34836,15754.113326807985
34837,6481.8185657231425
34838,14713.976736453877
34839,19875.416610421533
34840,29483.20565959547
34841,39530.82713230999
34842,9867.232176079062
34843,26656.90073256756
34844,18572.418297581116
34845,38557.75348382982
34846,10599.62813901048
34847,7490.154832165815
34848,13097.226852285177
34849,41390.92346418661
34850,10113.751774845712
34851,8142.21373199766
34852,38291.18482992904
34853,8677.476698079687
34854,7241.903421028345
34855,15426.757001025819
34856,34353.01965923138
34857,21582.43513016739
34858,90755.10601766128
34859,21358.133446966265
34860,14881.253971352426
34861,27664.37488679082
34862,22435.55295257343
34863,17364.30626219579
34864,8019.509806516651
34865,68308.6712215123
34866,5592.228859076197
34867,4325.474850034197
34868,3229.4530858839307
34869,19925.24797575539
34870,35940.03242744392
34871,22164.90319947658
34872,880.0388966961289
34873,10171.534671995141
34874,30632.922298483878
34875,25687.58618413992
34876,17215.74822182854
34877,13169.524994024314
34878,8588.878269501225
34879,22300.614924124686
34880,13413.646690171576
34881,39582.83197949836
34882,13147.364635288499
34883,48456.338716879596
34884,6813.76733506296
34885,21108.108943886487
34886,16353.811763748845
34887,14984.11550553066
34888,51243.14490972224
34889,8780.160419775886
34890,18131.057829647798
34891,12123.21888889161
34892,21023.64911438005
34893,13159.532373721773
34894,2022.328466400538
34895,92046.29621138061
34896,23414.025198078532
34897,2490.0075887687008
34898,6899.144174194343
34899,20806.743842459637
34900,37753.86768934706
34901,27130.338172673764
34902,20143.30526424783
34903,72033.52652297469
34904,3236.336458845714
34905,30640.72871477138
34906,13278.819486050936
34907,17929.818298786817
34908,23196.371622801453
34909,20639.31638625064
34910,9267.12886379047
34911,6476.700769413592
34912,17587.780864406242
34913,105578.50973653517
34914,12698.35057766027
34915,14932.600669003143
34916,5810.312001379631
34917,18171.51559803061
34918,49728.65499837609
34919,66084.21593737564
34920,26828.051505245814
34921,24084.878472863733
34922,18257.6874181617
34923,41470.93562839958
34924,33538.566055539
34925,37652.47591371403
34926,51194.57092376809
34927,39148.68734441069
34928,13914.272428268012
34929,22834.83481128322
34930,11705.946851126391
34931,18733.297420011168
34932,13901.777449996285
34933,11142.471666594545
34934,17438.98076157207
34935,33429.29130601577
34936,27435.552515513926
34937,16862.741056112238
34938,17269.03877218233
34939,40172.534081846476
34940,9919.041475533693
34941,7788.830221270233
34942,26739.218115579693
34943,19725.57498874743
34944,37078.50538656846
34945,19134.43477639915
34946,31096.375635835528
34947,2570.982040591686
34948,54408.84250511206
34949,3423.7382731963658
34950,6896.541332252063
34951,3845.0905325701565
34952,19669.736594091137
34953,16276.200337377195
34954,16841.495785675055
34955,16005.530664312586
34956,21660.87817311371
34957,58735.30154541666
34958,23205.712645440075
34959,43390.62218893564
34960,3648.3300021298514
34961,26212.817943897306
34962,19870.535391765512
34963,2084.423148375868
34964,9767.074627186883
34965,15369.398620393795
34966,9018.38352905126
34967,12689.960686703815
34968,38996.51488646357
34969,36740.955459811084
34970,9259.202673260043
34971,16550.750867569302
34972,17359.782806474872
34973,2998.6876899389367
34974,29675.679832962127
34975,27396.460532738864
34976,38926.579501137305
34977,12194.045609121904
34978,13905.661009479176
34979,35036.49555659118
34980,34771.54806072618
34981,16111.003653875005
34982,64043.86450303361
34983,46935.64173710098
34984,20765.167372815064
34985,8672.57664380819
34986,37544.20561617917
34987,6712.978618054478
34988,12423.861694628667
34989,28854.75071430489
34990,3712.306636568697
34991,99878.63303346116
34992,22792.57672169313
34993,15243.609332188295
34994,17726.792628585576
34995,25307.481628653528
34996,92026.35169370637
34997,4496.696494434929
34998,8054.223066962616
34999,49783.570025278794
35000,46393.749261915174
35001,12488.724089342493
35002,52569.031293946784
35003,25439.371709275612
35004,19200.669479658307
35005,6596.650485296989
35006,84451.14530077338
35007,30182.170170704074
35008,16473.24836184947
35009,27584.215975101037
35010,4525.899021931204
35011,45524.776788115894
35012,24571.979710868443
35013,26986.870160194536
35014,4110.896979897626
35015,19824.770020871496
35016,48308.87499834966
35017,29325.715664085983
35018,12780.705864118
35019,29411.544264460168
35020,35713.453954782635
35021,5676.157749891131
35022,27371.47730347402
35023,22693.907630057754
35024,17790.246867672962
35025,49318.196524362516
35026,38429.93605602846
35027,22693.667560575268
35028,17319.437543466738
35029,15217.351328965944
35030,15830.387753100593
35031,8805.29723985819
35032,17878.170710242117
35033,18860.66815471126
35034,13297.080221724522
35035,11004.6254310698
35036,17267.469664644832
35037,22967.401364367037
35038,4094.0620756226963
35039,6155.771328079615
35040,49418.154205680345
35041,5547.1727592376465
35042,15022.401237268445
35043,21106.824258165194
35044,61588.964131963156
35045,13395.62124400809
35046,28228.609936214016
35047,20631.270927455567
35048,11233.789803243222
35049,25603.054474019795
35050,13241.502635184052
35051,20427.55103796378
35052,58817.61443057161
35053,20016.55795508896
35054,16127.907918306188
35055,35863.159489533355
35056,25121.841473332614
35057,46939.3552122739
35058,23875.591750409818
35059,31945.42035649448
35060,7638.389393764334
35061,19074.64026310997
35062,16983.54495798556
35063,11817.903023368655
35064,22552.350678979823
35065,41670.78584938536
35066,21564.78841382677
35067,23225.657477617573
35068,37630.57575264855
35069,20838.948188283586
35070,31032.115061099026
35071,15780.630643260132
35072,22513.114893435126
35073,24680.57665272745
35074,6913.349722626494
35075,12474.219435231986
35076,6885.318240466
35077,13303.07534578112
35078,16502.120836766193
35079,60919.94504506846
35080,42640.92036930877
35081,13963.683948476215
35082,29222.024251113155
35083,21329.588406579773
35084,25653.94587692912
35085,28463.942491327878
35086,8162.216995600009
35087,38174.73015641529
35088,16468.456359435102
35089,25761.003192633518
35090,56868.35692551917
35091,27641.431776957073
35092,10327.849818373288
35093,17034.680784579075
35094,2384.8110179414402
35095,12308.092199588227
35096,9615.430640348213
35097,29742.775654596317
35098,9956.60928959247
35099,12143.468866268244
35100,58614.94012114985
35101,5891.0709925046385
35102,18408.013703777513
35103,20008.681642189356
35104,13041.708766949874
35105,10064.920185484232
35106,27934.22122262826
35107,14243.260187158918
35108,36255.50655657819
35109,27261.085050082107
35110,17343.622782653714
35111,33834.35729627338
35112,14849.747441687388
35113,1239.5431790597595
35114,1429.2627930246608
35115,19125.270024275887
35116,17687.208096893184
35117,29209.966422103516
35118,2034.7642644551577
35119,20752.869693871373
35120,21507.534480514725
35121,35071.851629867044
35122,2639.7453672928937
35123,3490.7620068890224
35124,58286.92752063541
35125,13537.280419660256
35126,10067.047183225466
35127,10653.704459826162
35128,52220.834015230816
35129,3297.2407020657
35130,39995.48431198669
35131,30449.971604561637
35132,20075.097493863872
35133,78742.61435113003
35134,34140.901922790996
35135,29260.338535888644
35136,2289.850401705343
35137,59362.26746698886
35138,25479.579047354233
35139,3654.3350359003016
35140,15457.266216328351
35141,16267.908285392505
35142,43153.32804378272
35143,34534.48186906922
35144,35395.91111518898
35145,33585.85648843624
35146,62635.10606210923
35147,56058.98139398599
35148,61413.964837971944
35149,15798.600289430817
35150,17459.28680669769
35151,34517.99121547062
35152,14408.335901729197
35153,19406.13680638325
35154,9895.527809013702
35155,35446.40297396081
35156,65258.12358069035
35157,20830.63293480111
35158,5306.856675858929
35159,27079.06255625162
35160,8290.073687522678
35161,17008.91582110036
35162,15824.42508674612
35163,36716.34001629327
35164,14271.057998069567
35165,38303.56769912438
35166,54712.60663445737
35167,38894.04663881064
35168,12222.607312775495
35169,15223.39009334423
35170,5224.567903092136
35171,87229.37785461702
35172,18587.312889882993
35173,36287.050941117464
35174,17730.751602130327
35175,82380.60681259495
35176,16635.718500317358
35177,22362.953126606437
35178,11310.945705661248
35179,25883.786584935573
35180,15284.172528376603
35181,20624.15447750444
35182,65065.26166048312
35183,1165.0486661183345
35184,5197.01914537675
35185,23452.211868657476
35186,25627.608776910278
35187,29109.551225424515
35188,44980.71257529591
35189,16763.117354351125
35190,24547.194914140924
35191,16680.57095430216
35192,34220.31025128905
35193,13860.38205777563
35194,29155.89712130336
35195,18510.068076559768
35196,11981.403396341635
35197,56249.53337775343
35198,40510.228277529015
35199,22833.96942194637
35200,16597.451618837214
35201,15493.955779412963
35202,5913.824920436689
35203,17612.94177226905
35204,21660.488613622012
35205,26336.845283331775
35206,22779.39895118959
35207,42797.795153776184
35208,47700.84040666413
35209,37401.28670671192
35210,17005.21056564363
35211,57519.502038419596
35212,24966.674040958114
35213,17449.951838930665
35214,1033.9909685775401
35215,35247.03007948765
35216,5670.937165554071
35217,39476.45343334969
35218,17628.792899931268
35219,17415.214112851336
35220,8054.359085300384
35221,17275.85231335457
35222,19521.253988176482
35223,16774.218298370466
35224,2320.056956007468
35225,23908.600193534454
35226,21169.205327289787
35227,2812.5626513432376
35228,10093.1253421997
35229,2039.5977683338508
35230,15987.235176054688
35231,1844.5491598220688
35232,8789.94603407911
35233,17104.780609866055
35234,35578.099186058535
35235,14853.547643709788
35236,33144.8910178392
35237,22803.288106619195
35238,26251.265363217186
35239,10184.716056345622
35240,44627.514898732
35241,20454.0234081253
35242,23170.41102700732
35243,12354.994999768829
35244,34263.9763305117
35245,25918.427583919023
35246,6502.990261572427
35247,67724.64334205123
35248,10871.367268927708
35249,16609.337254455062
35250,16548.68919274912
35251,6162.242605606933
35252,10288.454982378467
35253,49253.96687234193
35254,2477.0508057775946
35255,36550.49735608857
35256,20953.203124987802
35257,31921.65985615387
35258,32052.009247668608
35259,11745.446544411303
35260,14030.318308340744
35261,15297.001655405993
35262,9010.08970385863
35263,6861.731150428644
35264,11773.474533816883
35265,31669.943211724614
35266,26300.18833244814
35267,9034.739899062926
35268,23724.203965081626
35269,19657.070337916113
35270,10581.08231508224
35271,55486.996809824195
35272,46110.87300303051
35273,120456.46652636355
35274,26470.83303280785
35275,20806.172996157355
35276,37737.44337752782
35277,73595.86728800923
35278,144697.18658774195
35279,42415.87816447219
35280,13647.125421320807
35281,26636.056471955177
35282,6882.299367537973
35283,1692.3392076220512
35284,10056.753626234111
35285,35195.99693500606
35286,31468.7332560779
35287,22429.600544457837
35288,32552.106447643
35289,3158.5455991024105
35290,9253.703772618626
35291,45788.22801589394
35292,21765.70162449554
35293,11434.87101938903
35294,13991.449136902014
35295,17299.735432471076
35296,17439.51956930392
35297,2973.6565025759965
35298,28334.270263707334
35299,10210.742135437418
35300,14860.833369243566
35301,5497.851820968869
35302,4172.8405746656945
35303,27532.192889878246
35304,23199.662570131513
35305,14394.751129727567
35306,43736.5532565865
35307,6990.222275539828
35308,10919.51260168713
35309,40863.09189085329
35310,11497.586501896762
35311,9604.411634258642
35312,29118.202401935338
35313,10528.741637461553
35314,65561.3938892295
35315,7158.820591729702
35316,8318.589125121995
35317,12422.873060150825
35318,10352.140691671466
35319,7875.444315205374
35320,12896.68527574839
35321,9971.114542243036
35322,19087.576211450345
35323,17780.62145148945
35324,17701.755059491108
35325,43254.31203651389
35326,24117.109507934252
35327,39182.55297249006
35328,10556.210867156942
35329,12972.284101434125
35330,2584.4888751256667
35331,48459.44503082873
35332,56661.48889534596
35333,24952.62324888974
35334,1784.9949919656613
35335,18417.41881257128
35336,4704.003648547388
35337,2683.9815538557104
35338,60657.36896756735
35339,25446.215563222297
35340,28847.972404428998
35341,7534.5445388501075
35342,36735.232372141414
35343,2767.9387916286214
35344,40468.42413093775
35345,3931.646595708009
35346,9529.087100037896
35347,17529.339373182702
35348,25644.16265112941
35349,11832.947726609511
35350,2916.139095824473
35351,54736.97716987946
35352,37257.36065023086
35353,18546.6296441972
35354,7923.994929131596
35355,9864.833474299641
35356,24099.725551248517
35357,17214.979860933447
35358,5006.917085554399
35359,73480.15626930135
35360,18959.763076359708
35361,33511.2550817178
35362,59105.900686834815
35363,33723.61821171799
35364,36992.22714983486
35365,6403.930653618534
35366,13555.42983350895
35367,25785.32821743724
35368,21665.997328129215
35369,34159.869020606435
35370,21096.03055816716
35371,16644.97106240997
35372,6252.6898928537385
35373,85867.01351714635
35374,19948.971037417312
35375,15237.8181027004
35376,12721.779629407998
35377,32846.661122876765
35378,17976.611653655047
35379,11202.079860076174
35380,5808.61034747786
35381,17188.822553113994
35382,11172.641872984399
35383,26223.442840310345
35384,31603.702489308856
35385,12961.550695209886
35386,6576.722370489562
35387,37109.097889362354
35388,12393.89573030414
35389,16491.33654478521
35390,27570.458128212656
35391,92611.3936828575
35392,6919.527425505391
35393,6637.571480480572
35394,7963.280383259362
35395,7149.210347118284
35396,16432.220197758175
35397,23779.680133293536
35398,11302.311045339604
35399,3790.1206070932662
35400,59105.57139737676
35401,31291.069183368847
35402,30367.323377877226
35403,2928.814845698872
35404,15852.717662319408
35405,21904.480295781308
35406,5520.5737523887465
35407,116137.2774045223
35408,18293.194052552662
35409,31983.59144073794
35410,13928.762936710564
35411,41307.530664521655
35412,25151.641989284726
35413,9599.998233199647
35414,10732.753287521435
35415,8061.376553546403
35416,11453.61337452896
35417,18602.03125814224
35418,9306.84823245066
35419,26142.58358954629
35420,20058.50181161535
35421,2119.7046875944657
35422,8278.84114590513
35423,23848.003026769315
35424,63348.804427363146
35425,9337.020410176763
35426,21261.16076994655
35427,37706.340340054274
35428,12696.179322941269
35429,40932.937836024495
35430,8542.41266621849
35431,8971.683339806035
35432,5135.785164783982
35433,23108.38756312634
35434,27940.944063534367
35435,15218.12144366457
35436,1800.4528358979228
35437,13592.824805843737
35438,36486.60061928417
35439,21137.442370701603
35440,10526.671163327876
35441,21984.75587721072
35442,6745.4579309766505
35443,4790.431226550952
35444,11613.50268272108
35445,39866.23167007865
35446,9263.006211477245
35447,24107.064515888454
35448,11857.679103747869
35449,5364.948876156053
35450,13889.034599901583
35451,8612.525887033757
35452,2259.7301488606377
35453,12427.739455894953
35454,25596.293475438506
35455,47201.1045308014
35456,5005.4527459251985
35457,51338.8740675031
35458,16470.98946421039
35459,14135.73291474606
35460,7767.319893386876
35461,10347.835524459391
35462,18540.546124692
35463,9250.361732412926
35464,17429.253960832382
35465,15951.234681243035
35466,21981.844768185478
35467,23977.34427171241
35468,48378.60412595114
35469,21842.940560443454
35470,14396.065081349569
35471,42832.96156193725
35472,28938.954193026773
35473,25823.297639366618
35474,11066.250983212944
35475,8828.09279510657
35476,14510.078814023393
35477,7745.6227600518505
35478,11508.406442348214
35479,30115.93357554876
35480,26090.408755149856
35481,20024.61697576885
35482,12902.261569278677
35483,22341.749587212144
35484,3914.682795650953
35485,20274.60952025944
35486,18482.403097372633
35487,51138.627019480504
35488,9240.747612022584
35489,6098.114081651047
35490,48446.24827355539
35491,3913.194528450912
35492,62208.20694523795
35493,31650.986109319358
35494,28731.04453842689
35495,44940.8043382595
35496,29287.27705503463
35497,52940.03725218979
35498,11781.201311774503
35499,8967.20023754217
35500,43585.21380869831
35501,9696.974735749676
35502,19520.5913013739
35503,17158.720619901345
35504,7713.543703252507
35505,19461.000853563273
35506,7020.308348500117
35507,9067.349118821254
35508,8884.01707171327
35509,70452.43144146344
35510,39455.978200615595
35511,27097.62193952313
35512,21023.057152586734
35513,11269.95394448053
35514,13406.088622668265
35515,21276.580486663017
35516,9116.81209992052
35517,15484.65233385348
35518,5885.56597965029
35519,24400.911599728846
35520,26634.983774717017
35521,4284.736101768359
35522,9689.340094403155
35523,43203.1799848441
35524,5509.0775724248115
35525,43235.633716166674
35526,27405.716745726353
35527,6203.9231856377355
35528,11161.185410208162
35529,7038.303043935228
35530,7033.313392005209
35531,20793.857880757412
35532,34097.32801101834
35533,25888.079484375776
35534,12201.393393086202
35535,51859.77634287673
35536,24349.762801972964
35537,17576.976015680633
35538,15455.294158771689
35539,19908.900099051923
35540,34578.492328441935
35541,6867.180412957657
35542,25459.2347958991
35543,5867.045686615006
35544,48957.15389836546
35545,13685.297382136177
35546,20728.571729860294
35547,3808.334796064487
35548,49434.169102060725
35549,12466.183749801141
35550,7318.045023029301
35551,13698.491264030297
35552,15658.009821345127
35553,4357.556962628621
35554,21832.78156339282
35555,43474.731060499034
35556,7418.937761936712
35557,3508.669268303537
35558,22881.97704601695
35559,17533.22912990264
35560,3742.1339067007984
35561,15924.621160105236
35562,53790.080173007525
35563,15904.99635129748
35564,23728.880817016292
35565,2650.1831073437666
35566,20380.925581519943
35567,5517.923381399215
35568,34244.59403020359
35569,30743.640313146956
35570,26884.18820296403
35571,15769.48111703754
35572,4882.457492248086
35573,19034.687703154035
35574,49591.359609396706
35575,12738.605766655448
35576,13978.002557620173
35577,28975.83762794782
35578,23342.73860537497
35579,25197.767030440642
35580,12775.305628767519
35581,24540.405864528515
35582,44413.22401678323
35583,4092.250193607203
35584,23917.81549287702
35585,17837.758152959035
35586,14866.4145800587
35587,23731.894593045676
35588,61783.48447943766
35589,13117.387588443711
35590,13718.053657740404
35591,15199.31238728436
35592,8467.127719408598
35593,19903.07280391065
35594,16789.125765248533
35595,24987.91138319146
35596,4345.791641871707
35597,21453.71900059031
35598,17827.889504175033
35599,4177.426375856487
35600,8175.715057212972
35601,21534.67206583389
35602,14877.486077199967
35603,53055.47508245856
35604,48947.58152590567
35605,4963.444517146204
35606,17579.138988285988
35607,34246.78095022104
35608,18744.882825388297
35609,15044.67824719962
35610,8835.884110354107
35611,19001.766363242175
35612,26180.184082589352
35613,16904.55750980505
35614,27778.619658578093
35615,23250.851091573684
35616,18910.80347554534
35617,64263.46091746569
35618,3765.489904881361
35619,6593.554284413659
35620,19382.216286049956
35621,34394.07603017953
35622,41512.92955078421
35623,36034.15738413847
35624,11193.81882877389
35625,50825.01795333701
35626,53255.78453119218
35627,5784.646987471606
35628,5814.122128587582
35629,9589.4176397867
35630,2723.5060846700835
35631,18096.777433686246
35632,37165.51012768145
35633,31784.23375864341
35634,27971.418055692175
35635,21177.578779812186
35636,44922.67069438059
35637,15736.926328908658
35638,38363.76346557015
35639,16536.28677733267
35640,13850.349880160436
35641,12416.824582968982
35642,12569.487050630041
35643,17905.025486528662
35644,9277.36417059432
35645,37276.592919887
35646,38666.65360476197
35647,5389.54234051132
35648,4107.890222355075
35649,15985.943010384124
35650,14537.244014368303
35651,32094.18207876688
35652,36171.398289324854
35653,19712.675869657345
35654,24044.894681288024
35655,1341.1070478444417
35656,12692.839845970984
35657,38099.23109525158
35658,5729.946593720369
35659,3824.1636854099706
35660,7612.707362275411
35661,4626.014703706428
35662,23864.358961821737
35663,9632.327411136763
35664,38694.678956592805
35665,5082.363649389654
35666,20162.547784129103
35667,111818.4189482182
35668,60494.770925089506
35669,113791.44870442354
35670,1677.9745900551447
35671,35097.69879426773
35672,24835.6687282397
35673,35488.224018297995
35674,1269.059848657713
35675,119840.30000521323
35676,24273.02405332651
35677,1679.574156806064
35678,5589.6421985251645
35679,11588.117334604724
35680,22916.051842988098
35681,21421.871811156965
35682,16409.928373496
35683,13005.955944062287
35684,2368.1195151936977
35685,34667.9675044793
35686,28952.542310435776
35687,20741.21615032229
35688,5590.943270048912
35689,18002.74165433777
35690,7193.646000064793
35691,103881.94710644305
35692,28146.92336344659
35693,20936.769026956477
35694,31314.164880405766
35695,6488.1946314636125
35696,29667.670526481208
35697,25600.43748545565
35698,42352.29052942901
35699,7474.009230226105
35700,24252.342529482063
35701,142340.22444959302
35702,49937.056846736254
35703,25820.326163959882
35704,17661.618413269014
35705,50083.14747526106
35706,3822.007074756896
35707,8341.215306306334
35708,6952.595410876879
35709,44524.203352638906
35710,52900.52926835588
35711,11484.700471035507
35712,17533.094507869417
35713,53784.56452656605
35714,13329.099388927661
35715,9167.959186069447
35716,8283.635446387161
35717,32217.16299010149
35718,4834.740268497506
35719,10135.88371713817
35720,67531.55729322
35721,27230.422081859808
35722,28269.922048042437
35723,4745.4046146854935
35724,16489.323016469778
35725,224898.47752985798
35726,10002.144457001363
35727,125245.84389269789
35728,33661.398218109985
35729,7629.896198494475
35730,6379.310301426597
35731,15732.456094904845
35732,3539.8629035664308
35733,11895.276068260438
35734,9986.53843824907
35735,11883.868690197667
35736,8481.75962112921
35737,32089.532877776757
35738,8494.172375119564
35739,49970.0709035695
35740,8348.967245383423
35741,18568.892850848344
35742,30840.052835928225
35743,19566.74681861544
35744,16863.598424644773
35745,15404.735643749813
35746,19256.291523657255
35747,20347.12991641008
35748,11855.767391256071
35749,14990.469344098728
35750,24297.119087468367
35751,23172.038054846988
35752,98810.48817356162
35753,36286.27366205091
35754,13989.887152237361
35755,21928.759331008383
35756,17179.491577433942
35757,10157.238917322045
35758,62075.70168687435
35759,9213.060647501628
35760,77514.80699974702
35761,6312.2219828132265
35762,33378.8205857231
35763,27437.60152771498
35764,52666.031311897
35765,18305.35793012628
35766,16583.10812954238
35767,37124.29307823108
35768,10242.982605704725
35769,12164.000057229152
35770,37123.9587720126
35771,17525.62470838762
35772,45528.50034638733
35773,11242.058365959714
35774,28780.589146776456
35775,60187.402407985464
35776,5629.794016632568
35777,13349.662966711687
35778,45676.095256885674
35779,32479.52369563742
35780,24876.578997636254
35781,59807.56782195471
35782,48057.139629684134
35783,18500.811699067996
35784,2902.938370153566
35785,37573.52971553568
35786,63106.590116897605
35787,11118.628856534368
35788,34651.64131470722
35789,3717.2017715977317
35790,44024.856734676636
35791,25132.70681954122
35792,53249.99891549342
35793,8774.317975435604
35794,51926.78277126745
35795,20134.28821737768
35796,24379.857571899047
35797,13750.956176032281
35798,38972.5927026725
35799,110119.98298335385
35800,32768.126402586226
35801,135441.78522815043
35802,94059.47221257017
35803,17847.709763591105
35804,49402.63170276877
35805,7959.772431586596
35806,11286.442228964988
35807,8367.598419230075
35808,25048.47401704866
35809,7830.896150302491
35810,7812.575529546884
35811,28055.828616085277
35812,19243.490646853028
35813,41795.09037622728
35814,30594.110787474994
35815,4358.141146250177
35816,17021.64604521111
35817,28517.478553530884
35818,17872.384666620615
35819,92460.401830879
35820,4762.613299234709
35821,22386.858821381218
35822,28420.116995596443
35823,24745.026627278738
35824,29048.30819329737
35825,17997.74852904879
35826,85042.71198114296
35827,16685.808392727435
35828,12435.997206871869
35829,27191.02224316847
35830,35424.286073052805
35831,39860.033311914376
35832,23072.19951770076
35833,13574.636255316424
35834,12538.947170593827
35835,9376.178833586431
35836,4140.37036231896
35837,11847.344935955143
35838,13909.545813946374
35839,29755.700318227624
35840,5211.691429919365
35841,3701.1897474634884
35842,24878.997820710785
35843,19759.898927223636
35844,30985.480372424154
35845,10385.191330785601
35846,17682.521342909124
35847,44200.64877399779
35848,38829.963644339594
35849,24683.629774022796
35850,57778.99583115124
35851,30330.36294897199
35852,20934.412747964237
35853,11743.292644647627
35854,22253.15044195036
35855,2644.011920864477
35856,16439.039017603645
35857,11271.89313512749
35858,57694.675528296415
35859,14722.242892548873
35860,47981.167055149876
35861,2304.1284591463095
35862,16238.144460743586
35863,25445.577844014468
35864,30365.247261617904
35865,87499.9399178403
35866,29796.199344134435
35867,27784.323501484425
35868,25346.97627675029
35869,37540.690552809065
35870,5062.586102459929
35871,10808.26834349872
35872,14306.496832403178
35873,23540.760079640106
35874,18473.61347442669
35875,12362.34580847515
35876,20284.54201906825
35877,48754.88049636669
35878,9656.90847219725
35879,3335.379449914646
35880,36802.22002016672
35881,3269.027147165848
35882,23392.704922527675
35883,16617.782084732065
35884,34054.32063590167
35885,10106.133790811671
35886,24058.21653273068
35887,17346.033097018586
35888,3834.797754444676
35889,8192.308094029713
35890,47056.50749764347
35891,24601.596804978864
35892,6493.491626100479
35893,40996.94646531026
35894,34970.20812387184
35895,29248.23711463389
35896,30687.773612285877
35897,49813.25482210081
35898,99327.04380383765
35899,54984.26468216235
35900,3001.0020696074444
35901,7057.081634307598
35902,15080.64047551584
35903,16413.843854717354
35904,39040.669732471615
35905,5124.5172438983345
35906,5123.051093460618
35907,35513.42295980974
35908,2420.0875729826043
35909,12089.931836264868
35910,79074.88542499783
35911,29214.274534340584
35912,46303.20672049984
35913,26834.33135316276
35914,18249.163175799174
35915,25209.170279391747
35916,65735.92747050103
35917,7755.924963725748
35918,34076.400537452726
35919,6081.549066990145
35920,32064.045648126743
35921,21141.53493438151
35922,5967.91202044778
35923,88314.84046099285
35924,29179.13168668301
35925,38803.392131486275
35926,15883.589373556979
35927,12371.917201453665
35928,4677.265817599178
35929,16673.307711340884
35930,40591.54758286324
35931,17114.888295536028
35932,37510.34881886719
35933,20256.104276404458
35934,24027.87937554313
35935,6345.7310732396
35936,4781.935147148247
35937,48834.9731509527
35938,82715.6433554964
35939,3486.0764791794945
35940,6825.357926445187
35941,15171.047467248458
35942,42808.94895203253
35943,14953.884446792748
35944,26906.146136015985
35945,13445.55914724683
35946,24806.989839578022
35947,16671.087250491564
35948,3518.503774134472
35949,10729.492472936567
35950,20469.810271358354
35951,19005.53387871797
35952,22641.391438799215
35953,12992.530853323276
35954,6034.675573604395
35955,64500.69709737544
35956,12000.246582629838
35957,39508.3376200916
35958,8654.468103367664
35959,15667.885547875067
35960,19833.02779556522
35961,33568.18794902475
35962,34634.14859560365
35963,20415.27220822243
35964,28789.38739743615
35965,10783.862824863358
35966,101707.14766005134
35967,10663.285022780654
35968,33214.88431708515
35969,18400.951655924157
35970,4625.900918936556
35971,50789.341902255976
35972,51824.57803004254
35973,89989.85761404899
35974,8485.746463525173
35975,23355.30873425523
35976,20866.222935692378
35977,8753.405946676803
35978,15257.719650069796
35979,16326.0030804322
35980,6501.325229111734
35981,58438.35878185843
35982,31205.138951027082
35983,18467.570196522087
35984,4526.939632475391
35985,11559.662968036731
35986,23938.15310285495
35987,29374.518431142867
35988,13728.270846069825
35989,23769.504402412604
35990,67121.82043826734
35991,24585.894997309762
35992,29451.529842344145
35993,2656.6856386649306
35994,28209.0499278408
35995,50819.56664495427
35996,23705.9361576894
35997,2279.531412971043
35998,18888.421477640448
35999,13999.130074259594
36000,7801.1426082913895
36001,18851.79395523575
36002,18758.744113863577
36003,5300.840526714126
36004,50631.52958538754
36005,29519.99844701376
36006,44888.45038197966
36007,2327.860761275928
36008,16440.547327290456
36009,1506.1909000503852
36010,28331.757650297062
36011,37462.86091518359
36012,55777.501772445365
36013,5297.492678156492
36014,25526.736812194118
36015,23397.415055147056
36016,3232.7565241502134
36017,22441.786062937077
36018,17664.6740553926
36019,13615.496158182816
36020,52664.18716079006
36021,13637.958121110283
36022,10225.921426895848
36023,31197.653070509637
36024,18519.47088095249
36025,44389.45263130013
36026,24391.68968226235
36027,9279.535903503276
36028,5449.024477967046
36029,49289.4190605901
36030,56021.27126811539
36031,11146.47565075054
36032,27300.09470266453
36033,16714.734502645802
36034,41243.71955676324
36035,26687.503601270233
36036,18082.06249227689
36037,21906.0103274816
36038,16690.492362673125
36039,14146.764054820116
36040,10185.711506395057
36041,40913.08311388752
36042,29038.398570811554
36043,25826.058897245766
36044,5286.345579098635
36045,9845.83692734141
36046,37495.482844766106
36047,3707.2277556302693
36048,33100.38734361022
36049,30487.03519639631
36050,39141.08880509559
36051,17478.846717378692
36052,57446.23802131164
36053,9045.61581543091
36054,26972.86812714586
36055,15024.515884446733
36056,3267.479227483458
36057,71939.79823100504
36058,36341.72571328277
36059,20021.632055697606
36060,14139.724212915577
36061,23856.177588585106
36062,41253.488174301754
36063,20843.88044338192
36064,7875.753501218556
36065,18346.02490008526
36066,35362.4241826982
36067,10900.267013342831
36068,93097.54185427086
36069,13479.448948861516
36070,10834.417611217712
36071,40764.55695343241
36072,19926.87752313357
36073,16338.66734009536
36074,22725.76965930128
36075,16073.736581110812
36076,21458.11615490756
36077,24015.97226944934
36078,23781.418798808543
36079,3570.554669921212
36080,8921.975707850543
36081,3334.702335365447
36082,4221.993596588631
36083,38686.79863089957
36084,85800.1338899824
36085,7212.470604953973
36086,33015.0401211075
36087,76076.89328749655
36088,25078.029037688346
36089,17485.10554325395
36090,1498.7457180578092
36091,19005.331605413303
36092,23099.355622225332
36093,39382.13227121562
36094,33116.14385303377
36095,5971.753007709362
36096,4869.655525747879
36097,3108.1404483437673
36098,10781.176237442078
36099,5814.632010856447
36100,6165.047877285259
36101,33148.27851218058
36102,35708.94960718187
36103,27594.487654472578
36104,78419.53654707421
36105,59069.86522255755
36106,21735.351612320268
36107,13356.824246957192
36108,8993.958002363655
36109,48430.021954351665
36110,33525.70408836068
36111,59766.937356821334
36112,19301.302152975233
36113,21872.958668385032
36114,15978.867260949351
36115,10875.472590474168
36116,5891.5138463460235
36117,107900.44533569377
36118,6838.145061079152
36119,38403.65186892273
36120,7636.999023201446
36121,15284.003694864867
36122,27505.723213029993
36123,4915.859371332366
36124,14321.192504423308
36125,33205.782133701745
36126,17466.715919169492
36127,28633.972404507767
36128,33706.19998980692
36129,17501.09989848364
36130,58678.27500064649
36131,19073.560921215067
36132,5832.430635291018
36133,25067.34558264521
36134,15703.938418709777
36135,40768.852821048546
36136,5571.4565075409755
36137,23255.674275308204
36138,17377.320542923597
36139,13023.072167863977
36140,4207.362895626813
36141,48745.98866119359
36142,9803.338492692674
36143,18382.937459377918
36144,25965.455434820367
36145,23414.96347693017
36146,50991.60332909346
36147,19433.823559834284
36148,70533.5017307929
36149,14312.739533251764
36150,17127.3959486279
36151,12221.683551177272
36152,18463.890817468124
36153,33820.48456726001
36154,16128.69151702395
36155,29806.90341897679
36156,7870.790653328998
36157,15793.640770151915
36158,61738.14223095098
36159,6519.090446221092
36160,6857.139127469811
36161,31268.67759071096
36162,6379.714270751245
36163,33093.7141251132
36164,81938.38619670324
36165,6076.036155475238
36166,20577.723598996003
36167,8701.570336234707
36168,13239.609330044173
36169,33982.557963062114
36170,10232.233476747608
36171,13037.405429674494
36172,13336.311970527937
36173,57556.29677671871
36174,18341.666145045427
36175,15618.340945549357
36176,16901.780568757415
36177,19334.10313713097
36178,5344.1656141494195
36179,26287.817194091447
36180,14831.410871913988
36181,33437.23142736194
36182,16095.631315497621
36183,117374.8869303775
36184,16056.37552562837
36185,12161.229015233574
36186,48465.2221838773
36187,35494.58858397827
36188,21808.211198406134
36189,10691.006544426164
36190,4517.806928489976
36191,66753.04325381208
36192,62328.95327438108
36193,9602.941158511541
36194,4539.274207784148
36195,24948.42000120125
36196,23568.604525973482
36197,15388.92111112647
36198,60924.34304421666
36199,18136.767615703124
36200,3301.2577269719577
36201,18873.16899926021
36202,52022.750337203885
36203,60009.04882183546
36204,9568.70594947101
36205,18327.265863490193
36206,18188.129743185844
36207,35102.12480246115
36208,6755.601317340676
36209,2151.650986642923
36210,20644.216351706767
36211,3169.452735869603
36212,24139.04178500327
36213,26190.73841158081
36214,18346.8836220892
36215,113725.59613578889
36216,23694.744958263294
36217,2782.10750991642
36218,9927.201114611982
36219,60009.541051597706
36220,8883.062880153191
36221,59724.23804759564
36222,15235.089938771984
36223,8130.424101351123
36224,3449.918219042066
36225,21406.68866219688
36226,58006.81779478836
36227,1759.0946889191725
36228,21639.141986097995
36229,8952.944687909792
36230,16464.24945264069
36231,35192.47779479165
36232,9390.59381271691
36233,1849.3029071402698
36234,13141.754114248151
36235,3226.1796797536763
36236,8100.00424638491
36237,30207.664031796034
36238,40497.94408727049
36239,21009.469767310056
36240,34396.52087178142
36241,39014.00633871722
36242,9603.378423913504
36243,21082.777318929126
36244,33947.28446134983
36245,26480.307768420826
36246,25236.01868177704
36247,158447.73588666602
36248,21468.31427233464
36249,32101.868373230853
36250,16753.86749252969
36251,24476.47381908605
36252,15645.986202014805
36253,20783.444288662515
36254,14444.195761992858
36255,25162.26148704623
36256,57875.08072103577
36257,11583.693764823714
36258,8516.200881871977
36259,13744.957931599321
36260,17382.785483904296
36261,19714.02272508142
36262,11828.14808404036
36263,26011.071737748574
36264,33448.25569845267
36265,16497.239443145398
36266,24514.89105706291
36267,10189.076124921068
36268,6268.4428037170965
36269,32454.16734038546
36270,6560.583175715665
36271,8887.275896306204
36272,9807.538859922013
36273,130865.50298725757
36274,12421.808036351731
36275,49788.59713403195
36276,20368.347514354376
36277,26826.09705251759
36278,4432.420230089908
36279,9551.518457085243
36280,12178.116085366844
36281,26951.72537949313
36282,53296.11132659702
36283,15813.92610203694
36284,17292.670797038154
36285,143207.28589155833
36286,68935.36190669594
36287,62190.797737638306
36288,1406.107535167032
36289,11463.437495576669
36290,2916.8596047618444
36291,14000.967529859314
36292,34320.88009642267
36293,16592.564709892216
36294,17648.970040615503
36295,42795.776399801674
36296,11339.522613476507
36297,64470.24969873319
36298,31291.476272109972
36299,34736.19702749158
36300,6017.199838651046
36301,3761.545426631124
36302,62819.831843118685
36303,23951.842253264298
36304,12800.159020993035
36305,19661.59066378524
36306,45164.38643826896
36307,32858.0132716864
36308,14278.244808790125
36309,4781.175638220412
36310,15533.66151124853
36311,20663.45070983841
36312,72998.70254180173
36313,41865.31010062079
36314,14562.580834970793
36315,15002.725004418508
36316,28160.933344641137
36317,44425.368703056454
36318,22712.53395560142
36319,8592.700709956429
36320,119442.3537065939
36321,17225.523831945855
36322,46274.19155833486
36323,5211.256169535046
36324,60116.392842464666
36325,21041.036249140583
36326,7103.612607179589
36327,52375.95102494834
36328,14106.14833918358
36329,18857.73054145924
36330,21915.559760750482
36331,11533.740401915837
36332,22070.483874338202
36333,11572.063943210776
36334,31857.455534058205
36335,16568.045964141336
36336,15738.056888623318
36337,20472.13145559413
36338,17817.146101729017
36339,19317.225864814627
36340,7420.392853201775
36341,10058.787922411862
36342,9978.177984313117
36343,14018.153637626245
36344,72559.76348357365
36345,25040.331362333123
36346,30842.529742689185
36347,4486.574298401735
36348,28855.70467440606
36349,37546.68312035977
36350,74227.00994639973
36351,28898.46778523853
36352,18074.888010339426
36353,40021.40962102584
36354,68826.9485224099
36355,3302.2315962394096
36356,12781.06587557197
36357,22947.458051059413
36358,23449.513362017602
36359,120474.4053503886
36360,4339.959900859516
36361,4111.14684811361
36362,44084.483347797956
36363,14720.066567284493
36364,3087.8713106232453
36365,66335.25717440575
36366,6398.593093940077
36367,9471.858361372046
36368,6473.1954017807275
36369,31058.389008808837
36370,74102.71646728028
36371,29581.612041868677
36372,18361.524035470295
36373,19269.902189101507
36374,7813.435897062574
36375,37777.40219870683
36376,8016.059377637858
36377,42383.594507267226
36378,10143.622020026505
36379,9492.282867209966
36380,18671.20763252241
36381,13921.284996089262
36382,68899.92939967918
36383,10507.404904523606
36384,12322.123120056589
36385,27544.746983102363
36386,93653.5484862391
36387,3182.214464525024
36388,16636.421371835735
36389,38451.25899045433
36390,40759.093551539125
36391,9346.96840177116
36392,6368.965099992747
36393,10175.013033548203
36394,11401.628019936292
36395,13600.21410188635
36396,19759.094749637905
36397,13733.182108338555
36398,8775.03036128942
36399,27271.10374381877
36400,15073.151871289794
36401,63645.40593906107
36402,14020.87690468745
36403,31325.52553332122
36404,31404.000284171358
36405,30084.991528024657
36406,42584.26335739696
36407,14236.268000867256
36408,20042.429150116757
36409,11144.347440074454
36410,13793.513325816448
36411,17374.53270802722
36412,24470.371190473677
36413,28585.08564546796
36414,28584.548633289513
36415,31839.60709939731
36416,22087.488742836194
36417,20369.740123927048
36418,15678.571335127921
36419,20942.56233220267
36420,11147.147600423952
36421,44725.08482490727
36422,23947.526755951785
36423,65425.03563960314
36424,44493.37301322297
36425,28724.17273671547
36426,20942.188353536232
36427,32398.06393287572
36428,16313.018020719865
36429,17372.6133252826
36430,17876.83148705952
36431,20000.08601803001
36432,11515.908773555573
36433,14241.212285824275
36434,4261.932534638046
36435,2862.425725872664
36436,14882.881459137168
36437,66523.90505379188
36438,31996.72019505258
36439,13797.386102373106
36440,1103.6355051368498
36441,2852.3520872659838
36442,27390.664677126497
36443,18104.62980245043
36444,22801.20566851078
36445,16767.96002569927
36446,21171.780512551057
36447,20689.61250121983
36448,75899.55489962977
36449,4472.157666658491
36450,23038.52131045295
36451,29944.11889131747
36452,66786.48750066092
36453,58257.05673611471
36454,38005.4583526298
36455,25884.935138594043
36456,34560.10767315667
36457,25849.88193747712
36458,49976.98090437602
36459,15833.427894003662
36460,4483.169090637369
36461,25142.14963356838
36462,16778.45993311366
36463,57186.00605998269
36464,12168.024332293993
36465,10153.10086153595
36466,21714.787664077012
36467,19484.4379582611
36468,6471.418819566983
36469,21971.300468981986
36470,30415.243450960654
36471,9962.162356106586
36472,60770.82844804588
36473,23515.872276979142
36474,15608.989789610969
36475,29674.203039668082
36476,39222.64206454753
36477,25869.574026856586
36478,96030.72902614954
36479,15504.905575253339
36480,22973.358044333865
36481,9493.19097040922
36482,10406.13584361363
36483,16704.738538026937
36484,12306.575817524059
36485,6369.855753948928
36486,5318.72015321082
36487,2052.0936990397927
36488,16246.387636097721
36489,14859.627098612842
36490,2698.2117554205456
36491,11334.300844773521
36492,48539.130580040735
36493,31271.46102536331
36494,26108.83670044576
36495,11243.142257756479
36496,44059.85269032246
36497,11153.944751502797
36498,27456.819612121995
36499,14890.36283395757
36500,3198.9646204416604
36501,21804.74354535173
36502,7475.906468560019
36503,52499.64156925146
36504,10397.869268354436
36505,70412.26372499237
36506,70291.10745559768
36507,40660.826104271415
36508,1925.0958062755144
36509,28984.191331608123
36510,22693.03920215493
36511,1679.5665315850247
36512,17934.88972047867
36513,10737.67582438864
36514,43256.757680816925
36515,25552.253618322626
36516,14568.867847230416
36517,15246.285426721768
36518,17208.90238299611
36519,35031.19230937421
36520,33567.07129748055
36521,12667.861606293169
36522,3325.326527641969
36523,25304.706330201447
36524,13849.733392262511
36525,28396.460231596066
36526,5512.871387604558
36527,30160.195503030234
36528,24446.908341085444
36529,17082.189769442095
36530,33807.53446741327
36531,52998.39491172331
36532,3540.254942361995
36533,16262.93463033369
36534,10180.432933680566
36535,33052.1128622952
36536,31297.571859739153
36537,46515.50158173985
36538,36428.74312884116
36539,7009.257687374353
36540,16696.450877793868
36541,11899.136231189665
36542,47599.814657702445
36543,44585.997007156344
36544,46527.21168803933
36545,9643.687627244371
36546,6850.40995679278
36547,6266.2534564226535
36548,21433.186742472884
36549,10765.223614278135
36550,28205.634287090394
36551,27686.726056038973
36552,25279.215983561604
36553,33496.70052886448
36554,21840.7414508663
36555,22936.25217185678
36556,2171.493141347351
36557,27705.118483316834
36558,36600.10703847179
36559,13362.624878943943
36560,68089.33580258611
36561,27040.459136504138
36562,14560.857538755208
36563,23903.884589999194
36564,5766.584256740202
36565,29114.848042846636
36566,10739.095533655205
36567,49409.07341472767
36568,41714.504337416955
36569,5583.601845311307
36570,19179.118028861252
36571,28729.517830365356
36572,14037.741467326972
36573,6224.793363880223
36574,8414.795059574548
36575,2944.7842406886853
36576,3617.7874326928377
36577,24558.35142635405
36578,26121.306202789187
36579,19573.913123702132
36580,25504.709962293808
36581,23910.023255801934
36582,47285.193887801666
36583,54754.32085052686
36584,3120.3133018512817
36585,30187.801070186903
36586,21679.494464320138
36587,17134.83613790637
36588,12247.805591072334
36589,27315.389795106876
36590,28207.96740895332
36591,4126.65944583594
36592,8929.189619067341
36593,32351.765836668546
36594,18601.695049458842
36595,31426.413655922006
36596,8969.422206602709
36597,5225.414378916044
36598,15222.733528211917
36599,55014.354654867086
36600,77478.01271565197
36601,34158.227458914895
36602,19279.174220992965
36603,16004.350426242692
36604,5427.851860090732
36605,24428.35712806923
36606,5406.806181907578
36607,3362.231080560805
36608,23130.851740983955
36609,20381.646188600494
36610,20435.99968134285
36611,32296.052254808958
36612,11369.926894152215
36613,5597.7303152243485
36614,23984.01619383676
36615,17226.912248580367
36616,2817.2546971057645
36617,11856.648059485029
36618,9508.832092575542
36619,32910.68959808695
36620,33813.462720120515
36621,4668.092872979001
36622,4024.229786966407
36623,30412.60262758293
36624,9266.959960916563
36625,38680.879704027226
36626,15544.916204401785
36627,35747.81989272987
36628,8172.933707668435
36629,15373.811922029552
36630,65153.87814133162
36631,2664.827229062621
36632,21412.757352523127
36633,3423.5040851845984
36634,15674.241848260297
36635,32967.846997205015
36636,8845.53459909507
36637,31050.252159179734
36638,8665.702362851884
36639,76571.57425687635
36640,23704.26348463433
36641,25169.086197060387
36642,6512.0405654191
36643,31407.882289641308
36644,15339.294294560308
36645,25628.401879931193
36646,6875.710945065741
36647,31716.909133745397
36648,37691.87038349327
36649,45258.58857319468
36650,28848.831647653624
36651,28064.082147728823
36652,14346.477262331453
36653,5876.040147140205
36654,18588.68263481686
36655,15837.630643963246
36656,3607.110980582281
36657,7142.104610946954
36658,13440.77077305471
36659,2939.9189091220037
36660,15579.355250652457
36661,66392.25674733167
36662,6078.962697687126
36663,10702.095292387716
36664,71492.57886414093
36665,13063.66735174086
36666,33172.13546364348
36667,20673.819040554703
36668,30749.743812258585
36669,18297.70630746924
36670,18196.45640345982
36671,36227.904070082695
36672,30752.919512222936
36673,28476.170436354303
36674,2842.047468434254
36675,6790.296090925905
36676,12261.527546909143
36677,21447.696217652858
36678,44480.9526334538
36679,36846.32130711094
36680,10372.13161651213
36681,29628.986850346355
36682,46944.76982360243
36683,34116.49475930159
36684,5524.052414739525
36685,12143.441420590276
36686,39104.49027275162
36687,15966.273409903006
36688,8416.432512973153
36689,13295.054030919733
36690,15095.976239687818
36691,122052.41662282038
36692,6870.237636083645
36693,11924.036432403118
36694,18804.06030818192
36695,4922.872024055592
36696,16077.087540043902
36697,24133.26840334993
36698,9813.62708978241
36699,13255.528492981442
36700,38442.743757381046
36701,13908.6068556219
36702,5804.494580086875
36703,2894.5733941684816
36704,22921.53005250132
36705,2961.770228567303
36706,16131.991593604524
36707,31994.73407715602
36708,20649.62354531815
36709,15731.956886259586
36710,8780.26829127275
36711,31396.121219512814
36712,23619.702966031524
36713,19817.810367745507
36714,6210.054874713566
36715,8863.400546715779
36716,6100.83033163497
36717,44674.24728416145
36718,14625.64210862695
36719,20965.498746626265
36720,3151.1427724099685
36721,26946.56244874294
36722,11420.851353369413
36723,11591.805332214746
36724,20784.136772728314
36725,38566.12220773126
36726,8076.071877049354
36727,19808.921158482597
36728,7943.859737952904
36729,15014.985221986952
36730,25343.735773657736
36731,2878.1357912271446
36732,16087.484984950104
36733,32364.75755315061
36734,25190.60493710512
36735,20399.804127108855
36736,1584.6066613475796
36737,17121.882340223023
36738,23503.180847504147
36739,40631.405518146945
36740,9751.242688237642
36741,30964.49661785975
36742,1877.3639840065491
36743,7928.412766392035
36744,25216.716162810357
36745,2544.7126462236715
36746,15185.819199573038
36747,8948.281960115046
36748,95634.44474278488
36749,26214.65329309066
36750,25458.76996896743
36751,2814.0139248159385
36752,24843.973555037082
36753,16477.636795515944
36754,23208.899923202625
36755,23878.2123820423
36756,18151.78896082804
36757,19959.937924457172
36758,99311.13888714676
36759,35102.03425884038
36760,2091.2930865219905
36761,26604.43339073873
36762,16660.61604328367
36763,19894.297125711895
36764,16095.504373530877
36765,17789.545269687158
36766,18057.282950731747
36767,35262.317332684426
36768,36434.69332167228
36769,26949.33536111474
36770,10563.070279413363
36771,43386.29550408346
36772,61362.698403892704
36773,7040.601305473161
36774,37047.24669795683
36775,25753.726629051027
36776,7616.11112519222
36777,19688.253616247945
36778,22448.327927591003
36779,4644.295662809151
36780,109067.39145736366
36781,9098.428705989172
36782,26732.586798869397
36783,18146.593445811595
36784,17201.84880571686
36785,18018.898519793995
36786,12256.08416041708
36787,17650.153904587016
36788,17205.566943419675
36789,31815.936857647466
36790,17627.914058507806
36791,4503.198708895701
36792,3992.341477542952
36793,3238.7377385292493
36794,13805.732280243566
36795,7841.299712938664
36796,38607.987521684074
36797,1542.2645974680468
36798,14933.40295250736
36799,25253.803607198355
36800,4041.4696726524458
36801,25051.378365411227
36802,7714.042104515899
36803,29327.457123453234
36804,12433.451920782982
36805,24705.533839795527
36806,20267.34321025007
36807,42786.8810874839
36808,16649.237485022408
36809,6615.479044079072
36810,28237.792851622977
36811,16648.374926483266
36812,25728.76181417664
36813,29809.790694747335
36814,12636.604961104526
36815,19531.378886552488
36816,15527.145168583895
36817,29711.79164700208
36818,26595.993660173906
36819,10639.89610708846
36820,32737.041825481596
36821,39098.12412727245
36822,12352.023432266915
36823,30079.350327813238
36824,15958.034244244796
36825,2662.9495926494324
36826,27160.789668975962
36827,931.8987177571876
36828,16392.55691048191
36829,16666.385280336624
36830,7525.77118628983
36831,26224.471987937068
36832,28461.535209518137
36833,1547.0230134188887
36834,41989.77323628371
36835,16628.318798014905
36836,67204.76664802399
36837,18914.92129244355
36838,15576.746200543095
36839,41757.436223381475
36840,14719.43487343758
36841,32616.06467058877
36842,1736.7259644090261
36843,54138.038976128104
36844,23517.470355055735
36845,38988.659926104694
36846,26561.062274471198
36847,21221.357627531375
36848,14996.047346570893
36849,7450.205155027341
36850,43352.41084872122
36851,88992.35782237926
36852,13237.951360697623
36853,24759.37839046335
36854,25775.99955784093
36855,5636.710499812451
36856,21564.99163027557
36857,4062.451258908466
36858,19344.101350929974
36859,19762.236574795403
36860,8351.693701393066
36861,135962.58253512744
36862,21924.060382995904
36863,18282.51506198073
36864,10402.23364118073
36865,57255.25445054178
36866,6454.62405050002
36867,35799.42946577233
36868,20876.23053483956
36869,27376.793029151868
36870,11782.09251795091
36871,17700.73159627118
36872,17976.652526224323
36873,20643.76166132001
36874,5959.158305481516
36875,4008.889025023663
36876,49453.983881914886
36877,19268.34232497619
36878,16111.886678339688
36879,13454.134823615614
36880,12583.846179200138
36881,11794.084391604703
36882,9307.643071802107
36883,59542.91185021691
36884,12912.285890475066
36885,15965.532424880568
36886,4137.665479418797
36887,28150.33131758323
36888,53795.75311300498
36889,30043.177732067463
36890,19084.035573886755
36891,18438.42540003468
36892,14839.842935362425
36893,60857.32632817265
36894,24515.883341561555
36895,4983.953792483774
36896,52575.175589153296
36897,18572.519153902897
36898,38817.242230433454
36899,6316.8214643171395
36900,17057.526804281377
36901,48737.55298458226
36902,13310.346295322921
36903,48130.905168874655
36904,41761.02356276411
36905,9424.790399651938
36906,15268.790350334248
36907,11016.983815568576
36908,64463.61598477615
36909,42857.34172685076
36910,2165.640566908961
36911,39880.88483098392
36912,48879.64433311332
36913,13448.673532828017
36914,21656.68316708673
36915,30414.90133251113
36916,20091.353904134077
36917,24290.508654843314
36918,42124.715248029635
36919,30775.123231677735
36920,4397.3675491921285
36921,51794.33491249565
36922,30065.817467981244
36923,24415.313945116675
36924,6248.624584583908
36925,18236.87258511726
36926,61916.59469135374
36927,2524.3248897922745
36928,961.1282361025592
36929,41606.46331876985
36930,30957.58385055043
36931,6426.465907910331
36932,47448.75890214764
36933,32574.475037003605
36934,25614.9896503939
36935,6296.883014262455
36936,29276.4982230157
36937,35731.48220953655
36938,10644.552446263897
36939,36656.46396934441
36940,1420.4229236958274
36941,17806.129515150173
36942,19283.999294182242
36943,18571.69492014581
36944,25759.64664301306
36945,30001.299005661305
36946,32969.82250930457
36947,7429.213566947031
36948,26644.59169983816
36949,16914.588367043907
36950,16616.39397303697
36951,40125.78559032505
36952,44148.85031526607
36953,21623.846727888147
36954,7750.395993438489
36955,14221.022816993836
36956,19360.096836570956
36957,29659.61501307776
36958,12236.660274740818
36959,58258.4740173706
36960,16603.784234970703
36961,14892.304609396886
36962,12346.893766812242
36963,31807.475639876742
36964,17282.394705778213
36965,14655.381207953766
36966,35342.424905257634
36967,6849.422861843745
36968,13716.873837745701
36969,8071.934472471997
36970,27584.614083108387
36971,39506.225570125884
36972,12352.899578492648
36973,47353.46101092686
36974,19647.967192521617
36975,12013.501347903084
36976,37276.21131046649
36977,10988.96687403105
36978,1319.2763832238397
36979,22730.380677573517
36980,30122.219749075502
36981,12202.615257851066
36982,7863.175678930527
36983,40180.77465050648
36984,14086.273631840535
36985,44212.49866551668
36986,26828.895719854376
36987,26551.166299661447
36988,4100.9673672265135
36989,32530.25066018142
36990,18606.88238494227
36991,21723.655944941762
36992,105982.04145488536
36993,14838.399220695557
36994,6778.2120481440825
36995,9487.218527624154
36996,12227.153309261637
36997,14253.885812266448
36998,12270.277405385748
36999,11340.15738476686
37000,51471.87728310816
37001,15078.863639308733
37002,24498.401487990322
37003,58761.03792435343
37004,20009.0372281017
37005,12283.050103799766
37006,40181.4398275832
37007,18139.00681276912
37008,17249.672564358123
37009,7091.147769962983
37010,14352.197051293311
37011,21373.326061343647
37012,8954.444641326774
37013,35945.49448101064
37014,36114.77280990414
37015,30097.707013532312
37016,20758.13330859394
37017,25889.786846089304
37018,27636.024309992445
37019,59770.57248252109
37020,26948.860932390995
37021,16934.926249765558
37022,16225.50955790626
37023,15738.185574065532
37024,18927.436200801803
37025,26042.432843173843
37026,15935.569196534914
37027,38786.0379052542
37028,736.9287026686204
37029,10143.330548578675
37030,12715.120556474529
37031,14850.507970856575
37032,12082.923439344388
37033,5070.782363399284
37034,42033.561827865575
37035,17305.5884470222
37036,9494.621251026045
37037,36030.359939882976
37038,12896.422779276301
37039,29487.65630167829
37040,4284.6778155130305
37041,16867.714788295685
37042,22448.89681596821
37043,27867.808683929266
37044,3331.950913302897
37045,30909.88722071564
37046,8259.195841367788
37047,27243.308240845003
37048,5753.115725469182
37049,74398.78616832121
37050,11267.895747791443
37051,17709.988878570333
37052,33882.611972560146
37053,18119.605679039876
37054,27168.013220048826
37055,2014.9080352096605
37056,1700.2538656694362
37057,88936.54447144267
37058,8120.891611212491
37059,35214.523990740396
37060,46132.12737828018
37061,21502.784519068155
37062,34385.87542350862
37063,4747.94823659429
37064,22610.995466692217
37065,7377.252181510423
37066,4743.568700619568
37067,14641.39543675928
37068,17318.614158876986
37069,110369.37920316268
37070,22431.63512915883
37071,10459.475383120198
37072,47661.36681736837
37073,2375.9300116307604
37074,48045.632209721276
37075,1185.2568361981569
37076,6745.531558273842
37077,30606.578348729432
37078,41460.198728554846
37079,44614.0280239878
37080,8193.562428811721
37081,1907.0141292584292
37082,2758.4478131217415
37083,5192.086678196944
37084,12602.048241531154
37085,5727.94425862502
37086,15743.772882168407
37087,5334.385318068899
37088,9379.16039720324
37089,20369.404069953154
37090,5081.070625296384
37091,18612.4563551382
37092,2864.583470314941
37093,114353.61355642295
37094,2026.8663131996948
37095,16771.131485676644
37096,3710.320008487803
37097,21915.953843279673
37098,28012.565993041877
37099,28015.235534225132
37100,10597.19500668379
37101,19421.114048382395
37102,33465.49671189968
37103,55965.166749657044
37104,12721.978210857027
37105,19011.643833206203
37106,77667.09214765548
37107,31288.115148510908
37108,24517.26739025325
37109,20301.236126608877
37110,1651.7260768030444
37111,12382.40904620126
37112,19755.496513724964
37113,91020.58770326315
37114,23383.869921851656
37115,53985.24457195515
37116,20372.234504093296
37117,45771.30760444828
37118,22105.780770074776
37119,18970.397132866667
37120,29069.922212384332
37121,12642.917944201463
37122,23970.804229386897
37123,30823.290726803967
37124,3722.9920924106673
37125,32474.409726902857
37126,15867.894551614338
37127,14044.881861005326
37128,24786.27595537475
37129,5843.948169667925
37130,19500.9771431861
37131,24654.74626478185
37132,3222.3479123602797
37133,33150.27605113385
37134,15874.286464315204
37135,10363.70483845646
37136,25178.903694859237
37137,14225.118162996097
37138,2328.3305254626343
37139,22929.83567506594
37140,10633.681509102364
37141,27153.568408529187
37142,23161.13019674432
37143,19992.412941862734
37144,23925.874971090172
37145,14769.412747406133
37146,32987.577204802445
37147,39723.64032824465
37148,40180.71091029326
37149,20165.524573127394
37150,61456.231126304374
37151,8616.727738971496
37152,46725.876088134995
37153,11169.624608601145
37154,27804.816361145873
37155,5368.7727873867625
37156,16153.683483164661
37157,38465.54757555086
37158,21588.005996655276
37159,3583.4532719047456
37160,62139.487801014606
37161,33887.49204577027
37162,9094.000555021514
37163,6213.839344829819
37164,47384.39142532906
37165,14313.623929327043
37166,14199.601220659608
37167,1479.7587324660637
37168,23915.311323114405
37169,28671.0980157715
37170,11716.744740553651
37171,6928.125863727133
37172,30578.08832302745
37173,17248.371033645162
37174,19984.502070882507
37175,53867.00671575795
37176,7439.200027624177
37177,7642.938798100441
37178,60415.10168876432
37179,74797.19662946532
37180,31657.95973626026
37181,35848.661808207624
37182,7737.462115594068
37183,10319.888517728637
37184,56131.55491244013
37185,13816.674319971522
37186,61509.453402855004
37187,22010.259994800363
37188,4717.215692710759
37189,15716.034548215184
37190,16743.48052419856
37191,2646.824615899952
37192,28896.41116028353
37193,21228.702173985028
37194,18925.718362783256
37195,11642.463194797498
37196,33224.033634991145
37197,50247.72580629395
37198,23701.515820049404
37199,5775.226174895586
37200,34222.41736474426
37201,25660.831487794843
37202,17819.90265592148
37203,12064.604847724533
37204,7758.487555367358
37205,14253.020211362847
37206,5246.096994139877
37207,25798.431463251196
37208,9328.124804649588
37209,2896.7323182242135
37210,17850.480521164875
37211,8785.198081480206
37212,15688.225894036792
37213,16745.59725723721
37214,9659.238334309684
37215,47062.255402894705
37216,25420.984389481717
37217,26052.23903774647
37218,53378.72661531631
37219,50306.404858143476
37220,8358.949806942272
37221,3904.275645642776
37222,101699.75898839376
37223,60787.68996678814
37224,15078.03434277352
37225,26680.145298866148
37226,18485.047503122976
37227,28140.196841298024
37228,4737.949151770474
37229,37978.06719797219
37230,60614.445544737915
37231,27354.16542488913
37232,23894.822657961504
37233,7961.679252132117
37234,21738.579833238648
37235,15433.568837263085
37236,22582.178156990904
37237,7544.272806018786
37238,4812.276573561751
37239,15844.268171082918
37240,22706.226219906366
37241,21334.121379777036
37242,9886.724886482049
37243,15318.897536118353
37244,105097.7711693947
37245,3301.5392111951282
37246,7407.249982801703
37247,39242.63819934052
37248,10408.403882909743
37249,38695.441781829824
37250,48262.83939768265
37251,13753.703126368371
37252,11262.33188751683
37253,86873.12207845174
37254,37797.961002558855
37255,8222.10263183284
37256,29419.780315126667
37257,10398.797750851687
37258,7642.613851606425
37259,26580.85751191963
37260,53847.20625892142
37261,19980.853994702564
37262,39117.07765521724
37263,6537.967657736464
37264,2761.55852873448
37265,1170.0327107367557
37266,43144.866865193166
37267,8324.30421316508
37268,12564.94890767167
37269,23926.858222929895
37270,25611.505831765757
37271,36624.664552779446
37272,82280.0500043183
37273,4360.632840057261
37274,5956.78401706769
37275,6939.785366766187
37276,18513.56194871013
37277,18294.523938054266
37278,51570.987799033275
37279,1213.9502622800997
37280,32258.31714726362
37281,11418.870204161065
37282,29452.28382806993
37283,17618.01471869526
37284,4601.407568526691
37285,41013.22916976594
37286,98260.10266518679
37287,23844.681078117337
37288,24468.422791877034
37289,34954.54384894333
37290,7034.341596769723
37291,16178.682011682748
37292,21526.313834896202
37293,42984.33698784774
37294,13117.930228753828
37295,48456.567934128405
37296,18072.03204050347
37297,7422.458995997587
37298,43751.66772879555
37299,14468.645895960726
37300,4625.596398749654
37301,12009.936677076063
37302,6735.674788643154
37303,29825.13732606293
37304,7496.183888699756
37305,58901.473580593476
37306,71951.05621788594
37307,4840.0723719427915
37308,8235.858107358163
37309,29743.22943812826
37310,41091.959472695926
37311,8573.77008897629
37312,16753.144299060867
37313,6367.953283324299
37314,39263.740735811676
37315,18573.532505110918
37316,27457.946056839788
37317,17186.100940056258
37318,15176.069455233048
37319,3955.202724625315
37320,38640.45164848631
37321,4601.480098668698
37322,47389.69203125958
37323,2593.344043259319
37324,17967.920298454537
37325,841.9511139982269
37326,5651.601503582205
37327,5100.590185204531
37328,37911.449615084675
37329,14664.3615060871
37330,23871.171496313094
37331,22221.82464281473
37332,11251.079473018195
37333,38828.77013496179
37334,5523.789366983346
37335,24423.403904129453
37336,21573.042684796812
37337,21823.282388900832
37338,29983.35110489965
37339,16860.228250694323
37340,16542.588463860513
37341,45340.432954571275
37342,23849.83413536973
37343,13107.001594654039
37344,9417.761229284883
37345,30264.651648576084
37346,19971.637131375777
37347,14183.939438099645
37348,37949.32470342635
37349,62794.97349912257
37350,20210.793326669693
37351,35851.122548899366
37352,14616.858886467326
37353,9838.665311842426
37354,20541.344482083365
37355,10042.377241473694
37356,78251.89449352688
37357,12447.296892996763
37358,42157.96251101467
37359,10605.348151927106
37360,43028.85180413575
37361,17997.86185110373
37362,30841.40569068949
37363,46909.29277821485
37364,53487.2523970332
37365,23104.716159034142
37366,15046.683547333896
37367,6142.8096417268325
37368,4391.893295484057
37369,2555.33957303267
37370,32438.65044482124
37371,15647.655795358063
37372,11515.784681140347
37373,16835.760305798707
37374,11353.891937611546
37375,115880.6969693675
37376,13306.053680428104
37377,33130.28200955911
37378,18077.477243660527
37379,32455.506351349813
37380,11472.124356059561
37381,27845.58058169635
37382,49272.81010766057
37383,2087.4694255777194
37384,5751.6527380663465
37385,26292.246334571584
37386,55411.727221659465
37387,25429.519360511047
37388,9438.91690962764
37389,23140.917070829822
37390,7328.515302090389
37391,27014.979950506393
37392,14192.64842072256
37393,16109.41287768468
37394,16703.272767200633
37395,20303.643510967908
37396,22312.12706861756
37397,26351.667152006397
37398,19214.49870938854
37399,9338.521261520411
37400,17810.857183825257
37401,97107.24850444865
37402,7240.4936995070075
37403,30002.38166888924
37404,4476.64182992567
37405,10815.476333310206
37406,9992.569998585766
37407,21273.652557564004
37408,32598.58181900437
37409,15727.099912413234
37410,3290.1481438072483
37411,21420.3579095936
37412,22259.922023956315
37413,12446.255711708218
37414,9629.440423846205
37415,16904.60226891872
37416,12637.363109773733
37417,32643.71223050637
37418,37003.93055261105
37419,10683.594225822337
37420,8193.526026056019
37421,71861.35586969503
37422,17586.508340945347
37423,53313.39355711012
37424,13314.963667795002
37425,3638.9079390438847
37426,30965.76141976319
37427,12621.559700610194
37428,20094.23036503363
37429,17958.668700411177
37430,6326.298570384531
37431,16715.438758102013
37432,70737.18913245125
37433,14318.199475436386
37434,12625.194321436813
37435,16501.7315362119
37436,16360.405047293147
37437,16537.741365873768
37438,38866.72212877972
37439,45519.433006418556
37440,36020.058539229525
37441,28465.122053186577
37442,18980.69287067011
37443,13206.790190845719
37444,22925.73559896911
37445,3750.8918729191378
37446,41292.81771369668
37447,13489.252878430387
37448,24256.244142797223
37449,10556.529741769737
37450,21846.335120310763
37451,10141.372001368201
37452,16618.756427781656
37453,36006.37375300843
37454,17622.738410268208
37455,23895.41164277516
37456,63796.972040786684
37457,17885.138216981253
37458,52526.422263238266
37459,1509.5964216351597
37460,18045.808929721545
37461,47997.13476157011
37462,16751.28063330629
37463,22708.74153933989
37464,14429.238113425892
37465,63406.307837329354
37466,9998.590865406451
37467,113261.70540549884
37468,17424.901138089244
37469,22740.01917381792
37470,10383.043212541097
37471,21855.459644211373
37472,14395.459368337657
37473,144961.44103593068
37474,16126.784343518308
37475,23995.7091175558
37476,8374.813605396268
37477,33177.389790201414
37478,12654.527333222572
37479,10799.236739721251
37480,6957.114134447895
37481,19963.386746676722
37482,15776.476779151917
37483,33491.07351197865
37484,7528.90890233474
37485,24965.454218081577
37486,13973.736567311553
37487,8176.531963345353
37488,6971.132959301528
37489,33718.86047824225
37490,21166.1833153759
37491,6324.094714574108
37492,20454.172591608585
37493,21716.179527717723
37494,17021.75819417731
37495,86189.154369368
37496,40039.39364844794
37497,82403.60806108637
37498,13174.155683732057
37499,32338.61419419449
37500,33405.297119094655
37501,13882.12109375716
37502,8100.747554841294
37503,12113.852515926448
37504,15733.30904951117
37505,18641.348302387654
37506,65507.66300961419
37507,9777.280892350975
37508,33871.6095158093
37509,29875.06026634199
37510,13150.599415876008
37511,32614.68168584862
37512,18565.020178845436
37513,2643.5660830168517
37514,53336.63145822094
37515,9680.590528059876
37516,40621.39579188945
37517,66936.55867380196
37518,39445.22228842368
37519,23257.03319419109
37520,5651.517181012918
37521,41391.187031852794
37522,17039.730277015507
37523,11128.236103523504
37524,14337.65310689218
37525,4945.2220631670525
37526,5923.039233566687
37527,3565.9875853723765
37528,10628.218924472834
37529,24911.576739666656
37530,8211.45829506125
37531,36273.185965578916
37532,27864.20664939049
37533,18340.855851482112
37534,31588.337763679723
37535,11408.999388442297
37536,16624.862483666075
37537,19800.4063302032
37538,6380.312462293874
37539,4572.084952226642
37540,12814.974121451885
37541,37716.724781745215
37542,21098.662194206187
37543,60775.73763654156
37544,22340.974198538526
37545,10665.256976996936
37546,4016.221513757209
37547,14411.928301823471
37548,25791.17721422461
37549,11896.36868512403
37550,23447.711413979112
37551,7173.667538396274
37552,5108.574376888228
37553,39016.35714381702
37554,7598.535938881838
37555,14902.395451777758
37556,10960.658148179069
37557,57333.801319371414
37558,12277.836826624094
37559,17950.515000534426
37560,22391.429440567103
37561,58051.45503386609
37562,79532.30075731772
37563,18757.199914981098
37564,3356.597922582668
37565,1769.4086075056593
37566,42827.789787704685
37567,3080.555868802312
37568,9478.883365120519
37569,11513.824160205484
37570,5289.03552502019
37571,11861.338189000733
37572,36505.19401218784
37573,16147.342069970564
37574,31371.11258905491
37575,13986.419086389411
37576,23758.41110820292
37577,11646.39441230613
37578,22887.43421391921
37579,21380.94217832834
37580,41245.005701343725
37581,63817.862294365164
37582,12788.397035793774
37583,24730.86242169279
37584,66955.08171323118
37585,10430.389222656759
37586,37945.28493361268
37587,8131.252890382815
37588,8560.607523702189
37589,24278.647829375357
37590,40168.30405474826
37591,18523.544168372333
37592,21659.49825569453
37593,9897.63370206591
37594,9120.713582118535
37595,11828.287622135622
37596,33666.22857913769
37597,30023.166937307513
37598,14099.921919008744
37599,30836.260662280816
37600,36543.7592821019
37601,13107.924102615012
37602,10849.186891345516
37603,36713.83503636938
37604,17741.119755822554
37605,36838.71576774855
37606,24959.402368949617
37607,21661.509291035614
37608,38906.37821388038
37609,55685.865442076516
37610,28774.576602799098
37611,14980.29599242006
37612,27566.80145463658
37613,14074.10931651507
37614,49473.258373853765
37615,2261.9315515696753
37616,6321.024810602546
37617,23056.389515557512
37618,38142.09331186133
37619,61837.107950884536
37620,3643.317865238741
37621,3140.772545713692
37622,23980.840877525974
37623,21141.623711749395
37624,13152.513375677428
37625,19808.081064040154
37626,9259.238229351116
37627,18497.450142643356
37628,20960.41980616146
37629,16485.711672130008
37630,28482.769421440393
37631,34758.88754001685
37632,5588.733773400368
37633,5776.605145219009
37634,21836.35665516791
37635,16080.47632491882
37636,8505.553268187092
37637,26245.290123855844
37638,36034.76038684423
37639,18677.737088944043
37640,35037.35871976679
37641,77545.54840075826
37642,21855.25707047011
37643,31589.285730778185
37644,41418.023650102456
37645,24498.622383326885
37646,13539.56761169402
37647,16203.398824041013
37648,74116.61916375942
37649,20813.63255083023
37650,20841.484205346176
37651,14025.179847486374
37652,11360.588282477687
37653,84769.02577799703
37654,20238.811074489953
37655,15207.704480622137
37656,7553.735145583355
37657,31476.54358617338
37658,7819.086153804561
37659,754.6782750852051
37660,12158.419024107923
37661,34759.81744256205
37662,27747.12756959632
37663,21731.776022010235
37664,2080.530195755801
37665,20334.113322744106
37666,11447.835972868477
37667,39539.37862327561
37668,24324.21118375449
37669,53658.2236248062
37670,31069.06276073789
37671,34484.337978104566
37672,10803.6774562715
37673,28095.427197059827
37674,2440.9803001390424
37675,33363.65308713221
37676,10266.534800627234
37677,12312.606548708878
37678,17715.145040728825
37679,18001.24526054564
37680,9423.245752986251
37681,13143.915041676057
37682,5601.016591529652
37683,25835.52368654798
37684,28122.763190318048
37685,40350.52130724642
37686,35597.049903698746
37687,23028.90018560595
37688,10562.260464518495
37689,28080.382445478506
37690,13382.181742122599
37691,44147.2817814745
37692,20188.746905095606
37693,5963.562456354246
37694,23596.38580908027
37695,34131.0241919637
37696,15034.407685830362
37697,2941.902319672818
37698,24102.49138202619
37699,10726.934673546375
37700,21557.05632931903
37701,52424.874385200164
37702,45118.07101519187
37703,2606.206882831729
37704,5196.6360781685735
37705,23842.006714395327
37706,9077.43913930147
37707,12688.486926474767
37708,36783.783370626385
37709,752.0147264151805
37710,26065.96142352218
37711,25942.377170682244
37712,18409.445323143085
37713,15155.047707737935
37714,34729.13273156792
37715,20888.869431882074
37716,16520.394341724354
37717,6580.37181974802
37718,14052.747921973147
37719,10484.108416855346
37720,33286.191208872355
37721,32615.298737832305
37722,15798.754101635323
37723,44089.305629418945
37724,11061.907316881121
37725,21697.452862286777
37726,16342.558843831603
37727,5965.968755832718
37728,19513.710776307325
37729,6129.106902534326
37730,5641.843554435313
37731,48066.3904052631
37732,26600.208230955377
37733,36182.12725697382
37734,33222.634355764465
37735,33132.18318059937
37736,49748.58617098698
37737,6907.03075967393
37738,20409.483911943727
37739,32847.01166750918
37740,15876.785908042908
37741,20765.749494336917
37742,17038.09648254313
37743,26323.616461662023
37744,16006.213892017771
37745,8358.40986632002
37746,31192.617854870616
37747,4132.694970464988
37748,19881.135458344164
37749,12426.285113342241
37750,16503.827002575516
37751,2412.8479356464895
37752,57013.568837505045
37753,40770.29303916541
37754,24279.46082592578
37755,22745.06233299289
37756,40223.39298526322
37757,62697.43918800128
37758,86042.78673554689
37759,53879.99613400639
37760,21404.569215673408
37761,12619.12123147091
37762,23852.086794764138
37763,3188.5544526143863
37764,4694.275935328145
37765,26853.329484847745
37766,15212.83589260914
37767,17275.229692869896
37768,3045.1788388400446
37769,20653.529969732128
37770,17331.025496237533
37771,44009.46134404717
37772,55772.066195187756
37773,39710.29718626981
37774,107276.99276530092
37775,29405.297333957347
37776,1382.3276125989685
37777,10317.715430348475
37778,15031.42024900864
37779,25207.9689936259
37780,12878.053386953256
37781,23479.27691782024
37782,34658.94902559269
37783,18142.2268785665
37784,30220.795697827554
37785,25427.092121369093
37786,4199.83123275924
37787,4846.7027568184285
37788,38306.05400192492
37789,6546.225660646071
37790,10045.859653449786
37791,6708.143222804368
37792,56355.030035864824
37793,29582.002649363018
37794,7626.794125574565
37795,7964.022571845371
37796,23445.90033860176
37797,24539.3161122539
37798,38972.12531776345
37799,1543.7434834412022
37800,21840.981353454827
37801,14829.973693352578
37802,10299.948715443632
37803,18972.356834940834
37804,20420.519528475746
37805,17008.115667402657
37806,20581.669326317213
37807,12061.549144421566
37808,28583.8480478921
37809,17691.16873389746
37810,19330.667135167314
37811,15640.999413475933
37812,6860.731736779245
37813,45540.754264259034
37814,10225.868221692297
37815,22396.902932641395
37816,18947.792919546217
37817,8740.784937332543
37818,3499.1318839781125
37819,15464.744035519256
37820,145925.40453254103
37821,21507.881381817362
37822,15314.98977278517
37823,17206.87845575816
37824,18803.92071277913
37825,18641.042457059608
37826,24365.23022582582
37827,14168.159812424106
37828,2553.5771399738283
37829,4310.8344961189705
37830,21812.98626679503
37831,16373.21966634176
37832,18812.896517937657
37833,27740.85205763472
37834,11896.856247116322
37835,9574.060827422047
37836,18999.751541774072
37837,20279.827362595373
37838,9420.993983208122
37839,38315.83703184424
37840,29390.502816889362
37841,7015.52129697738
37842,42121.77151635061
37843,42448.20649029573
37844,19930.923547404363
37845,5921.198344137753
37846,12030.835703985977
37847,11683.024981092027
37848,26140.07530380443
37849,28993.07071554619
37850,14638.509064901536
37851,45711.828355755926
37852,7420.512512637437
37853,25936.09992335341
37854,35734.498521251175
37855,20279.815219669927
37856,27750.588935326286
37857,16392.87818194923
37858,46738.24101348503
37859,48626.87246490623
37860,22281.81609741606
37861,29056.851513947426
37862,55615.90902327223
37863,31610.482771611845
37864,20109.579727289536
37865,54219.724659118765
37866,20881.251076378725
37867,21511.764547084018
37868,4528.12596293324
37869,25068.46070019187
37870,5687.792288993564
37871,3248.8587958404464
37872,48375.03104196017
37873,59230.91003536146
37874,37885.2591714763
37875,34826.71872574814
37876,3871.5200169703276
37877,7082.73320142711
37878,7928.2529369092545
37879,16546.99902332023
37880,29746.938929139218
37881,56944.418628450716
37882,70984.75753379145
37883,12072.319083647706
37884,28852.517525673033
37885,43818.51733889707
37886,18062.360666654396
37887,6098.1719950889
37888,72308.94130443285
37889,40840.958753021085
37890,11625.57302837358
37891,90533.24310396535
37892,20142.688908456174
37893,48288.33743160699
37894,30144.40825826099
37895,15622.41534255965
37896,19738.92075940163
37897,8751.891050945942
37898,18550.29877369015
37899,29156.040145265673
37900,15727.005906721246
37901,48371.27953575993
37902,1981.6803138487082
37903,39289.229545583155
37904,17172.01326947287
37905,22711.416128032804
37906,29025.094519191814
37907,14945.756699868063
37908,15596.787054701546
37909,40254.570437829505
37910,15190.58584345532
37911,31789.420522357355
37912,25583.7442932405
37913,64286.16225118259
37914,18618.43941991349
37915,1652.3220440702328
37916,20774.45742500936
37917,31571.7864488695
37918,39371.31785481786
37919,17004.542509451392
37920,23609.50944505134
37921,10124.012021363935
37922,13471.173515542616
37923,17715.167998032008
37924,5948.510669866623
37925,48762.92003313866
37926,5526.285104309642
37927,27642.4368813295
37928,19568.752823880943
37929,23146.364947653165
37930,24543.564657774976
37931,21361.816933228372
37932,10481.06956747725
37933,31597.78768298152
37934,30699.204196349907
37935,29488.841482890493
37936,3231.7338771926234
37937,9932.360053153057
37938,28804.09759710247
37939,22400.023558239165
37940,43557.11255884611
37941,34248.89826463602
37942,90486.36563639341
37943,80153.77506262959
37944,28581.28776013375
37945,59395.688061519
37946,7438.376470988073
37947,21744.573914240358
37948,2916.8626194282465
37949,13310.672620526062
37950,9048.705140058411
37951,48477.18489034959
37952,17219.565775168114
37953,33132.557471909735
37954,3170.752261565087
37955,67218.05156625551
37956,4298.072077302818
37957,31166.188051875022
37958,42940.02007563117
37959,43594.71968660185
37960,14547.001975350764
37961,61364.388682648416
37962,27136.946488597143
37963,2848.0141403898806
37964,28508.855973377347
37965,7619.8228646303905
37966,20133.94832574884
37967,83312.48005672393
37968,24745.6367056964
37969,1633.167203318107
37970,12525.59969072728
37971,6361.739887760507
37972,6143.870573807489
37973,2015.5080417374436
37974,6873.405362731933
37975,21594.12731645564
37976,11835.065316709839
37977,6521.359814515942
37978,16673.076715471692
37979,33986.39320519219
37980,17109.98312355152
37981,11582.518830364872
37982,4093.7003132368764
37983,8750.699862019357
37984,34492.68629271546
37985,26306.067441636835
37986,26738.904950588614
37987,35326.90561769282
37988,16687.214568901505
37989,29628.86077927991
37990,3967.8816501238543
37991,34826.718747802704
37992,3532.1881198395095
37993,2246.3744616443855
37994,17308.656934451195
37995,26893.967658923833
37996,20157.075682212257
37997,19961.38510966234
37998,85201.24410174975
37999,2356.6821192290295
38000,8365.301488079018
38001,14971.697018543153
38002,5501.586316496336
38003,21098.474784306294
38004,21328.903060724515
38005,18673.13186585939
38006,7366.109692346184
38007,31705.581651284738
38008,30858.562813812558
38009,15728.958640547873
38010,12303.796807614654
38011,5908.66124922078
38012,14021.379883856398
38013,38987.44073855589
38014,18434.492655090744
38015,30826.95061333989
38016,35392.331569490016
38017,23736.69274774068
38018,25210.31484350601
38019,5186.405924325121
38020,24908.41245513238
38021,21444.703030817036
38022,99116.9230920228
38023,7645.394188651889
38024,1775.0849453918063
38025,4402.512209005999
38026,14671.341349995297
38027,119706.50387691446
38028,7268.168612788735
38029,12981.431177809593
38030,2183.61122045746
38031,14767.311274078897
38032,33511.989139296486
38033,10053.975531473037
38034,28277.148332941797
38035,6516.286076307768
38036,10513.629267037315
38037,1914.5650662324058
38038,6215.487364630861
38039,33270.872182376064
38040,13326.178740374078
38041,27329.72030353022
38042,15354.027624412194
38043,65567.70951028472
38044,16893.60159282
38045,21679.439690715953
38046,5528.771618725286
38047,27287.172762177215
38048,52785.28750253874
38049,40868.39381091527
38050,10167.63607757946
38051,5435.782857816131
38052,20171.776737387216
38053,36076.88148040128
38054,31555.428910211405
38055,23473.693483968727
38056,22689.037973549286
38057,57222.46400919255
38058,4264.676464938816
38059,41686.23802643431
38060,65863.83583535733
38061,72256.89612358814
38062,18252.139447722042
38063,20602.654125973753
38064,12827.370580407298
38065,33802.35571066268
38066,15639.623758659467
38067,14191.425111362425
38068,7656.157744315011
38069,4212.043939666331
38070,33760.061338655185
38071,57577.21577236984
38072,23120.670013086892
38073,17059.886000159422
38074,3583.660044152167
38075,25844.80905685401
38076,38426.135450682756
38077,11725.14996634791
38078,30174.055226198474
38079,83439.43225989612
38080,19553.646841494974
38081,42339.18056706422
38082,9423.770961326947
38083,11079.676262751771
38084,52094.065833910565
38085,76036.32636508392
38086,6508.2261267966405
38087,23684.565086146085
38088,30634.725852567288
38089,33752.27475572548
38090,35198.62478492272
38091,8661.066351204438
38092,23849.754606542345
38093,20987.165861352056
38094,12786.70618050792
38095,13531.865954590241
38096,3642.6928414435292
38097,8657.033425392205
38098,4454.0704798613115
38099,67758.35105874832
38100,15825.195188616277
38101,11182.03661017977
38102,22786.20021332507
38103,13387.3716673083
38104,7976.692263552182
38105,20664.001454042704
38106,45830.27679959105
38107,15690.610496151801
38108,15493.162565019311
38109,7478.721142393804
38110,51481.46242902904
38111,17131.343430089924
38112,61028.29227999198
38113,13251.230595744615
38114,45414.247990800424
38115,12352.39611323067
38116,22092.630494646462
38117,17518.19873073507
38118,4451.47044498544
38119,18378.85876473932
38120,14579.053915952356
38121,11341.37438052621
38122,17692.3981861365
38123,25069.022665312274
38124,1664.037771770514
38125,21332.2698766903
38126,33022.64613986627
38127,9411.07276879319
38128,17218.242083566904
38129,14031.00884113016
38130,38396.60755030174
38131,20094.23787315022
38132,4175.317538803338
38133,16216.724343602917
38134,15858.811490778084
38135,17534.424671895275
38136,6148.2375935855935
38137,60767.26207698077
38138,16078.785210443533
38139,6712.7238102915
38140,37880.03320904025
38141,15728.44700129164
38142,24460.076621579105
38143,92368.50469788988
38144,11551.864323427499
38145,19495.387170712525
38146,11876.203117233517
38147,24865.87898179519
38148,22574.090281609508
38149,12101.762173028863
38150,21858.972905528964
38151,23781.91077802988
38152,25718.220722168557
38153,57456.243244672645
38154,35194.13020409639
38155,13182.96156564258
38156,15678.558923624058
38157,20473.96207543191
38158,33321.22591599213
38159,6389.625834007738
38160,40656.70934078489
38161,26027.86885848119
38162,2706.348991167939
38163,15482.386580374223
38164,42236.615884770115
38165,9409.388410425308
38166,5814.585684112782
38167,35218.26049345216
38168,15173.074592655812
38169,11458.671844768664
38170,8636.667957845786
38171,16229.9459846706
38172,28792.092290830806
38173,17141.040566472086
38174,42112.75023619627
38175,12680.373212438595
38176,44691.530300204184
38177,25762.44800624408
38178,1426.3619543566
38179,12112.557029492216
38180,8832.346289235205
38181,5209.333739108337
38182,12848.594145557921
38183,47533.19549928315
38184,26779.622359971156
38185,21103.118819766038
38186,16021.978844490779
38187,27172.377165408427
38188,13945.788157850142
38189,62035.27727145452
38190,3499.466660712101
38191,3619.8001823771738
38192,45357.84172917815
38193,33408.092605125894
38194,23341.03129615073
38195,30701.743134407963
38196,29520.03888868192
38197,2943.110077736959
38198,15698.11686450136
38199,20658.06704536
38200,18176.63439970912
38201,16455.89137966849
38202,25671.054871863853
38203,21016.996322922947
38204,41491.90364602624
38205,20564.63594928693
38206,25651.428122439436
38207,36542.12741640154
38208,6375.991095640625
38209,29606.66084615683
38210,62428.18438388609
38211,1604.6878927603177
38212,19192.65381014051
38213,1112.6520977229075
38214,44099.41554830391
38215,57890.86346181676
38216,16512.758713141593
38217,9430.241817088054
38218,12254.068003252312
38219,41464.49229503415
38220,17777.349211636098
38221,23586.69651140799
38222,6257.364919405554
38223,36274.67424585439
38224,15407.152496767458
38225,15876.562511519627
38226,19705.09371172542
38227,23984.04679116677
38228,23874.56235401221
38229,37954.223558319594
38230,19008.46314163491
38231,16545.334235199774
38232,1130.0943108672063
38233,15043.457163379553
38234,21867.669815658493
38235,16446.79917311565
38236,18565.507078738123
38237,25044.66895946182
38238,30539.27623728585
38239,49633.78458795509
38240,8405.901824267174
38241,9751.061883174963
38242,29476.893308821658
38243,33346.56843745936
38244,33949.485274327264
38245,12109.075433096303
38246,37018.51575421359
38247,31914.936458210068
38248,5390.006654877697
38249,19929.68405576985
38250,17212.02464930933
38251,21132.48787238195
38252,12887.331723419731
38253,13645.386333635854
38254,29607.714149697862
38255,32037.03533330678
38256,15226.285451740472
38257,1640.9885549749945
38258,3182.83251855289
38259,11950.696574326339
38260,17999.515846014358
38261,7363.463175681027
38262,12756.12469112505
38263,33803.20624080729
38264,28907.536624798537
38265,6710.8084394410225
38266,27676.221275604094
38267,109318.09734237558
38268,6927.952599120431
38269,64639.20429808075
38270,3153.20967461027
38271,7921.987231719935
38272,16164.26757491773
38273,12027.995504717324
38274,11310.665632463088
38275,80167.9361045824
38276,20538.870075350198
38277,9203.59168661945
38278,6184.190183447837
38279,17468.274125718886
38280,18711.649845582517
38281,36183.40966044813
38282,8329.979718586346
38283,13725.002514810387
38284,20574.252937380126
38285,11993.954771827306
38286,42300.65565767475
38287,11995.843295322065
38288,14416.436759949738
38289,4738.678744144684
38290,15476.454640395501
38291,17605.2332103827
38292,20091.005579622204
38293,26173.51500432812
38294,15552.85238543512
38295,6797.565694690091
38296,17963.7847298391
38297,40981.21914093955
38298,18196.240227434475
38299,10500.547273116767
38300,20468.789460914657
38301,952.8088748719352
38302,3936.2437380865886
38303,3334.5954768794213
38304,8310.103214311765
38305,4204.586918571277
38306,17207.645066491114
38307,33615.86021088001
38308,6571.220039880305
38309,10122.075970575499
38310,2245.977562248614
38311,17506.8569485802
38312,55873.87798715442
38313,10405.426464151775
38314,25538.961110874796
38315,18170.496066666212
38316,19216.184347482864
38317,20394.241332854184
38318,20062.52565407962
38319,40414.42653622619
38320,24402.62389864328
38321,64941.489133522235
38322,28921.9017496465
38323,30206.40491820827
38324,66612.85903305061
38325,5030.3373380526555
38326,15318.830401060075
38327,48616.72743738866
38328,6931.088230305071
38329,12875.762341945907
38330,17645.324832926646
38331,7562.697275318411
38332,5238.965473022385
38333,16222.535957219428
38334,38923.41679973186
38335,19707.446087941375
38336,20725.65794018422
38337,10824.190593009002
38338,7793.2778898228335
38339,31040.285037148875
38340,11446.924725265764
38341,24212.23939925336
38342,23485.391509103698
38343,3866.8600272773565
38344,2106.7467579055988
38345,15780.828380958561
38346,4332.162343553653
38347,48580.815420170766
38348,25044.45255587639
38349,27765.1613990461
38350,13358.813981333537
38351,23942.53533860264
38352,63409.04160585899
38353,87201.50002341146
38354,26594.120165041233
38355,11259.332704789662
38356,19249.938274791486
38357,14649.542942794324
38358,23227.28562259186
38359,8066.560675858342
38360,3825.102933262095
38361,23035.687362815686
38362,9623.528112134472
38363,43394.65434141048
38364,3295.014256388327
38365,56168.20756850291
38366,15268.928875188136
38367,41352.11840644642
38368,98671.14690396171
38369,127107.17039550694
38370,10027.673239270433
38371,11889.682338919087
38372,45634.62788073086
38373,7916.717393625233
38374,11995.254353651666
38375,37790.785458791426
38376,22830.361858571257
38377,22270.75853497486
38378,102900.73884869898
38379,23971.596104849217
38380,7608.795688570467
38381,49489.08128245571
38382,4069.404145575704
38383,35441.117494180224
38384,6149.895341554439
38385,5709.436903554579
38386,75183.51384077013
38387,17590.900362222692
38388,47686.87036768189
38389,70588.8804114243
38390,28562.907823779264
38391,21561.767310332492
38392,128973.95530615875
38393,12388.610136425867
38394,19194.42504717346
38395,15118.441817017527
38396,15023.113604245287
38397,22662.422139466205
38398,34283.10568376868
38399,5097.338931786573
38400,29147.227953285623
38401,16317.502935546081
38402,11260.848933442046
38403,5171.517661718641
38404,22910.775142367358
38405,25361.182386701093
38406,9204.742391257652
38407,7313.304809972433
38408,73904.20256013073
38409,3640.6006586716903
38410,11912.679508919084
38411,27740.676271227716
38412,13586.79053384764
38413,21141.026317399614
38414,51664.95814767204
38415,24522.29415406469
38416,36282.43116922494
38417,6353.121172574908
38418,14007.358216063896
38419,41744.13371127058
38420,36396.72650722944
38421,33028.415695361386
38422,3666.427032242078
38423,7873.720152701475
38424,37232.98337317475
38425,50854.74459085344
38426,8289.552696521354
38427,9389.153492124942
38428,17913.968955326927
38429,28255.608196660334
38430,9608.806025106285
38431,24556.230632663457
38432,13039.485584191385
38433,17347.955178247787
38434,5242.0281736991155
38435,8704.171331124646
38436,7568.769273049545
38437,46288.51770530805
38438,1814.8897423004405
38439,16316.04986748139
38440,4449.772714149664
38441,33980.891478981415
38442,8878.189150567165
38443,22241.811901809673
38444,9273.87320063585
38445,66758.92728596723
38446,25539.54882202616
38447,3123.8423155624664
38448,6284.972725078894
38449,19620.93247305353
38450,877.4512944577295
38451,22884.551294870023
38452,31262.24170513789
38453,21863.900946998714
38454,145809.1533113646
38455,16262.478921811207
38456,2556.0548592102646
38457,30830.303382654227
38458,27830.82615900992
38459,14456.88075533395
38460,43817.55307836787
38461,21208.341601506792
38462,13945.049181302687
38463,57142.937547071146
38464,11699.000574964255
38465,20211.213575678215
38466,40623.6081290094
38467,4384.200026380565
38468,42705.1464779924
38469,2200.9245631453
38470,2235.727670423206
38471,31861.743526381044
38472,16085.881492128872
38473,26259.60816036972
38474,7836.599832348852
38475,24860.959578067723
38476,44347.215472918186
38477,11161.551583618571
38478,17829.610073438787
38479,86508.79034124344
38480,21230.303340817423
38481,28230.401759731863
38482,37288.45719812975
38483,5704.576709766546
38484,2942.3882366003104
38485,23857.52446661485
38486,34898.81177764749
38487,34200.76717965572
38488,16789.079540481613
38489,6447.223456633468
38490,6151.687321716197
38491,17637.828430675985
38492,30229.39960241944
38493,11946.634128975555
38494,21884.940515274746
38495,26825.68688473287
38496,15947.156610752174
38497,35465.84012925423
38498,16561.257279789468
38499,19550.91331113687
38500,10596.323957417251
38501,8465.106614212626
38502,20934.271046195907
38503,20585.049083834347
38504,35716.851519151394
38505,31902.998219761743
38506,13727.077744085298
38507,16442.950098657213
38508,1157.260395030088
38509,28840.14001348779
38510,42489.812728448276
38511,13449.474782656049
38512,5797.4515292771075
38513,65160.183369220795
38514,78207.89475517446
38515,52632.112505184356
38516,10783.388695999229
38517,16501.002580285258
38518,5723.638598133628
38519,15683.685270730932
38520,9893.190312731746
38521,12853.87598393523
38522,61947.14230824824
38523,46808.37752905976
38524,28730.472184294296
38525,44751.90693723043
38526,13585.39312066358
38527,11645.156228366546
38528,13945.903221457133
38529,11285.10383349764
38530,19349.58053898025
38531,18451.834873484127
38532,6038.1002435660375
38533,5424.995214379879
38534,38199.986177383245
38535,51616.59264979027
38536,30032.839229475172
38537,4960.764976777162
38538,12395.682317643992
38539,1879.365629921841
38540,20972.22424131486
38541,29995.966333543198
38542,1468.5286358206038
38543,47033.39274331357
38544,17335.576210701787
38545,29657.581764058876
38546,17760.384562555068
38547,2083.1161347865313
38548,43908.191897560486
38549,30341.358033738343
38550,3529.7554909434684
38551,10704.903424444492
38552,1264.904470059639
38553,29073.34556712924
38554,29702.619556956524
38555,61030.98786625368
38556,16805.016713231307
38557,20413.452099205293
38558,38041.33823154513
38559,12315.912712388079
38560,11451.428380381709
38561,38335.46986895484
38562,21470.07951015976
38563,23267.54504881122
38564,63383.212358966215
38565,7011.4241970769035
38566,9800.198568547286
38567,3523.0292425825833
38568,19758.756594051854
38569,12683.102443764605
38570,7980.117575217879
38571,11681.288789793554
38572,41233.57303500993
38573,63575.295729880214
38574,11469.005569628753
38575,25497.028379547235
38576,24378.852234247937
38577,15968.110697186816
38578,39677.9151044422
38579,6958.219133412726
38580,17138.23919143931
38581,12171.887973630615
38582,24956.860538641144
38583,79384.01964167292
38584,34885.78864503301
38585,71446.37530861709
38586,73126.78518854198
38587,18803.46314339976
38588,45560.927644108626
38589,9668.963555991246
38590,7547.875634538764
38591,55160.05771397089
38592,18664.131720470763
38593,23521.765197255165
38594,14387.560707243741
38595,50915.347433613955
38596,63049.724268254475
38597,3423.5174089499137
38598,7891.398392145191
38599,2631.237437473478
38600,9970.963309022576
38601,3788.445823639096
38602,57713.41869232311
38603,16559.961736081626
38604,32728.535364118183
38605,7501.768550675215
38606,59748.34587082166
38607,5551.884461677056
38608,12268.522109634008
38609,4990.7751097742375
38610,18167.381698920864
38611,79505.50243916981
38612,10287.083936297578
38613,2104.087732149935
38614,49004.031462093524
38615,85849.70272810245
38616,8314.918041371333
38617,5978.755733635067
38618,3466.5249807781524
38619,3596.1865946085454
38620,26478.73527506847
38621,24306.41105608531
38622,25795.55416165326
38623,25460.7260702506
38624,11491.858503799875
38625,23376.771041012078
38626,35900.64018420554
38627,16791.82316623746
38628,4968.8429708712765
38629,22695.7864139362
38630,53813.60048610972
38631,1697.3261806532237
38632,24073.69472626581
38633,40049.803070835165
38634,15217.378189258541
38635,25667.28483514959
38636,18842.21678506758
38637,33479.238918202325
38638,25089.683173912086
38639,8584.118231476032
38640,13756.718661597684
38641,43008.406457364996
38642,28278.30223000939
38643,44373.35829617207
38644,23712.34804226595
38645,46876.97852292244
38646,28725.523630028238
38647,30654.874099867196
38648,44820.02372305089
38649,22084.36507973964
38650,20904.284846683193
38651,16572.745502930713
38652,85184.09218377464
38653,15723.84372410707
38654,20669.665445361134
38655,47503.64307917432
38656,17213.74715294587
38657,12891.086841784321
38658,1772.2097556584233
38659,52441.883611168036
38660,26455.979303886095
38661,28847.180174662382
38662,18864.943482963947
38663,65474.49939829883
38664,13082.966367027777
38665,8216.347061884275
38666,9501.908528131618
38667,24634.094206583264
38668,9203.344566578351
38669,35409.15883365554
38670,32234.11541467016
38671,40425.267497852576
38672,4194.584619046709
38673,17940.561942594602
38674,20859.62963389262
38675,29511.695679907385
38676,25927.502592616172
38677,19796.38796492527
38678,8103.136255547002
38679,15705.947247129432
38680,6413.058017046379
38681,10771.997706663478
38682,26546.24009570196
38683,41909.16457547372
38684,10968.959994272838
38685,3392.061045021576
38686,30043.715469468894
38687,56933.63695117644
38688,25243.259553583117
38689,31453.66685704933
38690,12671.186709885666
38691,15232.67498833427
38692,35655.31263924964
38693,896.8083307309281
38694,4774.717394656082
38695,18633.383286680368
38696,22677.548914546096
38697,26964.8414523572
38698,29007.689369054857
38699,73941.02912677506
38700,12957.56192747676
38701,1766.5660942800796
38702,18629.0569261798
38703,15625.209162597948
38704,24812.546729611026
38705,21806.708625749947
38706,6855.307636593859
38707,897.9543724991194
38708,3820.784976334931
38709,18704.090475978363
38710,33303.72477125442
38711,14044.023005580166
38712,18676.62389574786
38713,13311.94863146197
38714,17430.687171063662
38715,9484.531897113484
38716,1374.1121802068526
38717,25380.55470229854
38718,9783.78558054744
38719,39085.20741673165
38720,17516.830005221116
38721,8880.836722146689
38722,34090.168664730045
38723,113243.04449540241
38724,24098.704926245686
38725,6055.438572871903
38726,31731.253542451657
38727,31543.927091543206
38728,23521.820526276642
38729,41035.724235303926
38730,21626.468368101327
38731,28324.384753649054
38732,21214.415979821973
38733,17985.509366684757
38734,10197.982385983261
38735,37438.14120507543
38736,6525.359354490258
38737,41843.12602063429
38738,7123.290018273071
38739,77122.92918201392
38740,22077.085538857493
38741,55189.273414181065
38742,4401.714923866378
38743,3976.645313168948
38744,6761.092480287804
38745,8690.825894065736
38746,23486.61403319469
38747,15801.129666573697
38748,1779.3279373837436
38749,6278.866783821046
38750,33385.26252857093
38751,13865.329059413012
38752,37001.042377243
38753,11758.268716783841
38754,11413.07275368977
38755,14697.366579823743
38756,22544.848407499925
38757,20616.08848477447
38758,28298.67232901755
38759,21927.439609639438
38760,25226.076863851635
38761,43308.40435441684
38762,14118.494012838426
38763,13157.841395905041
38764,22957.732651077837
38765,9027.57414618388
38766,5803.59127761683
38767,23247.585854537363
38768,98901.60658836813
38769,9508.18352715405
38770,76245.02678965006
38771,4450.9292465959825
38772,21861.558854247487
38773,16580.31991016155
38774,27535.57515857427
38775,7991.7786490538965
38776,6060.347130630775
38777,1080.4895051906287
38778,1349.3354433766867
38779,27030.38526104366
38780,5151.950091514255
38781,39432.27707670563
38782,18965.325435839273
38783,4739.255131696124
38784,8659.190530455297
38785,37476.09801735816
38786,18151.434929899173
38787,1820.02251392066
38788,23061.686562461753
38789,51044.948085294454
38790,104496.17672663832
38791,1164.2324970942589
38792,25832.92923389945
38793,18389.125334710243
38794,20883.372233506725
38795,4106.06334730156
38796,9820.208538952647
38797,34134.948113226026
38798,43017.87556587401
38799,23205.208033134477
38800,4293.295032415012
38801,14290.062944868516
38802,11957.606793337429
38803,16276.333403946108
38804,14211.469173437199
38805,22860.246663386206
38806,17703.43206161641
38807,16133.145188281422
38808,10174.069597998496
38809,22846.897839678633
38810,3164.0023993514133
38811,9269.187544067841
38812,18379.33620633045
38813,84593.87903185993
38814,6728.612866558349
38815,50852.12029689226
38816,4781.695433995488
38817,23382.117800502456
38818,13179.449619746858
38819,9322.971853640762
38820,23574.046560748575
38821,10396.717244446992
38822,11237.317745139477
38823,21191.483266163134
38824,25097.758905457013
38825,6912.675259493063
38826,9719.05283532198
38827,15754.091442814406
38828,30664.594918134633
38829,7559.328672899453
38830,83198.97970853656
38831,16969.35311863808
38832,23112.00438769675
38833,19548.966615551617
38834,27227.0100531381
38835,6993.37632585286
38836,62347.51548781817
38837,18697.771720448898
38838,28519.967948934227
38839,59171.82380343705
38840,15424.685233182356
38841,18970.890015406483
38842,3984.5263405331143
38843,48298.746159729206
38844,10739.572163139608
38845,47195.863483115
38846,26312.49070899971
38847,42785.59856842768
38848,8903.071291027658
38849,5565.634100120604
38850,8752.893733768375
38851,59313.76212536444
38852,1417.726098517588
38853,4157.519079077047
38854,48198.60293876672
38855,16012.312296256665
38856,13213.854203909197
38857,1971.6599292267706
38858,1939.3538860926094
38859,21011.677938578934
38860,20731.199392343526
38861,12395.32902842182
38862,18109.5463747435
38863,10412.329985006243
38864,11126.091378720846
38865,21817.699168383664
38866,24246.559208677245
38867,47529.880378242204
38868,31869.624347254892
38869,21322.17445716468
38870,11829.974169909221
38871,40223.5851007025
38872,2104.705210516003
38873,5994.539480326556
38874,2809.28722850728
38875,60368.38894310902
38876,20926.103730472896
38877,39639.036573610014
38878,30993.752760181782
38879,21234.837239375847
38880,9370.981806236941
38881,28749.702554941396
38882,18650.267572201366
38883,51809.78425962182
38884,43940.39054284359
38885,17216.309092194377
38886,27359.932198173676
38887,31990.846515197205
38888,967.7233315965153
38889,18705.023827726272
38890,38477.34699060536
38891,25681.630557563472
38892,14930.256125650883
38893,23058.900851980092
38894,5788.356004634278
38895,12022.61233163064
38896,7079.411374761983
38897,20159.174675360053
38898,93523.34451800837
38899,23068.18740490386
38900,2235.7043081300862
38901,17655.29644129935
38902,31512.84820916438
38903,16839.179516487173
38904,7220.499813387593
38905,31751.120095673592
38906,57733.00586723632
38907,4889.570381363333
38908,25822.96906243284
38909,29202.531153560813
38910,4369.705436771305
38911,10624.769459957697
38912,23838.591090368292
38913,30715.055784471133
38914,42500.49978307266
38915,16756.8717731934
38916,12798.053981744128
38917,5280.134069861654
38918,28254.175366033054
38919,47242.17454983946
38920,21623.09276276395
38921,29759.418132914674
38922,17036.048580623843
38923,6385.086924665623
38924,27234.606140126038
38925,63339.69837138473
38926,14814.264120295913
38927,57197.15618511115
38928,3318.5256270187188
38929,22205.713415244365
38930,28689.09709793756
38931,6830.906715274531
38932,36740.6970155468
38933,16529.00442394901
38934,1255.8116368014182
38935,7256.860315184871
38936,17959.64518619271
38937,52875.90773413116
38938,13279.074030658569
38939,840.0015487510288
38940,46320.822942777064
38941,17028.1437124301
38942,18279.931089632755
38943,27481.8007177547
38944,12088.09774400569
38945,28777.326363847456
38946,9844.268064159209
38947,3967.79654657965
38948,22892.385104002493
38949,35794.26708339257
38950,29952.237012960697
38951,63945.26297312772
38952,10802.485366422663
38953,7994.839354236568
38954,17486.16239276238
38955,36926.171029838646
38956,5967.551946054877
38957,2794.5464842930874
38958,20900.483132822003
38959,26957.948468514554
38960,10709.388423504535
38961,38685.95767784054
38962,11144.26487710075
38963,17276.103333136012
38964,30361.068808240136
38965,3972.037850350042
38966,61623.43141802098
38967,22314.48614180735
38968,59056.44555721981
38969,1685.8828404535957
38970,17292.109957565346
38971,68314.5747967719
38972,32718.842501970343
38973,14565.324216453031
38974,12006.837656244035
38975,10273.821213716623
38976,20553.174189610363
38977,27376.15049907447
38978,8662.600134099253
38979,10183.117811228794
38980,25883.844570026627
38981,40733.225036538046
38982,26480.52121371864
38983,18409.79017153655
38984,46392.92324076222
38985,23362.91251238389
38986,2173.055037917831
38987,13190.890961551242
38988,47824.948129563396
38989,7618.653278582568
38990,5822.453850658176
38991,24522.668552422958
38992,17757.117360650467
38993,11674.820811494683
38994,17584.424507262636
38995,16710.353530952823
38996,11375.244095576152
38997,11251.006247374693
38998,26162.063133350377
38999,39429.70873599375
39000,2565.453452030719
39001,25853.56080092677
39002,74377.63572280983
39003,7644.439991731926
39004,11890.107634015667
39005,19127.604606777848
39006,4182.901811061403
39007,33589.73342012057
39008,19689.06862894073
39009,27519.559532129064
39010,27527.16313598625
39011,15954.320002423934
39012,44549.16311963092
39013,32465.78868670707
39014,80271.87238305423
39015,28776.218687882694
39016,20100.496313176875
39017,17630.199781723208
39018,14780.951573497212
39019,33805.42470727839
39020,46531.24440171787
39021,76431.50598180399
39022,22491.200608240113
39023,16518.835760959835
39024,30232.1682229318
39025,98829.52658764561
39026,19101.48007335313
39027,70834.46968547002
39028,70187.13526157168
39029,22458.288493554875
39030,1186.537169357101
39031,7426.568931306677
39032,82312.81194271235
39033,20894.746248285435
39034,50311.28497447349
39035,20686.260272831165
39036,51446.956564185355
39037,4379.15241784166
39038,29722.167570245914
39039,18658.776693017007
39040,41518.66441319079
39041,20612.918896132356
39042,27643.772148324035
39043,26147.163710702032
39044,30890.446740419688
39045,44172.00362158009
39046,9870.470273615758
39047,9927.340144949121
39048,15086.887453311816
39049,11098.482087619373
39050,27656.639477304052
39051,7822.681386887379
39052,25818.082157882513
39053,20109.156078071217
39054,32604.43054331623
39055,6781.652617726397
39056,17425.28401023437
39057,22393.5668242914
39058,76376.19648404077
39059,8314.723449025543
39060,3696.039924367109
39061,25480.094486255868
39062,11699.570886100299
39063,8546.70493788188
39064,4005.763852295398
39065,19555.951800608553
39066,4477.531848192477
39067,22023.39558578708
39068,33614.64593565404
39069,16659.03398951304
39070,57673.01808112266
39071,33383.035690419645
39072,11089.9313986918
39073,20612.367452581595
39074,82378.31659642645
39075,13568.754417053751
39076,29400.33180030604
39077,8988.520561919557
39078,32206.56029944421
39079,87721.83587662454
39080,23310.475122935146
39081,5612.920604546637
39082,46797.205585327705
39083,65343.70762711551
39084,36036.56004851058
39085,6694.847962369382
39086,127958.70274076669
39087,3046.066577615111
39088,16512.167994049563
39089,16801.208836475515
39090,51740.30529076548
39091,8538.632205250304
39092,42021.07235636606
39093,2465.197482553881
39094,30767.590813754985
39095,15698.19033849767
39096,11737.406859037405
39097,26840.315691564
39098,30537.139819569566
39099,23118.748385079656
39100,21103.56480890526
39101,33203.23981088776
39102,34397.517218975394
39103,9482.48861669363
39104,45094.65867576178
39105,81586.16916247552
39106,30205.686387236234
39107,1367.6841536329935
39108,21996.7817231431
39109,30497.722162727485
39110,19174.499446046302
39111,18320.109754985227
39112,13569.636754986232
39113,15712.309462492609
39114,13925.86885026913
39115,15768.524211690872
39116,12132.97283670994
39117,63087.353793334274
39118,50598.97299408373
39119,26500.774059286337
39120,18412.63735545969
39121,8310.068522890759
39122,25661.39605748726
39123,19193.224078421947
39124,8863.923022945328
39125,11372.857375056521
39126,7028.087736391846
39127,28968.780430905343
39128,23141.283073835417
39129,12739.26370287957
39130,18226.087127673214
39131,11173.971752918853
39132,36359.481314604185
39133,18763.884080227388
39134,7435.657482610225
39135,33515.46710711422
39136,16512.476449535334
39137,18857.357396749812
39138,93670.38958685202
39139,35381.23075748204
39140,13091.575961261757
39141,63392.26873825591
39142,7684.705807884857
39143,7840.353317232973
39144,20689.901617579828
39145,67697.71328488285
39146,15319.099756528574
39147,21672.381493197696
39148,468.1445496684086
39149,25690.279117716353
39150,30365.622284339577
39151,18289.61269795229
39152,22478.579009479567
39153,16235.816668439573
39154,45381.5120701831
39155,16827.845553551484
39156,36712.6166972818
39157,27611.04715964212
39158,21990.39270847664
39159,18030.589051457257
39160,6041.484246782609
39161,23175.21108263172
39162,5205.608446073872
39163,13567.774034913004
39164,45373.26650719373
39165,20463.76920827871
39166,22318.16342832547
39167,10610.350390201964
39168,28656.78479930994
39169,17511.22817057642
39170,23799.112628374507
39171,31223.297581854935
39172,18889.332380123833
39173,28004.19493116531
39174,12677.564361288525
39175,15609.694032758533
39176,5791.6725277324
39177,50383.000121890924
39178,23336.886433273216
39179,19882.08054424688
39180,35258.33916161388
39181,20752.18436566866
39182,4040.2970608355035
39183,1423.0995915571393
39184,15975.338325182116
39185,11829.01476550609
39186,33624.6005988956
39187,22929.123939428602
39188,4044.588759435738
39189,20114.452617302886
39190,11381.276645533691
39191,34432.33942631158
39192,3313.367107549156
39193,44547.6511049366
39194,41791.995124912595
39195,28453.777198502445
39196,8201.857622202175
39197,29236.08361492459
39198,85621.76324487515
39199,83961.23244695975
39200,8398.296209528055
39201,1971.5460953390943
39202,16556.668627438656
39203,3538.156174036419
39204,28347.890895046312
39205,31663.738606779854
39206,3657.1343983381503
39207,25665.91617213046
39208,56881.931303350655
39209,22311.4279728314
39210,17989.22933594418
39211,3227.401867105404
39212,29995.267876838217
39213,2888.7834234582033
39214,5259.544317707016
39215,11635.550788360359
39216,87386.61825461568
39217,19192.420677288526
39218,13221.356404333792
39219,22116.656705857487
39220,17233.46517974953
39221,9279.63785160448
39222,76277.87708613237
39223,12514.245196711388
39224,21097.628481740576
39225,25932.98852251873
39226,98803.43655928015
39227,17481.138219922475
39228,4631.145065513981
39229,19210.21978709309
39230,17969.349401875068
39231,30833.593845283493
39232,9979.800788437733
39233,15411.298324973119
39234,19582.766393227725
39235,14882.5704668211
39236,20050.18392848454
39237,23945.394297422474
39238,9390.91433840688
39239,25270.84433412772
39240,27932.233433187837
39241,11076.243439972555
39242,16417.95962403947
39243,50427.67365146843
39244,9380.20695239942
39245,16031.147461769868
39246,26153.621623451858
39247,41281.14023563374
39248,18513.558040651806
39249,24572.866959784133
39250,17947.242835014666
39251,4129.931159505062
39252,8492.541884858838
39253,26605.023790210133
39254,95050.96615232671
39255,19275.31852493923
39256,4176.234003822121
39257,26274.277963993587
39258,24788.29276160662
39259,10258.53345473495
39260,11896.530951105447
39261,33302.4935488627
39262,3285.593808087315
39263,10780.616249352408
39264,36303.90196286939
39265,5611.360827847785
39266,29785.456177810236
39267,34745.98815900349
39268,12394.769056650624
39269,2643.1392456096664
39270,89538.79935148526
39271,1581.5582640373166
39272,2053.2932382586373
39273,2642.4124480792775
39274,29455.287843091057
39275,5797.706648588677
39276,6105.4195470253935
39277,6352.898381701753
39278,20403.038564573042
39279,17890.42355036714
39280,30971.504209666415
39281,43237.512611929385
39282,20992.492608591594
39283,2563.7710604967447
39284,22963.546142164807
39285,19224.976948287225
39286,23367.124086704684
39287,14538.621629788264
39288,28297.70689151827
39289,26889.737471308832
39290,35034.888321821585
39291,18596.472698115744
39292,7618.4515136230675
39293,11112.596819893279
39294,24215.713456952522
39295,18244.08573646254
39296,20156.292404632102
39297,14005.691828181594
39298,37382.30514965316
39299,6677.776117404955
39300,8909.759412252233
39301,6764.227175526263
39302,16565.114842052706
39303,12735.963432684943
39304,62047.43229661497
39305,64114.80632603405
39306,29901.79296307497
39307,13273.646114908523
39308,23388.348347339444
39309,8249.671794142952
39310,44674.81973336041
39311,6344.387770043249
39312,17830.136403974368
39313,14485.826259658823
39314,15411.757892908074
39315,43922.77759697193
39316,28457.911053665455
39317,58003.01126038266
39318,31253.476333830895
39319,6854.326844251034
39320,69813.18140309241
39321,37542.41486633598
39322,17995.62762923537
39323,24178.96951820776
39324,7620.143353696809
39325,6116.37087305183
39326,45979.46957411747
39327,19161.96870736963
39328,7578.003660564693
39329,35899.437065226724
39330,41612.61762252043
39331,5935.574622617599
39332,34918.16138698179
39333,2738.865290398177
39334,51602.025532537176
39335,12783.367179835008
39336,22953.29222652464
39337,12385.810810756584
39338,27245.790535817247
39339,15457.149207942595
39340,54314.11031178622
39341,33391.125139831456
39342,16823.376875507376
39343,25120.659877832233
39344,26702.623516701784
39345,21937.23417164608
39346,20568.499220615904
39347,13020.675481261262
39348,4484.976004846416
39349,2134.148020403938
39350,22951.807350304778
39351,13900.697841241028
39352,6192.030467522215
39353,50954.77722598155
39354,5422.845034313734
39355,5659.0950954771015
39356,33407.286495591725
39357,47544.374439078114
39358,20573.01615127326
39359,32500.84277300755
39360,5280.389643951514
39361,26455.310809016388
39362,33739.4161832124
39363,5709.784540115482
39364,22079.656252167137
39365,25575.889103936996
39366,11495.51292477827
39367,32774.46127502169
39368,43270.80765306556
39369,56804.8137150767
39370,13295.919847278756
39371,6635.440452033299
39372,19559.039765346137
39373,9515.460985111516
39374,12745.054439215935
39375,16877.241999604073
39376,26666.11026748377
39377,30697.105677664986
39378,11397.703567543695
39379,13149.785270514536
39380,3746.76858396775
39381,9233.895093451665
39382,90315.87657159816
39383,65567.67994633828
39384,17696.39523979707
39385,15998.874524132903
39386,7733.404019596711
39387,3455.989039587391
39388,10845.841442385845
39389,12547.887112272603
39390,17996.44899500982
39391,11872.036338693993
39392,3059.4098835379523
39393,13458.161956127953
39394,21885.456171593
39395,23242.77141999519
39396,15215.651412154726
39397,17125.943479577872
39398,30959.902992480467
39399,11235.33681143368
39400,8358.91759741821
39401,24617.22254491588
39402,23715.54209455837
39403,8283.751721943765
39404,5480.294309585312
39405,272468.96917416214
39406,89274.77980044566
39407,11463.910394309836
39408,37082.60732975707
39409,7511.320924049672
39410,11875.972442902626
39411,9391.700521288749
39412,22334.92647937625
39413,12824.304204352016
39414,2592.7896764948464
39415,23647.697780872415
39416,13583.913684365825
39417,94102.58977419748
39418,13936.515374729724
39419,3817.6285941453157
39420,2333.512742150377
39421,7255.098830743823
39422,24364.148140663183
39423,15911.822382936301
39424,17792.633485788014
39425,20923.3620330513
39426,22679.091480757987
39427,7882.59270868781
39428,22339.93297643535
39429,1361.9142081808768
39430,10716.911442137676
39431,19800.589002034656
39432,52533.31632711695
39433,25730.28394547768
39434,11945.593369418333
39435,58142.21535875188
39436,37183.481891084055
39437,2581.1142280495656
39438,8595.060083808274
39439,54160.76745802429
39440,18216.206881427726
39441,17299.77452654097
39442,47558.471613073
39443,16921.676299245253
39444,3505.9642537844084
39445,11131.79715205698
39446,16431.926763111085
39447,16702.219537087087
39448,73826.43408652968
39449,7440.840140048703
39450,46478.25884676803
39451,9760.278353015043
39452,45220.20367249374
39453,12220.253548644781
39454,950.0257898978646
39455,27112.159200486607
39456,23345.269676281616
39457,44597.90744604733
39458,22440.783550101103
39459,8123.82230149103
39460,956.1283600553456
39461,17039.970982665025
39462,7247.251001566283
39463,70506.24290460692
39464,17799.135414143013
39465,21212.170122688865
39466,5810.6005787213235
39467,39542.446553815265
39468,43363.79711342074
39469,7164.268454132152
39470,18991.014352155573
39471,10678.482275943501
39472,9632.304605444502
39473,82475.06612355878
39474,52544.71024474469
39475,10732.870585722327
39476,11501.874916098504
39477,1939.7357054051865
39478,19527.389383385227
39479,17984.11280995824
39480,19579.958087636565
39481,8198.924200427147
39482,33716.22329017327
39483,4247.9081404241215
39484,123160.98455218601
39485,42680.97778778447
39486,36001.2503303858
39487,6282.38728147451
39488,15089.276076210963
39489,55002.56478209112
39490,50083.68982475054
39491,18885.002196248202
39492,34145.86213392063
39493,14198.711584404366
39494,42328.03470048107
39495,14560.960774583033
39496,1339.96562372353
39497,15734.988081797765
39498,7485.332091171995
39499,10708.753692810926
39500,26980.21267008659
39501,7578.076015251346
39502,10411.106297292079
39503,18849.248682840458
39504,70656.43455856208
39505,44721.445230896126
39506,2916.2911540297596
39507,12097.078348165564
39508,3950.1242095048938
39509,13683.014125133024
39510,50559.118108332834
39511,33234.30531188143
39512,12259.650612007295
39513,63470.78454503464
39514,66756.88290423802
39515,11852.494339806155
39516,21258.389335112744
39517,26065.53053501988
39518,8798.200007935158
39519,5410.743420249983
39520,36921.81376539109
39521,7181.717336876974
39522,8212.506199675623
39523,12798.683552010003
39524,26467.43484085737
39525,13196.186569042846
39526,5100.987149766152
39527,85271.62698937829
39528,21685.403605744494
39529,33170.50195516699
39530,19686.103128689007
39531,100078.1978348603
39532,29195.316971776712
39533,7463.340990080747
39534,46114.68762970166
39535,49569.424052601134
39536,52808.75985859309
39537,28491.400963016004
39538,32572.948718180938
39539,9299.10974196949
39540,25512.07893490672
39541,5576.893775068423
39542,28206.610393472838
39543,18705.122977523053
39544,23808.850513410893
39545,14222.07705518538
39546,30943.519915432124
39547,12167.598123940235
39548,22101.63691998768
39549,17504.792139686637
39550,4219.178964255711
39551,11876.604521769066
39552,26187.3470420392
39553,28651.42381471328
39554,12943.460437033276
39555,4979.554403793005
39556,14098.294883772889
39557,10291.105838468966
39558,11405.491802702152
39559,22723.62415750384
39560,3895.2510684075087
39561,35764.710992015345
39562,12466.103141641044
39563,2485.312889367834
39564,20422.030719998627
39565,41846.60598523135
39566,37976.19596332289
39567,10340.847748051761
39568,13192.384431040286
39569,16985.050104912447
39570,6739.386968738731
39571,16022.296944704465
39572,34118.45093878413
39573,18305.006085090623
39574,1476.2127204208264
39575,60762.22270438021
39576,5179.789465774622
39577,18810.10697217888
39578,22129.54229792398
39579,31508.25187357616
39580,70612.80345134196
39581,5280.383576712958
39582,11774.215183782148
39583,32455.333811392098
39584,4642.682634450318
39585,8874.451073350885
39586,8154.136319498821
39587,45030.52274460146
39588,8457.45056549101
39589,16416.122550922413
39590,6935.425453111645
39591,9671.665911082891
39592,2297.36695059449
39593,53649.35207095719
39594,8771.235809438454
39595,62409.49695428363
39596,9281.765094883285
39597,25008.43067949514
39598,26435.991850292736
39599,14406.905036477414
39600,50292.93784773038
39601,71925.3592322477
39602,21728.985259152203
39603,24605.213841602366
39604,11767.121199419793
39605,11358.568182145635
39606,885.3074516918888
39607,18348.843598192143
39608,25568.101061118112
39609,5863.054768478822
39610,11993.224722872905
39611,3338.1184150152585
39612,20783.8603483049
39613,33319.1544122585
39614,109788.17939830293
39615,74033.24664974432
39616,24172.789094782805
39617,4458.7264397375275
39618,49988.88759074436
39619,23356.0499581641
39620,3364.8400601463595
39621,28153.40116560332
39622,17003.554299587857
39623,10849.782354316403
39624,17533.18546266825
39625,17076.33067321276
39626,17511.64743657227
39627,33041.40720071464
39628,7161.526429027129
39629,41852.86545845505
39630,46016.44459721904
39631,10945.22195217338
39632,48449.813048199445
39633,36857.71098074384
39634,21833.336167330457
39635,10126.271896115299
39636,4750.795463515155
39637,34060.50494532658
39638,44957.18645788307
39639,41726.714670876834
39640,15756.087068985888
39641,31479.82879236061
39642,62640.410065235716
39643,16810.665298697637
39644,46703.0226406939
39645,1454.062017987907
39646,9819.865495676977
39647,9161.627571156736
39648,21844.23421439023
39649,22067.41634285395
39650,27956.724342208836
39651,14874.517196482942
39652,33206.208169810794
39653,47965.012270153544
39654,14157.193029019461
39655,13379.85586229555
39656,14566.21667032591
39657,10863.569707241855
39658,12146.902175978452
39659,17268.808501750165
39660,61257.099113807126
39661,36533.477894078555
39662,12956.6543337584
39663,42944.17906938307
39664,1308.7571611847454
39665,16895.232111822523
39666,1286.389454464576
39667,11716.357885792382
39668,16473.613092471485
39669,65043.29960046872
39670,111732.82060758557
39671,10620.852807781
39672,11060.135453118028
39673,19678.854283663433
39674,6478.346977707776
39675,20220.904027322347
39676,8304.028446156144
39677,15824.443400283642
39678,16081.561664217545
39679,4636.189231025827
39680,62800.86329428625
39681,14121.375648207413
39682,5061.1488475593505
39683,87585.04412546306
39684,58596.7938266384
39685,27913.692808378008
39686,23898.595585391362
39687,72444.70342418719
39688,64182.03723864725
39689,42643.6408624544
39690,31782.985833803436
39691,4613.203653646067
39692,32243.38823789191
39693,13075.59623051833
39694,8177.075252131104
39695,7691.457233671542
39696,20110.794137736702
39697,23921.84025181076
39698,31216.95451997783
39699,3755.1887073342223
39700,5591.293821204804
39701,35117.52435375088
39702,13732.03943568709
39703,39906.71664499304
39704,12809.59862130534
39705,23648.34771835239
39706,19871.079647047016
39707,17875.75779036894
39708,18370.337373983883
39709,13373.779195991003
39710,8429.93201120791
39711,10566.383796347336
39712,22308.291065738893
39713,32902.23918268496
39714,4457.31450149309
39715,100736.16470373598
39716,24328.0298194676
39717,47058.23852163683
39718,45098.17910846884
39719,12733.102104928386
39720,15329.815393915314
39721,3970.6349145870063
39722,27992.17434303835
39723,23367.413331084506
39724,12468.112945030878
39725,3174.6419201466115
39726,22973.67625699235
39727,24568.256019490742
39728,21186.89912416983
39729,5064.908666829476
39730,28373.514197930086
39731,55657.07622784659
39732,9359.04410352299
39733,22653.813539594747
39734,13356.460320061937
39735,41668.11725475748
39736,18543.54510853526
39737,55314.68791180748
39738,44656.50668800664
39739,10152.558626882952
39740,9829.42916396913
39741,28452.303320012867
39742,29534.734932996584
39743,3375.1858536327304
39744,24870.890747886482
39745,7812.364732869062
39746,17710.48011257349
39747,47207.887506263476
39748,8018.202870611506
39749,26266.518628368154
39750,18515.26205616718
39751,21119.644866357852
39752,6778.952445168663
39753,27019.62451986844
39754,53410.98824069113
39755,28713.72622891339
39756,12692.241050976367
39757,19319.23734955893
39758,14091.798118897115
39759,15942.449787133346
39760,48626.764944111346
39761,6502.162732212942
39762,34684.30235602718
39763,46664.14749957265
39764,22869.952895338745
39765,17754.199345337187
39766,26910.8260574244
39767,10276.973184197894
39768,34434.17429382494
39769,25451.236840016332
39770,20169.110449091466
39771,30765.21095915566
39772,3473.2314226511635
39773,24104.271330407264
39774,21118.67498679291
39775,18881.928446968144
39776,29209.12241848448
39777,5217.51603524554
39778,20162.647399917434
39779,43977.09555203581
39780,23086.176646378713
39781,19685.36406597014
39782,12704.464568115498
39783,24343.030073638867
39784,29855.542331492703
39785,2356.819204362428
39786,12883.3223870839
39787,60489.826331424214
39788,56834.90950518013
39789,19623.942062481987
39790,24366.33843812652
39791,16106.108422766092
39792,2800.630322226597
39793,41923.716458931936
39794,23053.24338809083
39795,38918.17647642636
39796,58122.25417043341
39797,11167.728180210894
39798,25502.524848526227
39799,24491.691588052367
39800,28703.593618861145
39801,3374.2395502839295
39802,33895.444587126054
39803,2670.0236408226815
39804,22593.731710151424
39805,20827.615533177843
39806,14037.870235022243
39807,5497.5818901097555
39808,51179.21076499532
39809,14735.038472705162
39810,61515.89498141302
39811,13550.169184871458
39812,35612.401282500636
39813,9970.886712515954
39814,11754.501803958163
39815,19788.44912944943
39816,17796.206068910815
39817,17458.98955031611
39818,119585.40157197717
39819,17769.952842174956
39820,20457.159122192694
39821,51573.565287819845
39822,27553.74394823826
39823,86281.30926971948
39824,28282.17718654767
39825,19129.77356841633
39826,29057.936324858845
39827,38188.525750324865
39828,19391.411643220083
39829,1767.0626713668023
39830,85349.90833543014
39831,18511.222251981217
39832,28286.029614152307
39833,12153.889015800723
39834,15470.617897354565
39835,18943.39397820647
39836,48982.29109347698
39837,7968.736698919339
39838,39775.59027992816
39839,53553.21022462807
39840,7263.209816881284
39841,8637.817781416526
39842,21694.400812907934
39843,4646.470616106778
39844,17468.98945601258
39845,23062.977791340065
39846,18280.379464131223
39847,63270.5390238747
39848,26786.779705837722
39849,1395.329235343384
39850,7984.237366189631
39851,9945.254751764503
39852,13082.56984294646
39853,12327.793435085137
39854,30092.75538543617
39855,69614.39564768359
39856,40287.45109020077
39857,19190.541469776035
39858,20851.365648396215
39859,46768.54919373815
39860,18718.526381052627
39861,31011.078298941575
39862,27852.883242399766
39863,15966.298338851168
39864,4562.499714156764
39865,35404.41248040187
39866,26589.356908880145
39867,24660.66871127059
39868,12658.616295937562
39869,22558.103703062457
39870,23589.683913651577
39871,2965.0295249870833
39872,26677.257600251814
39873,4306.455452059052
39874,27095.089403323098
39875,62526.91692373357
39876,2596.241984118933
39877,15575.828348410938
39878,6095.303683288325
39879,4048.7655190990763
39880,41818.108406144376
39881,16447.54935605756
39882,52198.058770441574
39883,11425.97595454273
39884,30493.437725398762
39885,7973.481417923429
39886,18133.912546798878
39887,17578.298182853236
39888,2391.1833897427578
39889,16938.273667851645
39890,3468.739324095193
39891,18362.993788461965
39892,20224.724236948954
39893,27732.863442591548
39894,32870.69784811072
39895,28225.64742181418
39896,9679.513160581677
39897,19961.751145268736
39898,25553.64449213398
39899,20997.086286729816
39900,1954.7907041308822
39901,4541.109264973868
39902,4823.005309479265
39903,7525.2426972333105
39904,25688.442129639465
39905,15821.918735373938
39906,7554.844664217282
39907,43605.58347457194
39908,7284.411984578618
39909,66186.80211264861
39910,29825.21174358801
39911,11603.873143463554
39912,2534.2066982636607
39913,52433.98820990271
39914,8710.202102750352
39915,36194.18059462381
39916,73401.39862335607
39917,36256.32747714226
39918,34740.93026269412
39919,32595.513797021376
39920,12748.841788028754
39921,19001.233230863145
39922,4043.251849786977
39923,20033.987375667217
39924,14129.513820556445
39925,29659.820600212603
39926,12146.591739471221
39927,57231.14021626363
39928,12836.98856588624
39929,7602.136843743776
39930,9724.32070198388
39931,18728.766215519943
39932,14533.504260027305
39933,27063.759303752657
39934,13893.854277765357
39935,16618.4204908467
39936,17753.058804129563
39937,24039.403833928423
39938,14379.544419782684
39939,5308.062701431449
39940,3922.0128059892563
39941,17105.2959435037
39942,2808.5633298359926
39943,11869.462769753474
39944,13405.920159116802
39945,12283.94188005752
39946,89816.16040706716
39947,5478.34222125454
39948,59685.48499618247
39949,28569.081366334838
39950,26080.313334793685
39951,19382.435177040275
39952,7248.108705366999
39953,36041.00439198437
39954,30458.69237410702
39955,20711.350150393413
39956,13634.365828377844
39957,17936.582683633245
39958,31478.80907260464
39959,55003.964268206095
39960,35687.61794970151
39961,16730.18617238759
39962,10788.940192087517
39963,6764.801893455923
39964,21613.782728646835
39965,11773.614298021343
39966,14176.703812160233
39967,31208.683848158107
39968,23701.749261477948
39969,20034.59327070157
39970,12376.662211922203
39971,15732.936059982323
39972,19515.318130911775
39973,43609.59992127735
39974,25913.76936591201
39975,7595.504590435858
39976,13246.366306298254
39977,13652.503929687213
39978,31150.92185175095
39979,28045.82065122757
39980,16917.884280235947
39981,45854.97064791417
39982,19965.03362905936
39983,38289.18762389381
39984,40447.58640781103
39985,60652.07582743067
39986,33286.184027176576
39987,4694.126185217697
39988,2954.2798703163367
39989,6648.011101276667
39990,42512.905722896205
39991,25843.26277563559
39992,28020.489432236773
39993,49507.65110832351
39994,43442.75263503708
39995,7086.551382541824
39996,56641.5681442634
39997,23652.705965476234
39998,12153.503590461401
39999,12914.442623786535
